scenario_id,background_type,background_level,gradient_x,gradient_y,snr_db,filter_method,num_trials,p_detection,p_detection_ci_low,p_detection_ci_high,p_false_alarm,p_false_alarm_ci_low,p_false_alarm_ci_high,mean_false_candidates,std_false_candidates,beacon_retention_rate,candidate_retention_rate,candidate_rejection_rate,rmse_radial_px,rmse_ci_low,rmse_ci_high,mean_raw_component_count,mean_candidate_count,threshold_latency_ms,extraction_latency_ms,filter_latency_ms,localization_latency_ms,mean_total_latency_ms,fps
factorial_snr30_bg0,uniform,0.0,0.0,0.0,30.0,none,50,0.02,0.003539259271646236,0.10495443589637815,0.0,0.0,0.07134759913335872,0.0,0.0,0.02,1.0,0.0,0.7071067811865476,,,0.02,0.02,3.9203860075213015,9.04480600496754,0.00307601410895586,0.0018239999189972878,12.970092026516795,77.10045525934149
factorial_snr30_bg0,uniform,0.0,0.0,0.0,30.0,min_area,50,0.0,0.0,0.07134759913335872,0.0,0.0,0.07134759913335872,0.0,0.0,0.0,0.98,0.02,,,,0.02,0.0,3.9203860075213015,9.04480600496754,0.003885990008711815,0.0,12.969078002497554,77.10648357635156
factorial_snr30_bg0,uniform,0.0,0.0,0.0,30.0,max_area,50,0.02,0.003539259271646236,0.10495443589637815,0.0,0.0,0.07134759913335872,0.0,0.0,0.02,1.0,0.0,0.7071067811865476,,,0.02,0.02,3.9203860075213015,9.04480600496754,0.0017180084250867367,0.000342000275850296,12.967252021189779,77.1173413122457
factorial_snr30_bg0,uniform,0.0,0.0,0.0,30.0,aspect_ratio,50,0.02,0.003539259271646236,0.10495443589637815,0.0,0.0,0.07134759913335872,0.0,0.0,0.02,1.0,0.0,0.7071067811865476,,,0.02,0.02,3.9203860075213015,9.04480600496754,0.0017600017599761486,0.00023799948394298553,12.967190013732761,77.11771007758512
factorial_snr30_bg0,uniform,0.0,0.0,0.0,30.0,circularity,50,0.02,0.003539259271646236,0.10495443589637815,0.0,0.0,0.07134759913335872,0.0,0.0,0.02,1.0,0.0,0.7071067811865476,,,0.02,0.02,3.9203860075213015,9.04480600496754,0.001437996979802847,0.00021399930119514465,12.96684400876984,77.11976787286652
factorial_snr30_bg0,uniform,0.0,0.0,0.0,30.0,peak_intensity,50,0.0,0.0,0.07134759913335872,0.0,0.0,0.07134759913335872,0.0,0.0,0.0,0.98,0.02,,,,0.02,0.0,3.9203860075213015,9.04480600496754,0.0014439970254898071,0.0,12.966636009514332,77.12100495967074
factorial_snr30_bg0,uniform,0.0,0.0,0.0,30.0,combined,50,0.0,0.0,0.07134759913335872,0.0,0.0,0.07134759913335872,0.0,0.0,0.0,0.98,0.02,,,,0.02,0.0,3.9203860075213015,9.04480600496754,0.0020740018226206303,0.0,12.967266014311463,77.11725809406079
factorial_snr30_bg50,uniform,50.0,0.0,0.0,30.0,none,50,1.0,0.9286524008666414,1.0,0.0,0.0,0.07134759913335872,0.0,0.0,1.0,1.0,0.0,0.11413736001958706,0.0991169260275782,0.12828085832464456,1.0,1.0,3.8597939908504486,124.1600039973855,0.0020859926007688046,0.13426000252366066,128.15614398336038,7.8029813391532645
factorial_snr30_bg50,uniform,50.0,0.0,0.0,30.0,min_area,50,1.0,0.9286524008666414,1.0,0.0,0.0,0.07134759913335872,0.0,0.0,1.0,1.0,0.0,0.11413736001958706,0.0991169260275782,0.12828085832464456,1.0,1.0,3.8597939908504486,124.1600039973855,0.0029680016450583935,0.0717519992031157,128.09451798908412,7.806735336520938
factorial_snr30_bg50,uniform,50.0,0.0,0.0,30.0,max_area,50,1.0,0.9286524008666414,1.0,0.0,0.0,0.07134759913335872,0.0,0.0,1.0,1.0,0.0,0.11413736001958706,0.0991169260275782,0.12828085832464456,1.0,1.0,3.8597939908504486,124.1600039973855,0.0023319991305470467,0.06192800356075168,128.08405799092725,7.807372874388742
factorial_snr30_bg50,uniform,50.0,0.0,0.0,30.0,aspect_ratio,50,1.0,0.9286524008666414,1.0,0.0,0.0,0.07134759913335872,0.0,0.0,1.0,1.0,0.0,0.11413736001958706,0.0991169260275782,0.12828085832464456,1.0,1.0,3.8597939908504486,124.1600039973855,0.0024959957227110863,0.05637800320982933,128.0786719871685,7.807701192437291
factorial_snr30_bg50,uniform,50.0,0.0,0.0,30.0,circularity,50,1.0,0.9286524008666414,1.0,0.0,0.0,0.07134759913335872,0.0,0.0,1.0,1.0,0.0,0.11413736001958706,0.0991169260275782,0.12828085832464456,1.0,1.0,3.8597939908504486,124.1600039973855,0.0020460039377212524,0.056852002162486315,128.07869599433616,7.807699728955872
factorial_snr30_bg50,uniform,50.0,0.0,0.0,30.0,peak_intensity,50,1.0,0.9286524008666414,1.0,0.0,0.0,0.07134759913335872,0.0,0.0,1.0,1.0,0.0,0.11413736001958706,0.0991169260275782,0.12828085832464456,1.0,1.0,3.8597939908504486,124.1600039973855,0.0019080028869211674,0.05805200198665261,128.07975799310952,7.807634989861539
factorial_snr30_bg50,uniform,50.0,0.0,0.0,30.0,combined,50,1.0,0.9286524008666414,1.0,0.0,0.0,0.07134759913335872,0.0,0.0,1.0,1.0,0.0,0.11413736001958706,0.0991169260275782,0.12828085832464456,1.0,1.0,3.8597939908504486,124.1600039973855,0.0029879994690418243,0.05425199633464217,128.07703798403963,7.807800802862222
factorial_snr30_bg100,uniform,100.0,0.0,0.0,30.0,none,50,1.0,0.9286524008666414,1.0,0.0,0.0,0.07134759913335872,0.0,0.0,1.0,1.0,0.0,0.05101553208823228,0.043481192749524694,0.05860645238460633,1.0,1.0,3.921436001546681,126.66574600385502,0.0019839988090097904,0.13803400099277496,130.72720000520349,7.649517468133609
factorial_snr30_bg100,uniform,100.0,0.0,0.0,30.0,min_area,50,1.0,0.9286524008666414,1.0,0.0,0.0,0.07134759913335872,0.0,0.0,1.0,1.0,0.0,0.05101553208823228,0.043481192749524694,0.05860645238460633,1.0,1.0,3.921436001546681,126.66574600385502,0.0028199958615005016,0.06267999531701207,130.6526819965802,7.653880385143373
factorial_snr30_bg100,uniform,100.0,0.0,0.0,30.0,max_area,50,1.0,0.9286524008666414,1.0,0.0,0.0,0.07134759913335872,0.0,0.0,1.0,1.0,0.0,0.05101553208823228,0.043481192749524694,0.05860645238460633,1.0,1.0,3.921436001546681,126.66574600385502,0.0024079903960227966,0.05772000178694725,130.64730999758467,7.654195099910495
factorial_snr30_bg100,uniform,100.0,0.0,0.0,30.0,aspect_ratio,50,1.0,0.9286524008666414,1.0,0.0,0.0,0.07134759913335872,0.0,0.0,1.0,1.0,0.0,0.05101553208823228,0.043481192749524694,0.05860645238460633,1.0,1.0,3.921436001546681,126.66574600385502,0.0020159874111413956,0.053608010057359934,130.6428060028702,7.6544589832067
factorial_snr30_bg100,uniform,100.0,0.0,0.0,30.0,circularity,50,1.0,0.9286524008666414,1.0,0.0,0.0,0.07134759913335872,0.0,0.0,1.0,1.0,0.0,0.05101553208823228,0.043481192749524694,0.05860645238460633,1.0,1.0,3.921436001546681,126.66574600385502,0.0018459954299032688,0.05126399686560035,130.6402919976972,7.654606283470547
factorial_snr30_bg100,uniform,100.0,0.0,0.0,30.0,peak_intensity,50,1.0,0.9286524008666414,1.0,0.0,0.0,0.07134759913335872,0.0,0.0,1.0,1.0,0.0,0.05101553208823228,0.043481192749524694,0.05860645238460633,1.0,1.0,3.921436001546681,126.66574600385502,0.001680005807429552,0.05259999539703131,130.64146200660616,7.654537729755603
factorial_snr30_bg100,uniform,100.0,0.0,0.0,30.0,combined,50,1.0,0.9286524008666414,1.0,0.0,0.0,0.07134759913335872,0.0,0.0,1.0,1.0,0.0,0.05101553208823228,0.043481192749524694,0.05860645238460633,1.0,1.0,3.921436001546681,126.66574600385502,0.0028999987989664078,0.06386199267581105,130.65394399687648,7.653806455501312
factorial_snr30_bg200,uniform,200.0,0.0,0.0,30.0,none,50,1.0,0.9286524008666414,1.0,0.0,0.0,0.07134759913335872,0.0,0.0,1.0,1.0,0.0,0.7307711109599743,0.7080906634728723,0.7530407883686797,1.0,1.0,5.434162002056837,173.50906199542806,0.00222198897972703,48.13510600477457,227.0805519912392,4.403723662071159
factorial_snr30_bg200,uniform,200.0,0.0,0.0,30.0,min_area,50,1.0,0.9286524008666414,1.0,0.0,0.0,0.07134759913335872,0.0,0.0,1.0,1.0,0.0,0.7307711109599743,0.7080906634728723,0.7530407883686797,1.0,1.0,5.434162002056837,173.50906199542806,0.008651986718177795,49.42880399292335,228.38067997712642,4.378654096748269
factorial_snr30_bg200,uniform,200.0,0.0,0.0,30.0,max_area,50,0.0,0.0,0.07134759913335872,0.0,0.0,0.07134759913335872,0.0,0.0,0.0,0.0,1.0,,,,1.0,0.0,5.434162002056837,173.50906199542806,0.008655991405248642,0.0,178.95187998889014,5.588094408743194
factorial_snr30_bg200,uniform,200.0,0.0,0.0,30.0,aspect_ratio,50,1.0,0.9286524008666414,1.0,0.0,0.0,0.07134759913335872,0.0,0.0,1.0,1.0,0.0,0.7307711109599743,0.7080906634728723,0.7530407883686797,1.0,1.0,5.434162002056837,173.50906199542806,0.0035339989699423313,49.134179996326566,228.0809379927814,4.384408485866755
factorial_snr30_bg200,uniform,200.0,0.0,0.0,30.0,circularity,50,1.0,0.9286524008666414,1.0,0.0,0.0,0.07134759913335872,0.0,0.0,1.0,1.0,0.0,0.7307711109599743,0.7080906634728723,0.7530407883686797,1.0,1.0,5.434162002056837,173.50906199542806,0.008610014338046312,48.55351600097492,227.50535001279786,4.395501028629643
factorial_snr30_bg200,uniform,200.0,0.0,0.0,30.0,peak_intensity,50,1.0,0.9286524008666414,1.0,0.0,0.0,0.07134759913335872,0.0,0.0,1.0,1.0,0.0,0.7307711109599743,0.7080906634728723,0.7530407883686797,1.0,1.0,5.434162002056837,173.50906199542806,0.008995987009257078,49.601348005235195,228.55356798972934,4.375341889411841
factorial_snr30_bg200,uniform,200.0,0.0,0.0,30.0,combined,50,0.0,0.0,0.07134759913335872,0.0,0.0,0.07134759913335872,0.0,0.0,0.0,0.0,1.0,,,,1.0,0.0,5.434162002056837,173.50906199542806,0.006681995000690222,0.0,178.94990599248558,5.588156051012353
factorial_snr30_bg500,uniform,500.0,0.0,0.0,30.0,none,50,1.0,0.9286524008666414,1.0,0.0,0.0,0.07134759913335872,0.0,0.0,1.0,1.0,0.0,0.0,0.0,0.0,1.0,1.0,5.85876201512292,113.95177999744192,0.0022259890101850033,22.023728000931442,141.83649600250646,7.050371577018714
factorial_snr30_bg500,uniform,500.0,0.0,0.0,30.0,min_area,50,1.0,0.9286524008666414,1.0,0.0,0.0,0.07134759913335872,0.0,0.0,1.0,1.0,0.0,0.0,0.0,0.0,1.0,1.0,5.85876201512292,113.95177999744192,0.008218009024858475,22.222707991022617,142.0414680126123,7.04019758449136
factorial_snr30_bg500,uniform,500.0,0.0,0.0,30.0,max_area,50,0.0,0.0,0.07134759913335872,0.0,0.0,0.07134759913335872,0.0,0.0,0.0,0.0,1.0,,,,1.0,0.0,5.85876201512292,113.95177999744192,0.007517992053180933,0.0,119.81806000461802,8.345987240666876
factorial_snr30_bg500,uniform,500.0,0.0,0.0,30.0,aspect_ratio,50,1.0,0.9286524008666414,1.0,0.0,0.0,0.07134759913335872,0.0,0.0,1.0,1.0,0.0,0.0,0.0,0.0,1.0,1.0,5.85876201512292,113.95177999744192,0.00359200406819582,22.549838002305478,142.3639720189385,7.0242490836584075
factorial_snr30_bg500,uniform,500.0,0.0,0.0,30.0,circularity,50,1.0,0.9286524008666414,1.0,0.0,0.0,0.07134759913335872,0.0,0.0,1.0,1.0,0.0,0.0,0.0,0.0,1.0,1.0,5.85876201512292,113.95177999744192,0.007664009463042021,22.62408800655976,142.44229402858764,7.020386794664398
factorial_snr30_bg500,uniform,500.0,0.0,0.0,30.0,peak_intensity,50,1.0,0.9286524008666414,1.0,0.0,0.0,0.07134759913335872,0.0,0.0,1.0,1.0,0.0,0.0,0.0,0.0,1.0,1.0,5.85876201512292,113.95177999744192,0.008139992132782936,22.43560799397528,142.2542899986729,7.029664975371421
factorial_snr30_bg500,uniform,500.0,0.0,0.0,30.0,combined,50,0.0,0.0,0.07134759913335872,0.0,0.0,0.07134759913335872,0.0,0.0,0.0,0.0,1.0,,,,1.0,0.0,5.85876201512292,113.95177999744192,0.0059999991208314896,0.0,119.81654201168567,8.34609297856777
factorial_snr20_bg0,uniform,0.0,0.0,0.0,20.0,none,50,0.34,0.2243694922250009,0.478461739497674,0.0,0.0,0.07134759913335872,0.0,0.0,0.34,1.0,0.0,0.9074852129730301,0.6859943405700354,1.1114378604524227,0.34,0.34,4.104981985874474,51.436962008010596,0.002835993655025959,0.02201199298724532,55.56679198052734,17.996360134492505
factorial_snr20_bg0,uniform,0.0,0.0,0.0,20.0,min_area,50,0.0,0.0,0.07134759913335872,0.0,0.0,0.07134759913335872,0.0,0.0,0.0,0.66,0.34,,,,0.34,0.0,4.104981985874474,51.436962008010596,0.0036439974792301655,0.0,55.5455879913643,18.003230070324765
factorial_snr20_bg0,uniform,0.0,0.0,0.0,20.0,max_area,50,0.34,0.2243694922250009,0.478461739497674,0.0,0.0,0.07134759913335872,0.0,0.0,0.34,1.0,0.0,0.9074852129730301,0.6859943405700354,1.1114378604524227,0.34,0.34,4.104981985874474,51.436962008010596,0.0020720111206173897,0.009011994116008282,55.553027999121696,18.00081896554424
factorial_snr20_bg0,uniform,0.0,0.0,0.0,20.0,aspect_ratio,50,0.34,0.2243694922250009,0.478461739497674,0.0,0.0,0.07134759913335872,0.0,0.0,0.34,1.0,0.0,0.9074852129730301,0.6859943405700354,1.1114378604524227,0.34,0.34,4.104981985874474,51.436962008010596,0.0021299999207258224,0.008964003063738346,55.553037996869534,18.000815725979756
factorial_snr20_bg0,uniform,0.0,0.0,0.0,20.0,circularity,50,0.34,0.2243694922250009,0.478461739497674,0.0,0.0,0.07134759913335872,0.0,0.0,0.34,1.0,0.0,0.9074852129730301,0.6859943405700354,1.1114378604524227,0.34,0.34,4.104981985874474,51.436962008010596,0.0019659986719489098,0.0075540016405284405,55.55146399419755,18.001325763519965
factorial_snr20_bg0,uniform,0.0,0.0,0.0,20.0,peak_intensity,50,0.06,0.02061497034897397,0.16217091688838173,0.0,0.0,0.07134759913335872,0.0,0.0,0.06,0.72,0.28,0.7071067811865476,0.0,1.0,0.34,0.06,4.104981985874474,51.436962008010596,0.0024880049750208855,0.002654001582413912,55.547086000442505,18.002744554269395
factorial_snr20_bg0,uniform,0.0,0.0,0.0,20.0,combined,50,0.0,0.0,0.07134759913335872,0.0,0.0,0.07134759913335872,0.0,0.0,0.0,0.66,0.34,,,,0.34,0.0,4.104981985874474,51.436962008010596,0.002464011777192354,0.0,55.54440800566226,18.00361253104109
factorial_snr20_bg50,uniform,50.0,0.0,0.0,20.0,none,50,1.0,0.9286524008666414,1.0,0.0,0.0,0.07134759913335872,0.0,0.0,1.0,1.0,0.0,0.21326814038722264,0.18928623852669016,0.23643651205856936,1.0,1.0,3.5974260047078133,135.6082179956138,0.0016580009832978249,0.10680000530555844,139.31410200661048,7.178024231549436
factorial_snr20_bg50,uniform,50.0,0.0,0.0,20.0,min_area,50,1.0,0.9286524008666414,1.0,0.0,0.0,0.07134759913335872,0.0,0.0,1.0,1.0,0.0,0.21326814038722264,0.18928623852669016,0.23643651205856936,1.0,1.0,3.5974260047078133,135.6082179956138,0.0023780064657330513,0.05290399072691798,139.26092599751428,7.180765120130318
factorial_snr20_bg50,uniform,50.0,0.0,0.0,20.0,max_area,50,1.0,0.9286524008666414,1.0,0.0,0.0,0.07134759913335872,0.0,0.0,1.0,1.0,0.0,0.21326814038722264,0.18928623852669016,0.23643651205856936,1.0,1.0,3.5974260047078133,135.6082179956138,0.0019399961456656456,0.04648999311029911,139.2540739895776,7.181118450256935
factorial_snr20_bg50,uniform,50.0,0.0,0.0,20.0,aspect_ratio,50,1.0,0.9286524008666414,1.0,0.0,0.0,0.07134759913335872,0.0,0.0,1.0,1.0,0.0,0.21326814038722264,0.18928623852669016,0.23643651205856936,1.0,1.0,3.5974260047078133,135.6082179956138,0.0017340038903057575,0.044494003523141146,139.25187200773507,7.181232004869943
factorial_snr20_bg50,uniform,50.0,0.0,0.0,20.0,circularity,50,1.0,0.9286524008666414,1.0,0.0,0.0,0.07134759913335872,0.0,0.0,1.0,1.0,0.0,0.21326814038722264,0.18928623852669016,0.23643651205856936,1.0,1.0,3.5974260047078133,135.6082179956138,0.0015480024740099907,0.04333400633186102,139.2505260091275,7.181301418814408
factorial_snr20_bg50,uniform,50.0,0.0,0.0,20.0,peak_intensity,50,1.0,0.9286524008666414,1.0,0.0,0.0,0.07134759913335872,0.0,0.0,1.0,1.0,0.0,0.21326814038722264,0.18928623852669016,0.23643651205856936,1.0,1.0,3.5974260047078133,135.6082179956138,0.0015640025958418846,0.04589799093082547,139.2531059938483,7.181168368655105
factorial_snr20_bg50,uniform,50.0,0.0,0.0,20.0,combined,50,1.0,0.9286524008666414,1.0,0.0,0.0,0.07134759913335872,0.0,0.0,1.0,1.0,0.0,0.21326814038722264,0.18928623852669016,0.23643651205856936,1.0,1.0,3.5974260047078133,135.6082179956138,0.0026919948868453503,0.04483400844037533,139.25317000364885,7.181165067723751
factorial_snr20_bg100,uniform,100.0,0.0,0.0,20.0,none,50,1.0,0.9286524008666414,1.0,1.0,0.9286524008666414,1.0,57.66,7.150310397144322,1.0,1.0,0.0,0.23843759702865924,0.21288804641222417,0.2648260979595543,58.7,58.7,3.60200600232929,136.18688399204984,0.002017994411289692,0.11409199563786387,139.9049999844283,7.1477073736557095
factorial_snr20_bg100,uniform,100.0,0.0,0.0,20.0,min_area,50,1.0,0.9286524008666414,1.0,0.0,0.0,0.07134759913335872,0.0,0.0,1.0,0.017281123231288678,0.9827188767687113,0.23843759702865924,0.21288804641222417,0.2648260979595543,58.7,1.0,3.60200600232929,136.18688399204984,0.005145994946360588,0.05687199765816331,139.85090798698366,7.150471987590334
factorial_snr20_bg100,uniform,100.0,0.0,0.0,20.0,max_area,50,1.0,0.9286524008666414,1.0,1.0,0.9286524008666414,1.0,57.66,7.150310397144322,1.0,1.0,0.0,0.23843759702865924,0.21288804641222417,0.2648260979595543,58.7,58.7,3.60200600232929,136.18688399204984,0.005597996059805155,0.05018600029870868,139.84467399073765,7.150790741349457
factorial_snr20_bg100,uniform,100.0,0.0,0.0,20.0,aspect_ratio,50,1.0,0.9286524008666414,1.0,1.0,0.9286524008666414,1.0,57.66,7.150310397144322,1.0,1.0,0.0,0.23843759702865924,0.21288804641222417,0.2648260979595543,58.7,58.7,3.60200600232929,136.18688399204984,0.006358006503432989,0.0467779953032732,139.84202599618584,7.150926145958975
factorial_snr20_bg100,uniform,100.0,0.0,0.0,20.0,circularity,50,1.0,0.9286524008666414,1.0,1.0,0.9286524008666414,1.0,57.66,7.150310397144322,1.0,1.0,0.0,0.23843759702865924,0.21288804641222417,0.2648260979595543,58.7,58.7,3.60200600232929,136.18688399204984,0.005403987597674131,0.048514006193727255,139.84280798817053,7.150886158440062
factorial_snr20_bg100,uniform,100.0,0.0,0.0,20.0,peak_intensity,50,1.0,0.9286524008666414,1.0,0.1,0.04347576493189041,0.21360231437479654,0.12,0.38544964466377263,1.0,0.019230915818772877,0.9807690841812271,0.23843759702865924,0.21288804641222417,0.2648260979595543,58.7,1.12,3.60200600232929,136.18688399204984,0.0044980039820075035,0.04562800517305732,139.8390160035342,7.1510800674879365
factorial_snr20_bg100,uniform,100.0,0.0,0.0,20.0,combined,50,1.0,0.9286524008666414,1.0,0.0,0.0,0.07134759913335872,0.0,0.0,1.0,0.017281123231288678,0.9827188767687113,0.23843759702865924,0.21288804641222417,0.2648260979595543,58.7,1.0,3.60200600232929,136.18688399204984,0.005230004899203777,0.05041201366111636,139.84453201293945,7.150798001222333
factorial_snr20_bg200,uniform,200.0,0.0,0.0,20.0,none,50,1.0,0.9286524008666414,1.0,0.0,0.0,0.07134759913335872,0.0,0.0,1.0,1.0,0.0,0.712898361361851,0.6964915191523467,0.729433137116504,1.0,1.0,3.789393992628902,147.44908000109717,0.002109999768435955,37.17600199626759,188.4165859897621,5.307388384875717
factorial_snr20_bg200,uniform,200.0,0.0,0.0,20.0,min_area,50,1.0,0.9286524008666414,1.0,0.0,0.0,0.07134759913335872,0.0,0.0,1.0,1.0,0.0,0.712898361361851,0.6964915191523467,0.729433137116504,1.0,1.0,3.789393992628902,147.44908000109717,0.00819000881165266,38.72025199001655,189.96691599255428,5.264074508843397
factorial_snr20_bg200,uniform,200.0,0.0,0.0,20.0,max_area,50,0.0,0.0,0.07134759913335872,0.0,0.0,0.07134759913335872,0.0,0.0,0.0,0.0,1.0,,,,1.0,0.0,3.789393992628902,147.44908000109717,0.007191987242549658,0.0,151.24566598096862,6.611759705734847
factorial_snr20_bg200,uniform,200.0,0.0,0.0,20.0,aspect_ratio,50,1.0,0.9286524008666414,1.0,0.0,0.0,0.07134759913335872,0.0,0.0,1.0,1.0,0.0,0.712898361361851,0.6964915191523467,0.729433137116504,1.0,1.0,3.789393992628902,147.44908000109717,0.0027800071984529495,39.15823001181707,190.3994840127416,5.252115073657866
factorial_snr20_bg200,uniform,200.0,0.0,0.0,20.0,circularity,50,1.0,0.9286524008666414,1.0,0.0,0.0,0.07134759913335872,0.0,0.0,1.0,1.0,0.0,0.712898361361851,0.6964915191523467,0.729433137116504,1.0,1.0,3.789393992628902,147.44908000109717,0.008114001248031855,39.03525199741125,190.28183999238536,5.255362256534926
factorial_snr20_bg200,uniform,200.0,0.0,0.0,20.0,peak_intensity,50,1.0,0.9286524008666414,1.0,0.0,0.0,0.07134759913335872,0.0,0.0,1.0,1.0,0.0,0.712898361361851,0.6964915191523467,0.729433137116504,1.0,1.0,3.789393992628902,147.44908000109717,0.008055996149778366,38.861333997920156,190.107863987796,5.260171667933711
factorial_snr20_bg200,uniform,200.0,0.0,0.0,20.0,combined,50,0.0,0.0,0.07134759913335872,0.0,0.0,0.07134759913335872,0.0,0.0,0.0,0.0,1.0,,,,1.0,0.0,3.789393992628902,147.44908000109717,0.006285998970270157,0.0,151.24475999269634,6.611799311581375
factorial_snr20_bg500,uniform,500.0,0.0,0.0,20.0,none,50,1.0,0.9286524008666414,1.0,0.0,0.0,0.07134759913335872,0.0,0.0,1.0,1.0,0.0,0.0,0.0,0.0,1.0,1.0,3.6246199999004602,76.92382800858468,0.0018280022777616978,15.05569800036028,95.60597401112318,10.459597429378796
factorial_snr20_bg500,uniform,500.0,0.0,0.0,20.0,min_area,50,1.0,0.9286524008666414,1.0,0.0,0.0,0.07134759913335872,0.0,0.0,1.0,1.0,0.0,0.0,0.0,0.0,1.0,1.0,3.6246199999004602,76.92382800858468,0.007050011772662401,14.821737993042916,95.37723601330072,10.48468210863802
factorial_snr20_bg500,uniform,500.0,0.0,0.0,20.0,max_area,50,0.0,0.0,0.07134759913335872,0.0,0.0,0.07134759913335872,0.0,0.0,0.0,0.0,1.0,,,,1.0,0.0,3.6246199999004602,76.92382800858468,0.006613994482904673,0.0,80.55506200296804,12.41386916148305
factorial_snr20_bg500,uniform,500.0,0.0,0.0,20.0,aspect_ratio,50,1.0,0.9286524008666414,1.0,0.0,0.0,0.07134759913335872,0.0,0.0,1.0,1.0,0.0,0.0,0.0,0.0,1.0,1.0,3.6246199999004602,76.92382800858468,0.0028039957396686077,14.683589991182089,95.2348419954069,10.500358682258634
factorial_snr20_bg500,uniform,500.0,0.0,0.0,20.0,circularity,50,1.0,0.9286524008666414,1.0,0.0,0.0,0.07134759913335872,0.0,0.0,1.0,1.0,0.0,0.0,0.0,0.0,1.0,1.0,3.6246199999004602,76.92382800858468,0.006681999657303095,14.572860000189394,95.12799000833184,10.51215315190003
factorial_snr20_bg500,uniform,500.0,0.0,0.0,20.0,peak_intensity,50,1.0,0.9286524008666414,1.0,0.0,0.0,0.07134759913335872,0.0,0.0,1.0,1.0,0.0,0.0,0.0,0.0,1.0,1.0,3.6246199999004602,76.92382800858468,0.007273992523550987,14.574291994795203,95.13001399580389,10.511929495186548
factorial_snr20_bg500,uniform,500.0,0.0,0.0,20.0,combined,50,0.0,0.0,0.07134759913335872,0.0,0.0,0.07134759913335872,0.0,0.0,0.0,0.0,1.0,,,,1.0,0.0,3.6246199999004602,76.92382800858468,0.004914002493023872,0.0,80.55336201097816,12.414131142828225
factorial_snr15_bg0,uniform,0.0,0.0,0.0,15.0,none,50,0.62,0.4815044693099298,0.7413721068980641,0.0,0.0,0.07134759913335872,0.0,0.0,0.62,1.0,0.0,1.1163281927133728,0.9412911227917746,1.2739313454062287,0.68,0.68,3.7017939961515367,74.10855399444699,0.002339992206543684,0.03553199581801891,77.84821997862309,12.845508866800001
factorial_snr15_bg0,uniform,0.0,0.0,0.0,15.0,min_area,50,0.06,0.02061497034897397,0.16217091688838173,0.0,0.0,0.07134759913335872,0.0,0.0,0.06,0.44,0.56,0.6142333023772703,0.2831931208423011,0.8986148677578505,0.68,0.06,3.7017939961515367,74.10855399444699,0.0031660031527280807,0.0030880002304911613,77.81660199398175,12.850728178510531
factorial_snr15_bg0,uniform,0.0,0.0,0.0,15.0,max_area,50,0.62,0.4815044693099298,0.7413721068980641,0.0,0.0,0.07134759913335872,0.0,0.0,0.62,1.0,0.0,1.1163281927133728,0.9412911227917746,1.2739313454062287,0.68,0.68,3.7017939961515367,74.10855399444699,0.0017220084555447102,0.017148004844784737,77.82921800389886,12.84864509302798
factorial_snr15_bg0,uniform,0.0,0.0,0.0,15.0,aspect_ratio,50,0.62,0.4815044693099298,0.7413721068980641,0.0,0.0,0.07134759913335872,0.0,0.0,0.62,1.0,0.0,1.1163281927133728,0.9412911227917746,1.2739313454062287,0.68,0.68,3.7017939961515367,74.10855399444699,0.0018360046669840813,0.01300598494708538,77.8251899802126,12.849310104533693
factorial_snr15_bg0,uniform,0.0,0.0,0.0,15.0,circularity,50,0.62,0.4815044693099298,0.7413721068980641,0.0,0.0,0.07134759913335872,0.0,0.0,0.62,1.0,0.0,1.1163281927133728,0.9412911227917746,1.2739313454062287,0.68,0.68,3.7017939961515367,74.10855399444699,0.0016440078616142273,0.011872004251927137,77.82386400271207,12.849529033474246
factorial_snr15_bg0,uniform,0.0,0.0,0.0,15.0,peak_intensity,50,0.32,0.20758216260656845,0.45810297308144077,0.0,0.0,0.07134759913335872,0.0,0.0,0.32,0.69,0.31,1.1355573424878163,0.8856517074210017,1.3851543344376542,0.68,0.32,3.7017939961515367,74.10855399444699,0.0015680072829127312,0.006333999335765839,77.81824999721721,12.850456031017918
factorial_snr15_bg0,uniform,0.0,0.0,0.0,15.0,combined,50,0.06,0.02061497034897397,0.16217091688838173,0.0,0.0,0.07134759913335872,0.0,0.0,0.06,0.44,0.56,0.6142333023772703,0.2831931208423011,0.8986148677578505,0.68,0.06,3.7017939961515367,74.10855399444699,0.0020820018835365772,0.004192001651972532,77.81662199413404,12.850724875661935
factorial_snr15_bg50,uniform,50.0,0.0,0.0,15.0,none,50,1.0,0.9286524008666414,1.0,1.0,0.9286524008666414,1.0,36.22,5.448422351694936,1.0,1.0,0.0,0.3722758793484747,0.31710648822842497,0.426722320730236,37.3,37.3,3.6992199975065887,137.94580800225958,0.001818002201616764,0.11093600885942578,141.7577820108272,7.054286444208204
factorial_snr15_bg50,uniform,50.0,0.0,0.0,15.0,min_area,50,1.0,0.9286524008666414,1.0,0.0,0.0,0.07134759913335872,0.0,0.0,1.0,0.027387443759627587,0.9726125562403724,0.3722758793484747,0.31710648822842497,0.426722320730236,37.3,1.0,3.6992199975065887,137.94580800225958,0.004616011865437031,0.058836000971496105,141.7084800126031,7.056740711008001
factorial_snr15_bg50,uniform,50.0,0.0,0.0,15.0,max_area,50,1.0,0.9286524008666414,1.0,1.0,0.9286524008666414,1.0,36.22,5.448422351694936,1.0,1.0,0.0,0.3722758793484747,0.31710648822842497,0.426722320730236,37.3,37.3,3.6992199975065887,137.94580800225958,0.004963991232216358,0.05297000054270029,141.7029619915411,7.057015505855796
factorial_snr15_bg50,uniform,50.0,0.0,0.0,15.0,aspect_ratio,50,1.0,0.9286524008666414,1.0,1.0,0.9286524008666414,1.0,36.22,5.448422351694936,1.0,1.0,0.0,0.3722758793484747,0.31710648822842497,0.426722320730236,37.3,37.3,3.6992199975065887,137.94580800225958,0.004870006814599037,0.04938401049003005,141.6992820170708,7.057198778745597
factorial_snr15_bg50,uniform,50.0,0.0,0.0,15.0,circularity,50,1.0,0.9286524008666414,1.0,1.0,0.9286524008666414,1.0,36.22,5.448422351694936,1.0,1.0,0.0,0.3722758793484747,0.31710648822842497,0.426722320730236,37.3,37.3,3.6992199975065887,137.94580800225958,0.004436005838215351,0.047883985098451376,141.69734799070284,7.057295102415133
factorial_snr15_bg50,uniform,50.0,0.0,0.0,15.0,peak_intensity,50,1.0,0.9286524008666414,1.0,0.8,0.6696289406777459,0.887562499842239,1.36,1.0253919111386494,1.0,0.06293851329509564,0.9370614867049045,0.3722758793484747,0.31710648822842497,0.426722320730236,37.3,2.36,3.6992199975065887,137.94580800225958,0.0035639898851513863,0.044543989934027195,141.69313597958535,7.057504889609307
factorial_snr15_bg50,uniform,50.0,0.0,0.0,15.0,combined,50,1.0,0.9286524008666414,1.0,0.0,0.0,0.07134759913335872,0.0,0.0,1.0,0.027387443759627587,0.9726125562403724,0.3722758793484747,0.31710648822842497,0.426722320730236,37.3,1.0,3.6992199975065887,137.94580800225958,0.004339995793998241,0.04334799246862531,141.6927159880288,7.0575258087683705
factorial_snr15_bg100,uniform,100.0,0.0,0.0,15.0,none,50,0.98,0.8950455641036219,0.9964607407283539,1.0,0.9286524008666414,1.0,1998.86,0.45220547975269754,1.0,0.08683485525480689,0.9131651447451933,0.47141478965256345,0.386057854243393,0.5638852117758147,23033.18,2000.0,3.504005989525467,257.3720879945904,0.03218600060790777,0.15654401388019323,261.06482399860397,3.8304662600019506
factorial_snr15_bg100,uniform,100.0,0.0,0.0,15.0,min_area,50,1.0,0.9286524008666414,1.0,1.0,0.9286524008666414,1.0,14.36,3.5900088113131585,1.0,0.0006670326129880922,0.999332967387012,0.46863489755366694,0.3798529715104681,0.5549914641141557,23033.18,15.36,3.504005989525467,257.3720879945904,0.15400800155475736,0.07062999531626701,261.1007319809869,3.8299394736006294
factorial_snr15_bg100,uniform,100.0,0.0,0.0,15.0,max_area,50,0.98,0.8950455641036219,0.9964607407283539,1.0,0.9286524008666414,1.0,1998.86,0.45220547975269754,1.0,0.08683485525480689,0.9131651447451933,0.47141478965256345,0.386057854243393,0.5638852117758147,23033.18,2000.0,3.504005989525467,257.3720879945904,0.21065600216388702,0.08125998545438051,261.16800997173414,3.8289528648942444
factorial_snr15_bg100,uniform,100.0,0.0,0.0,15.0,aspect_ratio,50,0.98,0.8950455641036219,0.9964607407283539,1.0,0.9286524008666414,1.0,1997.38,1.243595839589735,1.0,0.08677061362748781,0.9132293863725122,0.47141478965256345,0.386057854243393,0.5638852117758147,23033.18,1998.52,3.504005989525467,257.3720879945904,0.4213339928537607,0.07277001859620214,261.37019799556583,3.8259909035878876
factorial_snr15_bg100,uniform,100.0,0.0,0.0,15.0,circularity,50,0.82,0.6920394632569922,0.9022980732976582,1.0,0.9286524008666414,1.0,1998.86,0.45220547975269754,0.84,0.08682792139258455,0.9131720786074154,0.41198301365589735,0.3401725399593089,0.48726963407662255,23033.18,1999.84,3.504005989525467,257.3720879945904,0.3849059925414622,0.074178003706038,261.33517798036337,3.826503602492963
factorial_snr15_bg100,uniform,100.0,0.0,0.0,15.0,peak_intensity,50,0.98,0.8950455641036219,0.9964607407283539,1.0,0.9286524008666414,1.0,1998.86,0.45220547975269754,1.0,0.08683485525480689,0.9131651447451933,0.47141478965256345,0.386057854243393,0.5638852117758147,23033.18,2000.0,3.504005989525467,257.3720879945904,0.22767599439248443,0.07283000973984599,261.1765999882482,3.8288269318346115
factorial_snr15_bg100,uniform,100.0,0.0,0.0,15.0,combined,50,0.84,0.7148578393696501,0.916625793219666,1.0,0.9286524008666414,1.0,12.88,3.5779369269260775,0.84,0.0005958571234466231,0.9994041428765533,0.40971826017231006,0.3401546427215831,0.48392340569746795,23033.18,13.72,3.504005989525467,257.3720879945904,0.15121200354769826,0.06258198991417885,261.08988797757775,3.830098544781173
factorial_snr15_bg200,uniform,200.0,0.0,0.0,15.0,none,50,1.0,0.9286524008666414,1.0,0.04,0.011038884327619798,0.13460090687507023,0.04,0.19794866372215741,1.0,1.0,0.0,0.7028265516697773,0.683634720564124,0.7196749000606852,1.04,1.04,3.5535240033641458,150.49133801599964,0.0021240045316517353,34.505967998411506,188.55295402230695,5.303549897614937
factorial_snr15_bg200,uniform,200.0,0.0,0.0,15.0,min_area,50,1.0,0.9286524008666414,1.0,0.0,0.0,0.07134759913335872,0.0,0.0,1.0,0.98,0.02,0.7028265516697773,0.683634720564124,0.7196749000606852,1.04,1.0,3.5535240033641458,150.49133801599964,0.006985992658883333,35.02544000511989,189.07728801714256,5.288842517718657
factorial_snr15_bg200,uniform,200.0,0.0,0.0,15.0,max_area,50,0.0,0.0,0.07134759913335872,0.04,0.011038884327619798,0.13460090687507023,0.04,0.19794866372215741,0.0,0.02,0.98,,,,1.04,0.04,3.5535240033641458,150.49133801599964,0.006397997494786978,0.002234000712633133,154.0534940175712,6.491251667981908
factorial_snr15_bg200,uniform,200.0,0.0,0.0,15.0,aspect_ratio,50,1.0,0.9286524008666414,1.0,0.04,0.011038884327619798,0.13460090687507023,0.04,0.19794866372215741,1.0,1.0,0.0,0.7028265516697773,0.683634720564124,0.7196749000606852,1.04,1.04,3.5535240033641458,150.49133801599964,0.0024680071510374546,35.43487399816513,189.48220402467996,5.27754046955117
factorial_snr15_bg200,uniform,200.0,0.0,0.0,15.0,circularity,50,1.0,0.9286524008666414,1.0,0.04,0.011038884327619798,0.13460090687507023,0.04,0.19794866372215741,1.0,1.0,0.0,0.7028265516697773,0.683634720564124,0.7196749000606852,1.04,1.04,3.5535240033641458,150.49133801599964,0.006577998865395784,36.74757200758904,190.79901202581823,5.241117285579464
factorial_snr15_bg200,uniform,200.0,0.0,0.0,15.0,peak_intensity,50,1.0,0.9286524008666414,1.0,0.04,0.011038884327619798,0.13460090687507023,0.04,0.19794866372215741,1.0,1.0,0.0,0.7028265516697773,0.683634720564124,0.7196749000606852,1.04,1.04,3.5535240033641458,150.49133801599964,0.0072700041346251965,35.69501999998465,189.74715202348307,5.270171327136653
factorial_snr15_bg200,uniform,200.0,0.0,0.0,15.0,combined,50,0.0,0.0,0.07134759913335872,0.0,0.0,0.07134759913335872,0.0,0.0,0.0,0.0,1.0,,,,1.04,0.0,3.5535240033641458,150.49133801599964,0.005062005948275328,0.0,154.04992402531207,6.491402097904892
factorial_snr15_bg500,uniform,500.0,0.0,0.0,15.0,none,50,1.0,0.9286524008666414,1.0,0.0,0.0,0.07134759913335872,0.0,0.0,1.0,1.0,0.0,0.0,0.0,0.0,1.0,1.0,3.5208820062689483,77.57730999030173,0.0019200053066015244,14.637305999640375,95.73741800151765,10.445236782802601
factorial_snr15_bg500,uniform,500.0,0.0,0.0,15.0,min_area,50,1.0,0.9286524008666414,1.0,0.0,0.0,0.07134759913335872,0.0,0.0,1.0,1.0,0.0,0.0,0.0,0.0,1.0,1.0,3.5208820062689483,77.57730999030173,0.006942006293684244,14.60502800066024,95.7101620035246,10.44821134001606
factorial_snr15_bg500,uniform,500.0,0.0,0.0,15.0,max_area,50,0.0,0.0,0.07134759913335872,0.0,0.0,0.07134759913335872,0.0,0.0,0.0,0.0,1.0,,,,1.0,0.0,3.5208820062689483,77.57730999030173,0.0069280085153877735,0.0,81.10512000508606,12.329677829676973
factorial_snr15_bg500,uniform,500.0,0.0,0.0,15.0,aspect_ratio,50,1.0,0.9286524008666414,1.0,0.0,0.0,0.07134759913335872,0.0,0.0,1.0,1.0,0.0,0.0,0.0,0.0,1.0,1.0,3.5208820062689483,77.57730999030173,0.0024480116553604603,14.583229999989271,95.68387000821531,10.451082297508881
factorial_snr15_bg500,uniform,500.0,0.0,0.0,15.0,circularity,50,1.0,0.9286524008666414,1.0,0.0,0.0,0.07134759913335872,0.0,0.0,1.0,1.0,0.0,0.0,0.0,0.0,1.0,1.0,3.5208820062689483,77.57730999030173,0.006488005165010691,14.725839996244758,95.83051999798045,10.435088946831074
factorial_snr15_bg500,uniform,500.0,0.0,0.0,15.0,peak_intensity,50,1.0,0.9286524008666414,1.0,0.0,0.0,0.07134759913335872,0.0,0.0,1.0,1.0,0.0,0.0,0.0,0.0,1.0,1.0,3.5208820062689483,77.57730999030173,0.006814005319029093,14.678288004361093,95.7832940062508,10.440233971643742
factorial_snr15_bg500,uniform,500.0,0.0,0.0,15.0,combined,50,0.0,0.0,0.07134759913335872,0.0,0.0,0.07134759913335872,0.0,0.0,0.0,0.0,1.0,,,,1.0,0.0,3.5208820062689483,77.57730999030173,0.005262007471174002,0.0,81.10345400404185,12.329931101949915
factorial_snr10_bg0,uniform,0.0,0.0,0.0,10.0,none,50,0.06,0.02061497034897397,0.16217091688838173,1.0,0.9286524008666414,1.0,738.46,22.69784670179,0.96,1.0,0.0,1.2301484225447716,0.19948790556865661,1.5811388300841898,739.82,739.82,3.520521998871118,121.49547200417146,0.0035919994115829468,0.0406579882837832,125.06024399073794,7.9961462419189
factorial_snr10_bg0,uniform,0.0,0.0,0.0,10.0,min_area,50,0.4,0.27608389730256544,0.5381856225241064,0.02,0.003539259271646236,0.10495443589637815,0.02,0.1414213562373095,0.4,0.00057012082150576,0.9994298791784942,0.8488904086636664,0.6061310698687938,1.067958532035423,739.82,0.42,3.520521998871118,121.49547200417146,0.0364200072363019,0.03566399682313204,125.08807800710201,7.994366976709195
factorial_snr10_bg0,uniform,0.0,0.0,0.0,10.0,max_area,50,0.06,0.02061497034897397,0.16217091688838173,1.0,0.9286524008666414,1.0,738.46,22.69784670179,0.96,1.0,0.0,1.2301484225447716,0.19948790556865661,1.5811388300841898,739.82,739.82,3.520521998871118,121.49547200417146,0.060011998284608126,0.01970000099390745,125.0957060023211,7.9938795019986175
factorial_snr10_bg0,uniform,0.0,0.0,0.0,10.0,aspect_ratio,50,0.06,0.02061497034897397,0.16217091688838173,1.0,0.9286524008666414,1.0,738.46,22.69784670179,0.9,0.9998903856767717,0.00010961432322828201,1.2301484225447716,0.19948790556865661,1.5811388300841898,739.82,739.74,3.520521998871118,121.49547200417146,0.05602601449936628,0.018675997853279114,125.09069601539522,7.9941996635539345
factorial_snr10_bg0,uniform,0.0,0.0,0.0,10.0,circularity,50,0.06,0.02061497034897397,0.16217091688838173,1.0,0.9286524008666414,1.0,738.46,22.69784670179,0.94,0.9999718309859155,2.8169014084507006e-05,1.2301484225447716,0.19948790556865661,1.5811388300841898,739.82,739.8,3.520521998871118,121.49547200417146,0.05495600402355194,0.01786399632692337,125.08881400339305,7.994319939534121
factorial_snr10_bg0,uniform,0.0,0.0,0.0,10.0,peak_intensity,50,0.06,0.02061497034897397,0.16217091688838173,1.0,0.9286524008666414,1.0,159.14,12.399818958520388,0.88,0.21659634236683853,0.7834036576331614,1.2301484225447716,0.19948790556865661,1.5811388300841898,739.82,160.16,3.520521998871118,121.49547200417146,0.04626399604603648,0.015101993922144175,125.07735999301076,7.995052022651256
factorial_snr10_bg0,uniform,0.0,0.0,0.0,10.0,combined,50,0.28,0.17474170665911232,0.4166512369595657,0.0,0.0,0.07134759913335872,0.0,0.0,0.28,0.00037946219369339873,0.9996205378063067,0.7337211708049742,0.5398175620482507,0.9049244880630261,739.82,0.28,3.520521998871118,121.49547200417146,0.03548399545252323,0.017085997387766838,125.06856399588287,7.995614309867018
factorial_snr10_bg50,uniform,50.0,0.0,0.0,10.0,none,50,0.42,0.2937500335471198,0.5576655823142176,1.0,0.9286524008666414,1.0,1998.64,0.5627918743883488,1.0,0.10126564003385737,0.8987343599661428,0.7404377911635451,0.5501434950092089,0.9540949048810331,19751.0,2000.0,3.445853996090591,243.17527000093833,0.034788004122674465,0.14135999837890267,246.7972719995305,4.051908645091921
factorial_snr10_bg50,uniform,50.0,0.0,0.0,10.0,min_area,50,0.7,0.562496495355466,0.8089644649911906,1.0,0.9286524008666414,1.0,11.08,3.762543646773756,0.98,0.0006126210962177045,0.9993873789037822,0.717362116566233,0.5654001883545305,0.8697463644177784,19751.0,12.1,3.445853996090591,243.17527000093833,0.15711200656369328,0.07276799762621522,246.85100400121883,4.051026667062138
factorial_snr10_bg50,uniform,50.0,0.0,0.0,10.0,max_area,50,0.42,0.2937500335471198,0.5576655823142176,1.0,0.9286524008666414,1.0,1998.64,0.5627918743883488,1.0,0.10126564003385737,0.8987343599661428,0.7404377911635451,0.5501434950092089,0.9540949048810331,19751.0,2000.0,3.445853996090591,243.17527000093833,0.17936800373718143,0.06279399618506432,246.86328599695116,4.050825119505014
factorial_snr10_bg50,uniform,50.0,0.0,0.0,10.0,aspect_ratio,50,0.42,0.2937500335471198,0.5576655823142176,1.0,0.9286524008666414,1.0,1997.46,1.3280336853362398,1.0,0.10120478346413757,0.8987952165358623,0.7404377911635451,0.5501434950092089,0.9540949048810331,19751.0,1998.8,3.445853996090591,243.17527000093833,0.40146600222215056,0.06181400967761874,247.0844040089287,4.047200000384742
factorial_snr10_bg50,uniform,50.0,0.0,0.0,10.0,circularity,50,0.36,0.2413874965184674,0.4985898312388731,1.0,0.9286524008666414,1.0,1998.64,0.5627918743883488,0.8,0.10125348430959458,0.8987465156904054,0.7568565891375135,0.5255093203860114,0.979907152743728,19751.0,1999.76,3.445853996090591,243.17527000093833,0.38447199389338493,0.06156198913231492,247.06715798005462,4.047482507087116
factorial_snr10_bg50,uniform,50.0,0.0,0.0,10.0,peak_intensity,50,0.42,0.2937500335471198,0.5576655823142176,1.0,0.9286524008666414,1.0,1998.64,0.5627918743883488,1.0,0.10126564003385737,0.8987343599661428,0.7404377911635451,0.5501434950092089,0.9540949048810331,19751.0,2000.0,3.445853996090591,243.17527000093833,0.236859992146492,0.0639980100095272,246.92198199918494,4.049862194947475
factorial_snr10_bg50,uniform,50.0,0.0,0.0,10.0,combined,50,0.58,0.44233441768578236,0.7062499664528801,1.0,0.9286524008666414,1.0,9.9,3.4419382294733594,0.72,0.0005396088022351219,0.9994603911977648,0.6996810726243456,0.5484322791438346,0.8680490534249691,19751.0,10.66,3.445853996090591,243.17527000093833,0.14589400263503194,0.06265800213441253,246.82967600179836,4.051376707202396
factorial_snr10_bg100,uniform,100.0,0.0,0.0,10.0,none,50,0.98,0.8950455641036219,0.9964607407283539,1.0,0.9286524008666414,1.0,1998.98,0.24660966430902956,0.98,0.014981844311189672,0.9850181556888106,0.7406380058175241,0.6465787779740835,0.8314141100428267,133495.62,2000.0,4.373827998060733,1912.0363620109856,0.6389319966547191,0.18196200020611286,1917.2310840059072,0.5215855346506154
factorial_snr10_bg100,uniform,100.0,0.0,0.0,10.0,min_area,50,0.98,0.8950455641036219,0.9964607407283539,1.0,0.9286524008666414,1.0,652.6,22.70844489144413,0.98,0.004895985860994018,0.9951040141390058,0.7406380058175241,0.6465787779740835,0.8314141100428267,133495.62,653.58,4.373827998060733,1912.0363620109856,0.2862479956820607,0.10250400053337216,1916.7989420052618,0.5217031260221004
factorial_snr10_bg100,uniform,100.0,0.0,0.0,10.0,max_area,50,0.98,0.8950455641036219,0.9964607407283539,1.0,0.9286524008666414,1.0,1998.98,0.24660966430902956,0.98,0.014981844311189672,0.9850181556888106,0.7406380058175241,0.6465787779740835,0.8314141100428267,133495.62,2000.0,4.373827998060733,1912.0363620109856,0.26906799292191863,0.11022399878129363,1916.7894820007496,0.5217057008035111
factorial_snr10_bg100,uniform,100.0,0.0,0.0,10.0,aspect_ratio,50,0.98,0.8950455641036219,0.9964607407283539,1.0,0.9286524008666414,1.0,1943.34,7.569029269439554,0.98,0.014565060667829238,0.9854349393321707,0.7406380058175241,0.6465787779740835,0.8314141100428267,133495.62,1944.36,4.373827998060733,1912.0363620109856,0.5587560078129172,0.11199400993064046,1917.08094002679,0.5216263847399295
factorial_snr10_bg100,uniform,100.0,0.0,0.0,10.0,circularity,50,0.12,0.05617600150932274,0.23804817383202992,1.0,0.9286524008666414,1.0,1938.12,7.768696998932607,0.16,0.014519524877005236,0.9854804751229947,0.44804324561373415,0.31624286153875153,0.5622279055709273,133495.62,1938.28,4.373827998060733,1912.0363620109856,0.4730540025047958,0.11059999698773026,1916.9938440085389,0.5216500841280457
factorial_snr10_bg100,uniform,100.0,0.0,0.0,10.0,peak_intensity,50,0.98,0.8950455641036219,0.9964607407283539,1.0,0.9286524008666414,1.0,1998.98,0.24660966430902956,0.98,0.014981844311189672,0.9850181556888106,0.7406380058175241,0.6465787779740835,0.8314141100428267,133495.62,2000.0,4.373827998060733,1912.0363620109856,0.3624959965236485,0.10577800683677197,1916.8784640124068,0.5216814830851622
factorial_snr10_bg100,uniform,100.0,0.0,0.0,10.0,combined,50,0.12,0.05617600150932274,0.23804817383202992,1.0,0.9286524008666414,1.0,541.36,21.640626947800694,0.12,0.00405627753065534,0.9959437224693447,0.44804324561373415,0.31624286153875153,0.5622279055709273,133495.62,541.48,4.373827998060733,1912.0363620109856,0.40133399423211813,0.09083799785003066,1916.9023620011285,0.5216749792911003
factorial_snr10_bg200,uniform,200.0,0.0,0.0,10.0,none,50,1.0,0.9286524008666414,1.0,0.98,0.8950455641036219,0.9964607407283539,6.88,2.9041841736167,1.0,1.0,0.0,0.6974182481469163,0.6807462622813794,0.7143748207396027,7.88,7.88,5.530742001719773,242.0604099915363,0.014227984938770533,44.548339990433306,292.15371996862814,3.4228556121324805
factorial_snr10_bg200,uniform,200.0,0.0,0.0,10.0,min_area,50,1.0,0.9286524008666414,1.0,0.06,0.02061497034897397,0.16217091688838173,0.06,0.23989793748209523,1.0,0.16584965034965035,0.8341503496503496,0.6974182481469163,0.6807462622813794,0.7143748207396027,7.88,1.06,5.530742001719773,242.0604099915363,0.013757997658103704,45.19839599262923,292.8033059835434,3.4152619849729553
factorial_snr10_bg200,uniform,200.0,0.0,0.0,10.0,max_area,50,0.0,0.0,0.07134759913335872,0.98,0.8950455641036219,0.9964607407283539,6.88,2.9041841736167,0.0,0.8418011433011433,0.1581988566988567,,,,7.88,6.88,5.530742001719773,242.0604099915363,0.01356800552457571,0.0943319988436997,247.69905199762434,4.037157154762106
factorial_snr10_bg200,uniform,200.0,0.0,0.0,10.0,aspect_ratio,50,1.0,0.9286524008666414,1.0,0.98,0.8950455641036219,0.9964607407283539,6.84,2.9232355571265516,1.0,0.9937777777777778,0.006222222222222223,0.6974182481469163,0.6807462622813794,0.7143748207396027,7.88,7.84,5.530742001719773,242.0604099915363,0.0062459963373839855,44.37982399715111,291.97722198674455,3.4249247019871945
factorial_snr10_bg200,uniform,200.0,0.0,0.0,10.0,circularity,50,0.0,0.0,0.07134759913335872,0.98,0.8950455641036219,0.9964607407283539,6.88,2.9041841736167,0.0,0.8418011433011433,0.1581988566988567,,,,7.88,6.88,5.530742001719773,242.0604099915363,0.015751987230032682,0.10406000073999166,247.7109639812261,4.036963014991091
factorial_snr10_bg200,uniform,200.0,0.0,0.0,10.0,peak_intensity,50,1.0,0.9286524008666414,1.0,0.98,0.8950455641036219,0.9964607407283539,5.82,2.4882581400306063,1.0,0.8763024198024197,0.12369758019758019,0.6974182481469163,0.6807462622813794,0.7143748207396027,7.88,6.82,5.530742001719773,242.0604099915363,0.005066005978733301,44.85569198615849,292.4519099853933,3.4193655977488597
factorial_snr10_bg200,uniform,200.0,0.0,0.0,10.0,combined,50,0.0,0.0,0.07134759913335872,0.02,0.003539259271646236,0.10495443589637815,0.02,0.14142135623730948,0.0,0.0014285714285714286,0.9985714285714287,,,,7.88,0.02,5.530742001719773,242.0604099915363,0.010489998385310173,0.0029120012186467648,247.60455399286002,4.0386979313346405
factorial_snr10_bg500,uniform,500.0,0.0,0.0,10.0,none,50,1.0,0.9286524008666414,1.0,0.0,0.0,0.07134759913335872,0.0,0.0,1.0,1.0,0.0,0.37421477246949825,0.28285785226391247,0.44731235834463917,1.0,1.0,5.607398001011461,112.86996599519625,0.0023959926329553127,26.790431996341795,145.27019198518246,6.883724639821498
factorial_snr10_bg500,uniform,500.0,0.0,0.0,10.0,min_area,50,1.0,0.9286524008666414,1.0,0.0,0.0,0.07134759913335872,0.0,0.0,1.0,1.0,0.0,0.37421477246949825,0.28285785226391247,0.44731235834463917,1.0,1.0,5.607398001011461,112.86996599519625,0.010048015974462032,26.60247200867161,145.0898840208538,6.8922792705263305
factorial_snr10_bg500,uniform,500.0,0.0,0.0,10.0,max_area,50,0.0,0.0,0.07134759913335872,0.0,0.0,0.07134759913335872,0.0,0.0,0.0,0.0,1.0,,,,1.0,0.0,5.607398001011461,112.86996599519625,0.009217991027981043,0.0,118.4865819872357,8.439774219394124
factorial_snr10_bg500,uniform,500.0,0.0,0.0,10.0,aspect_ratio,50,1.0,0.9286524008666414,1.0,0.0,0.0,0.07134759913335872,0.0,0.0,1.0,1.0,0.0,0.37421477246949825,0.28285785226391247,0.44731235834463917,1.0,1.0,5.607398001011461,112.86996599519625,0.0036419974640011787,26.53258599806577,145.01359199173748,6.895905316633889
factorial_snr10_bg500,uniform,500.0,0.0,0.0,10.0,circularity,50,1.0,0.9286524008666414,1.0,0.0,0.0,0.07134759913335872,0.0,0.0,1.0,1.0,0.0,0.37421477246949825,0.28285785226391247,0.44731235834463917,1.0,1.0,5.607398001011461,112.86996599519625,0.009828004986047745,26.853033998049796,145.34022599924356,6.880407630611533
factorial_snr10_bg500,uniform,500.0,0.0,0.0,10.0,peak_intensity,50,1.0,0.9286524008666414,1.0,0.0,0.0,0.07134759913335872,0.0,0.0,1.0,1.0,0.0,0.37421477246949825,0.28285785226391247,0.44731235834463917,1.0,1.0,5.607398001011461,112.86996599519625,0.00952799804508686,27.211102002765983,145.69799399701878,6.8635124792484214
factorial_snr10_bg500,uniform,500.0,0.0,0.0,10.0,combined,50,0.0,0.0,0.07134759913335872,0.0,0.0,0.07134759913335872,0.0,0.0,0.0,0.0,1.0,,,,1.0,0.0,5.607398001011461,112.86996599519625,0.006998002063483,0.0,118.4843619982712,8.439932351702168
factorial_snr5_bg0,uniform,0.0,0.0,0.0,5.0,none,50,0.26,0.1587152749355239,0.3955315726484884,1.0,0.9286524008666414,1.0,1999.06,0.6197431989566818,0.78,0.038005257324891815,0.9619947426751081,0.7936281584645456,0.5855069850291764,0.9876136306686821,52625.2,2000.0,6.673785988241434,605.9254900109954,0.12890999438241124,0.22186199901625514,612.9500479926355,1.6314543138954365
factorial_snr5_bg0,uniform,0.0,0.0,0.0,5.0,min_area,50,0.26,0.1587152749355239,0.3955315726484884,1.0,0.9286524008666414,1.0,102.28,10.877874942529267,0.56,0.001954098718101335,0.9980459012818987,0.7936281584645456,0.5855069850291764,0.9876136306686821,52625.2,102.84,6.673785988241434,605.9254900109954,0.2795279980637133,0.11913399677723646,612.9979379940778,1.63132685775798
factorial_snr5_bg0,uniform,0.0,0.0,0.0,5.0,max_area,50,0.26,0.1587152749355239,0.3955315726484884,1.0,0.9286524008666414,1.0,1999.06,0.6197431989566818,0.78,0.038005257324891815,0.9619947426751081,0.7936281584645456,0.5855069850291764,0.9876136306686821,52625.2,2000.0,6.673785988241434,605.9254900109954,0.31934799859300256,0.15470799058675766,613.0733319884166,1.6311262418749182
factorial_snr5_bg0,uniform,0.0,0.0,0.0,5.0,aspect_ratio,50,0.28,0.17474170665911232,0.4166512369595657,1.0,0.9286524008666414,1.0,1989.92,3.1353156271151796,0.72,0.03783044817023162,0.9621695518297686,0.76665034659483,0.5626307672901252,0.9674229126189411,52625.2,1990.8,6.673785988241434,605.9254900109954,0.5626139976084232,0.15125798527151346,613.3131479821168,1.6304884434487263
factorial_snr5_bg0,uniform,0.0,0.0,0.0,5.0,circularity,50,0.14,0.06950833427016294,0.2618619371058554,1.0,0.9286524008666414,1.0,1998.58,0.8351951989853409,0.66,0.03799385445699692,0.962006145543003,0.8534654940585129,0.5654710750635937,1.1261875375876365,52625.2,1999.4,6.673785988241434,605.9254900109954,0.5365600134246051,0.14387200120836496,613.2797080138698,1.6305773482030554
factorial_snr5_bg0,uniform,0.0,0.0,0.0,5.0,peak_intensity,50,0.26,0.1587152749355239,0.3955315726484884,1.0,0.9286524008666414,1.0,1999.06,0.6197431989566818,0.78,0.038005257324891815,0.9619947426751081,0.7936281584645456,0.5855069850291764,0.9876136306686821,52625.2,2000.0,6.673785988241434,605.9254900109954,0.4032660066150129,0.140943992882967,613.1434859987348,1.6309396133779743
factorial_snr5_bg0,uniform,0.0,0.0,0.0,5.0,combined,50,0.16,0.08337420678033405,0.2851421606303499,1.0,0.9286524008666414,1.0,92.74,10.253540951340485,0.38,0.001769409134568892,0.9982305908654311,0.8015117358087838,0.49933272846019416,1.0547730640455635,52625.2,93.12,6.673785988241434,605.9254900109954,0.279057992156595,0.10924398666247725,612.9875779780559,1.631354428581583
factorial_snr5_bg50,uniform,50.0,0.0,0.0,5.0,none,50,0.28,0.17474170665911232,0.4166512369595657,1.0,0.9286524008666414,1.0,1998.96,0.402035636556294,0.94,0.015465366309345354,0.9845346336906547,0.8174682227772575,0.629771974092237,0.9766683222851581,129321.54,2000.0,5.614079998340458,2136.634506001137,1.8826779979281127,0.21314600482583046,2144.3444100022316,0.46634299757796804
factorial_snr5_bg50,uniform,50.0,0.0,0.0,5.0,min_area,50,0.28,0.17474170665911232,0.4166512369595657,1.0,0.9286524008666414,1.0,1998.96,0.402035636556294,0.94,0.015465366309345354,0.9845346336906547,0.8174682227772575,0.629771974092237,0.9766683222851581,129321.54,2000.0,5.614079998340458,2136.634506001137,0.3866139892488718,0.17728398786857724,2142.812483976595,0.46667639258112636
factorial_snr5_bg50,uniform,50.0,0.0,0.0,5.0,max_area,50,0.28,0.17474170665911232,0.4166512369595657,1.0,0.9286524008666414,1.0,1998.96,0.402035636556294,0.94,0.015465366309345354,0.9845346336906547,0.8174682227772575,0.629771974092237,0.9766683222851581,129321.54,2000.0,5.614079998340458,2136.634506001137,0.5459759966470301,0.15506800031289458,2142.9496299964376,0.4666465258922873
factorial_snr5_bg50,uniform,50.0,0.0,0.0,5.0,aspect_ratio,50,0.26,0.1587152749355239,0.3955315726484884,1.0,0.9286524008666414,1.0,1885.9,10.645014163006655,0.88,0.014590672070515238,0.9854093279294848,0.7930576628139048,0.603879882798011,0.9604478126800926,129321.54,1886.88,5.614079998340458,2136.634506001137,0.6260200054384768,0.13672199100255966,2143.0113279959187,0.46663309098565087
factorial_snr5_bg50,uniform,50.0,0.0,0.0,5.0,circularity,50,0.12,0.05617600150932274,0.23804817383202992,1.0,0.9286524008666414,1.0,1692.16,20.638145779708257,0.36,0.013087883683710763,0.9869121163162892,0.6979220137718115,0.48907674107922505,0.8650753388087222,129321.54,1692.54,5.614079998340458,2136.634506001137,0.5311919981613755,0.14036000706255436,2142.9201380047016,0.46665294812671454
factorial_snr5_bg50,uniform,50.0,0.0,0.0,5.0,peak_intensity,50,0.28,0.17474170665911232,0.4166512369595657,1.0,0.9286524008666414,1.0,1998.96,0.402035636556294,0.94,0.015465366309345354,0.9845346336906547,0.8174682227772575,0.629771974092237,0.9766683222851581,129321.54,2000.0,5.614079998340458,2136.634506001137,0.4338260041549802,0.16226798994466662,2142.8446799935773,0.46666938081718423
factorial_snr5_bg50,uniform,50.0,0.0,0.0,5.0,combined,50,0.12,0.05617600150932274,0.23804817383202992,1.0,0.9286524008666414,1.0,1604.0,19.499869178001777,0.34,0.012406026180760081,0.9875939738192399,0.6979220137718115,0.48907674107922505,0.8650753388087222,129321.54,1604.36,5.614079998340458,2136.634506001137,0.9338879957795143,0.1451560016721487,2143.3276299969293,0.46656422751449933
factorial_snr5_bg100,uniform,100.0,0.0,0.0,5.0,none,50,0.02,0.003539259271646236,0.10495443589637815,1.0,0.9286524008666414,1.0,1999.08,0.2740475156178696,0.92,0.014734233001125512,0.9852657669988742,2.703019213064632,,,135739.2,2000.0,4.018148006871343,3577.6268599927425,0.06851600483059883,0.18375798827037215,3581.897281992715,0.2791816518657036
factorial_snr5_bg100,uniform,100.0,0.0,0.0,5.0,min_area,50,0.02,0.003539259271646236,0.10495443589637815,1.0,0.9286524008666414,1.0,1999.08,0.2740475156178696,0.92,0.014734233001125512,0.9852657669988742,2.703019213064632,,,135739.2,2000.0,4.018148006871343,3577.6268599927425,0.27890000957995653,0.10546600678935647,3582.029374015983,0.27917135667674675
factorial_snr5_bg100,uniform,100.0,0.0,0.0,5.0,max_area,50,0.04,0.011038884327619798,0.13460090687507023,1.0,0.9286524008666414,1.0,1947.54,6.497126523412061,0.68,0.014352754443270206,0.9856472455567298,1.9709824011985217,1.3821177062637324,2.4205978389027907,135739.2,1948.22,4.018148006871343,3577.6268599927425,0.2515620016492903,0.08888799929991364,3581.985458000563,0.2791747793856741
factorial_snr5_bg100,uniform,100.0,0.0,0.0,5.0,aspect_ratio,50,0.02,0.003539259271646236,0.10495443589637815,1.0,0.9286524008666414,1.0,1874.54,9.024253035966073,0.92,0.013816757170015705,0.9861832428299843,2.703019213064632,,,135739.2,1875.46,4.018148006871343,3577.6268599927425,0.5067479959689081,0.08961400482803583,3582.241370000411,0.2791548353984548
factorial_snr5_bg100,uniform,100.0,0.0,0.0,5.0,circularity,50,0.0,0.0,0.07134759913335872,0.5,0.3664451431682858,0.6335548568317142,0.64,0.7761758689832071,0.0,4.712277800272174e-06,0.9999952877221997,,,,135739.2,0.64,4.018148006871343,3577.6268599927425,0.3518179967068136,0.03491400275379419,3582.0317399990745,0.27917117228008104
factorial_snr5_bg100,uniform,100.0,0.0,0.0,5.0,peak_intensity,50,0.02,0.003539259271646236,0.10495443589637815,1.0,0.9286524008666414,1.0,1999.08,0.2740475156178696,0.92,0.014734233001125512,0.9852657669988742,2.703019213064632,,,135739.2,2000.0,4.018148006871343,3577.6268599927425,0.2989600063301623,0.09156802203506231,3582.035536027979,0.27917087643102295
factorial_snr5_bg100,uniform,100.0,0.0,0.0,5.0,combined,50,0.0,0.0,0.07134759913335872,0.5,0.3664451431682858,0.6335548568317142,0.64,0.7761758689832071,0.0,4.712277800272174e-06,0.9999952877221997,,,,135739.2,0.64,4.018148006871343,3577.6268599927425,0.46234999783337116,0.0354660046286881,3582.142824002076,0.2791625150453299
factorial_snr5_bg200,uniform,200.0,0.0,0.0,5.0,none,50,1.0,0.9286524008666414,1.0,1.0,0.9286524008666414,1.0,205.86,16.147293954121732,1.0,1.0,0.0,0.68866252175228,0.6569987446682664,0.7177847420365515,206.86,206.86,3.9567659981548786,181.77448399132118,0.006485986523330212,37.56385799963027,223.30159397562966,4.4782483734045195
factorial_snr5_bg200,uniform,200.0,0.0,0.0,5.0,min_area,50,1.0,0.9286524008666414,1.0,1.0,0.9286524008666414,1.0,10.2,2.864276807966203,1.0,0.05414949929636947,0.9458505007036305,0.68866252175228,0.6569987446682664,0.7177847420365515,206.86,11.2,3.9567659981548786,181.77448399132118,0.06967399269342422,37.7941540023312,223.59507798450068,4.472370362595006
factorial_snr5_bg200,uniform,200.0,0.0,0.0,5.0,max_area,50,0.0,0.0,0.07134759913335872,1.0,0.9286524008666414,1.0,205.86,16.147293954121732,0.0,0.9951366516672374,0.0048633483327624825,,,,206.86,205.86,3.9567659981548786,181.77448399132118,0.08559600217267871,0.1622200128622353,185.97906600451097,5.376949252857011
factorial_snr5_bg200,uniform,200.0,0.0,0.0,5.0,aspect_ratio,50,1.0,0.9286524008666414,1.0,1.0,0.9286524008666414,1.0,203.5,16.160230853069205,1.0,0.9885376589710253,0.011462341028974678,0.68866252175228,0.6569987446682664,0.7177847420365515,206.86,204.5,3.9567659981548786,181.77448399132118,0.039949994534254074,38.453761998098344,224.22496198210865,4.459806754610096
factorial_snr5_bg200,uniform,200.0,0.0,0.0,5.0,circularity,50,0.0,0.0,0.07134759913335872,1.0,0.9286524008666414,1.0,205.76,16.125224250932362,0.0,0.9946611972006663,0.005338802799333699,,,,206.86,205.76,3.9567659981548786,181.77448399132118,0.11451801750808954,0.15636800089851022,186.00213600788265,5.37628234526092
factorial_snr5_bg200,uniform,200.0,0.0,0.0,5.0,peak_intensity,50,1.0,0.9286524008666414,1.0,1.0,0.9286524008666414,1.0,185.82,15.83420477372724,1.0,0.9028919087953713,0.09710809120462872,0.68866252175228,0.6569987446682664,0.7177847420365515,206.86,186.82,3.9567659981548786,181.77448399132118,0.02491799183189869,38.144377996213734,223.9005459775217,4.466268698158486
factorial_snr5_bg200,uniform,200.0,0.0,0.0,5.0,combined,50,0.0,0.0,0.07134759913335872,1.0,0.9286524008666414,1.0,7.82,2.6161975835013624,0.0,0.03772765608847845,0.9622723439115215,,,,206.86,7.82,3.9567659981548786,181.77448399132118,0.0804540072567761,0.16884199576452374,185.98054599249735,5.3769064644016105
factorial_snr5_bg500,uniform,500.0,0.0,0.0,5.0,none,50,1.0,0.9286524008666414,1.0,0.0,0.0,0.07134759913335872,0.0,0.0,1.0,1.0,0.0,0.7068664300390903,0.7063081207220512,0.7074484108936457,1.0,1.0,5.782497995533049,130.21489799953997,0.002789997961372137,47.43764402111992,183.43783001415431,5.451438233448568
factorial_snr5_bg500,uniform,500.0,0.0,0.0,5.0,min_area,50,1.0,0.9286524008666414,1.0,0.0,0.0,0.07134759913335872,0.0,0.0,1.0,1.0,0.0,0.7068664300390903,0.7063081207220512,0.7074484108936457,1.0,1.0,5.782497995533049,130.21489799953997,0.01023600110784173,47.93326800921932,183.94090000540018,5.436528797948916
factorial_snr5_bg500,uniform,500.0,0.0,0.0,5.0,max_area,50,0.0,0.0,0.07134759913335872,0.0,0.0,0.07134759913335872,0.0,0.0,0.0,0.0,1.0,,,,1.0,0.0,5.782497995533049,130.21489799953997,0.008585983887314796,0.0,136.00598197896034,7.352617770552891
factorial_snr5_bg500,uniform,500.0,0.0,0.0,5.0,aspect_ratio,50,1.0,0.9286524008666414,1.0,0.0,0.0,0.07134759913335872,0.0,0.0,1.0,1.0,0.0,0.7068664300390903,0.7063081207220512,0.7074484108936457,1.0,1.0,5.782497995533049,130.21489799953997,0.0036600022576749325,48.26785000041127,184.26890599774197,5.426851560144684
factorial_snr5_bg500,uniform,500.0,0.0,0.0,5.0,circularity,50,1.0,0.9286524008666414,1.0,0.0,0.0,0.07134759913335872,0.0,0.0,1.0,1.0,0.0,0.7068664300390903,0.7063081207220512,0.7074484108936457,1.0,1.0,5.782497995533049,130.21489799953997,0.008925995789468288,48.467774000018835,184.47409599088132,5.420815289152742
factorial_snr5_bg500,uniform,500.0,0.0,0.0,5.0,peak_intensity,50,1.0,0.9286524008666414,1.0,0.0,0.0,0.07134759913335872,0.0,0.0,1.0,1.0,0.0,0.7068664300390903,0.7063081207220512,0.7074484108936457,1.0,1.0,5.782497995533049,130.21489799953997,0.012056005652993917,48.52836400736123,184.53781600808725,5.418943507796666
factorial_snr5_bg500,uniform,500.0,0.0,0.0,5.0,combined,50,0.0,0.0,0.07134759913335872,0.0,0.0,0.07134759913335872,0.0,0.0,0.0,0.0,1.0,,,,1.0,0.0,5.782497995533049,130.21489799953997,0.006816009990870953,0.0,136.0042120050639,7.3527134583358835
gradient_horizontal,gradient,100.0,100.0,0.0,15.0,none,50,0.0,0.0,0.07134759913335872,1.0,0.9286524008666414,1.0,1999.54,0.5034574339058885,0.46,0.03777787546259534,0.9622221245374045,,,,52941.6,2000.0,5.818208011332899,1520.5524899857119,0.6297200103290379,25.436412002891302,1552.436830010265,0.6441485931465487
gradient_horizontal,gradient,100.0,100.0,0.0,15.0,min_area,50,0.0,0.0,0.07134759913335872,1.0,0.9286524008666414,1.0,1490.76,19.272016299414496,0.46,0.028167863606810003,0.9718321363931899,,,,52941.6,1491.22,5.818208011332899,1520.5524899857119,0.8688899944536388,25.536327990703285,1552.7759159822017,0.6440079278067977
gradient_horizontal,gradient,100.0,100.0,0.0,15.0,max_area,50,0.0,0.0,0.07134759913335872,1.0,0.9286524008666414,1.0,1815.98,8.433388454015773,0.0,0.03430195547632388,0.9656980445236762,,,,52941.6,1815.98,5.818208011332899,1520.5524899857119,0.8921159896999598,0.19871198805049062,1527.4615259747952,0.6546809742797417
gradient_horizontal,gradient,100.0,100.0,0.0,15.0,aspect_ratio,50,0.0,0.0,0.07134759913335872,1.0,0.9286524008666414,1.0,1891.8,10.462761956343174,0.46,0.035742930042573055,0.964257069957427,,,,52941.6,1892.26,5.818208011332899,1520.5524899857119,0.6753079919144511,25.770166001748294,1552.8161719907075,0.6439912322126332
gradient_horizontal,gradient,100.0,100.0,0.0,15.0,circularity,50,0.0,0.0,0.07134759913335872,1.0,0.9286524008666414,1.0,1099.22,23.19156250511318,0.0,0.02076278265163933,0.9792372173483607,,,,52941.6,1099.22,5.818208011332899,1520.5524899857119,1.1407880065962672,0.20499199628829956,1527.7164779999293,0.6545717182478713
gradient_horizontal,gradient,100.0,100.0,0.0,15.0,peak_intensity,50,0.0,0.0,0.07134759913335872,1.0,0.9286524008666414,1.0,1999.54,0.5034574339058885,0.46,0.03777787546259534,0.9622221245374045,,,,52941.6,2000.0,5.818208011332899,1520.5524899857119,0.5927420081570745,25.877545999828726,1552.8409860050306,0.6439809413922569
gradient_horizontal,gradient,100.0,100.0,0.0,15.0,combined,50,0.0,0.0,0.07134759913335872,1.0,0.9286524008666414,1.0,539.26,22.502435242362875,0.0,0.010186173334102473,0.9898138266658977,,,,52941.6,539.26,5.818208011332899,1520.5524899857119,1.4188719959929585,0.19905999302864075,1527.9886299860664,0.6544551316518101
gradient_vertical,gradient,100.0,0.0,100.0,15.0,none,50,0.0,0.0,0.07134759913335872,1.0,0.9286524008666414,1.0,1999.46,0.5034574339058885,0.54,0.03779736597065204,0.9622026340293478,,,,52914.38,2000.0,5.74363800464198,1480.1585359987803,0.6903579900972545,23.62651800736785,1510.2190500008874,0.6621555992154995
gradient_vertical,gradient,100.0,0.0,100.0,15.0,min_area,50,0.0,0.0,0.07134759913335872,1.0,0.9286524008666414,1.0,1490.08,20.264415378003008,0.54,0.028170868765500692,0.9718291312344992,,,,52914.38,1490.62,5.74363800464198,1480.1585359987803,0.8015760057605803,23.50324999773875,1510.2070000069216,0.6621608825779624
gradient_vertical,gradient,100.0,0.0,100.0,15.0,max_area,50,0.0,0.0,0.07134759913335872,1.0,0.9286524008666414,1.0,1821.5,11.071658983777509,0.0,0.03442391854542977,0.9655760814545701,,,,52914.38,1821.5,5.74363800464198,1480.1585359987803,0.8446500007994473,0.19680000375956297,1486.9436240079813,0.6725204532667827
gradient_vertical,gradient,100.0,0.0,100.0,15.0,aspect_ratio,50,0.1,0.04347576493189041,0.21360231437479654,1.0,0.9286524008666414,1.0,1891.66,10.387610359442245,0.54,0.035760119908513584,0.9642398800914865,3.54693823440731,2.5246047390005737,4.301970269854725,52914.38,1892.2,5.74363800464198,1480.1585359987803,0.6418780074454844,0.20134000340476632,1486.7453920142725,0.6726101223324996
gradient_vertical,gradient,100.0,0.0,100.0,15.0,circularity,50,0.0,0.0,0.07134759913335872,1.0,0.9286524008666414,1.0,1101.28,22.52711744560682,0.0,0.020812708396265006,0.979187291603735,,,,52914.38,1101.28,5.74363800464198,1480.1585359987803,0.5576959997415543,0.1172739895991981,1486.577143992763,0.6726862470884782
gradient_vertical,gradient,100.0,0.0,100.0,15.0,peak_intensity,50,0.0,0.0,0.07134759913335872,1.0,0.9286524008666414,1.0,1999.46,0.5034574339058885,0.54,0.03779736597065204,0.9622026340293478,,,,52914.38,2000.0,5.74363800464198,1480.1585359987803,0.40854800259694457,23.782411995343864,1510.093134001363,0.6622108116936166
gradient_vertical,gradient,100.0,0.0,100.0,15.0,combined,50,0.0,0.0,0.07134759913335872,1.0,0.9286524008666414,1.0,541.62,20.301693907410883,0.0,0.010235961234736902,0.9897640387652631,,,,52914.38,541.62,5.74363800464198,1480.1585359987803,1.347169999498874,0.18133999779820442,1487.4306840007193,0.6723002360757514
gradient_twod,gradient,100.0,100.0,100.0,15.0,none,50,0.0,0.0,0.07134759913335872,1.0,0.9286524008666414,1.0,2000.0,0.0,0.0,0.12185805320649848,0.8781419467935015,,,,16412.98,2000.0,6.104087994899601,690.5859380098991,0.6455299886874855,50.635714007075876,747.9712700005621,1.3369497467452842
gradient_twod,gradient,100.0,100.0,100.0,15.0,min_area,50,0.0,0.0,0.07134759913335872,1.0,0.9286524008666414,1.0,1438.14,20.202050815272624,0.0,0.08762353628570377,0.9123764637142964,,,,16412.98,1438.14,6.104087994899601,690.5859380098991,0.7820579991675913,51.034853991586715,748.506937995553,1.335992960436582
gradient_twod,gradient,100.0,100.0,100.0,15.0,max_area,50,0.0,0.0,0.07134759913335872,1.0,0.9286524008666414,1.0,1902.88,7.514991819078469,0.0,0.11594023721672787,0.8840597627832721,,,,16412.98,1902.88,6.104087994899601,690.5859380098991,0.8026840002276003,0.21156799281015992,697.7042779978365,1.4332719914942258
gradient_twod,gradient,100.0,100.0,100.0,15.0,aspect_ratio,50,0.0,0.0,0.07134759913335872,1.0,0.9286524008666414,1.0,1888.16,10.37729074784484,0.0,0.11504347667983017,0.8849565233201698,,,,16412.98,1888.16,6.104087994899601,690.5859380098991,0.6224160129204392,51.00759800057858,748.3200400182977,1.3363266336894415
gradient_twod,gradient,100.0,100.0,100.0,15.0,circularity,50,0.0,0.0,0.07134759913335872,1.0,0.9286524008666414,1.0,1240.52,19.562813536641087,0.0,0.07558436126722544,0.9244156387327748,,,,16412.98,1240.52,6.104087994899601,690.5859380098991,1.096162002068013,0.1890660054050386,697.9752540122718,1.4327155500879951
gradient_twod,gradient,100.0,100.0,100.0,15.0,peak_intensity,50,0.0,0.0,0.07134759913335872,1.0,0.9286524008666414,1.0,2000.0,0.0,0.0,0.12185805320649848,0.8781419467935015,,,,16412.98,2000.0,6.104087994899601,690.5859380098991,0.5678219976834953,50.65910999663174,747.916957999114,1.3370468329469067
gradient_twod,gradient,100.0,100.0,100.0,15.0,combined,50,0.0,0.0,0.07134759913335872,1.0,0.9286524008666414,1.0,618.0,22.891046284519195,0.0,0.03765319318079147,0.9623468068192085,,,,16412.98,618.0,6.104087994899601,690.5859380098991,1.3911880156956613,0.2266799914650619,698.3078940119594,1.4320330739134874
