trial_id,seed,scenario_id,experiment_sub_id,method_name,snr_db,sigma_n,background_level,background_type,psf_type,sigma_x,sigma_y,beacon_amplitude,roi_size,bit_depth,x_true,y_true,phi_x,phi_y,xmin,ymin,roi_width,roi_height,x_est,y_est,x_roi,y_roi,error_x,error_y,radial_error,angular_error_x_rad,angular_error_y_rad,angular_error_rad,angular_error_urad,success,failure_reason,runtime_ms,fit_parameters
8A_3_00008,856548023,8A_random_snr_3dB,8A_random_snr,Bounding Box Center,3.0,106.13878499556328,10.0,uniform,gaussian,2.0,2.0,150.0,31,8,563.1196725558649,608.3649193610783,0.119672555864895,0.3649193610782504,548,593,31,31,,,,,,,,,,,,False,No foreground pixels thresholded,0.18810003530234098,"{""background_mean"": 53.11206896551724, ""background_std"": 67.9964212485917, ""threshold"": 257.10133271129234, ""num_fg_pixels"": 0}"
8A_3_00008,856548023,8A_random_snr_3dB,8A_random_snr,Binary Centroid,3.0,106.13878499556328,10.0,uniform,gaussian,2.0,2.0,150.0,31,8,563.1196725558649,608.3649193610783,0.119672555864895,0.3649193610782504,548,593,31,31,,,,,,,,,,,,False,No foreground pixels thresholded,0.09380001574754715,"{""background_mean"": 53.11206896551724, ""background_std"": 67.9964212485917, ""threshold"": 257.10133271129234, ""num_fg_pixels"": 0}"
8A_3_00017,940722128,8A_random_snr_3dB,8A_random_snr,Bounding Box Center,3.0,106.13878499556328,10.0,uniform,gaussian,2.0,2.0,150.0,31,8,267.29205933031454,629.4901975424016,0.2920593303145438,0.49019754240157454,252,614,31,31,,,,,,,,,,,,False,No foreground pixels thresholded,0.11519994586706161,"{""background_mean"": 53.63793103448276, ""background_std"": 70.72700022789475, ""threshold"": 265.81893171816705, ""num_fg_pixels"": 0}"
8A_3_00017,940722128,8A_random_snr_3dB,8A_random_snr,Binary Centroid,3.0,106.13878499556328,10.0,uniform,gaussian,2.0,2.0,150.0,31,8,267.29205933031454,629.4901975424016,0.2920593303145438,0.49019754240157454,252,614,31,31,,,,,,,,,,,,False,No foreground pixels thresholded,0.06360001862049103,"{""background_mean"": 53.63793103448276, ""background_std"": 70.72700022789475, ""threshold"": 265.81893171816705, ""num_fg_pixels"": 0}"
8A_3_00019,268872596,8A_random_snr_3dB,8A_random_snr,Bounding Box Center,3.0,106.13878499556328,10.0,uniform,gaussian,2.0,2.0,150.0,31,8,570.6375887004784,771.6491490501343,0.6375887004784317,0.6491490501342696,556,757,31,31,,,,,,,,,,,,False,No foreground pixels thresholded,0.11849997099488974,"{""background_mean"": 50.258620689655174, ""background_std"": 68.80640265537332, ""threshold"": 256.6778286557751, ""num_fg_pixels"": 0}"
8A_3_00019,268872596,8A_random_snr_3dB,8A_random_snr,Binary Centroid,3.0,106.13878499556328,10.0,uniform,gaussian,2.0,2.0,150.0,31,8,570.6375887004784,771.6491490501343,0.6375887004784317,0.6491490501342696,556,757,31,31,,,,,,,,,,,,False,No foreground pixels thresholded,0.09809993207454681,"{""background_mean"": 50.258620689655174, ""background_std"": 68.80640265537332, ""threshold"": 256.6778286557751, ""num_fg_pixels"": 0}"
8A_0_00000,843588384,8A_random_snr_0dB,8A_random_snr,Bounding Box Center,0.0,149.9250187468754,10.0,uniform,gaussian,2.0,2.0,150.0,31,8,818.7629030190395,655.0581084817214,0.762903019039527,0.058108481721433236,804,640,31,31,,,,,,,,,,,,False,No foreground pixels thresholded,0.1916999462991953,"{""background_mean"": 58.97844827586207, ""background_std"": 75.88219352485717, ""threshold"": 286.6250288504336, ""num_fg_pixels"": 0}"
8A_0_00000,843588384,8A_random_snr_0dB,8A_random_snr,Binary Centroid,0.0,149.9250187468754,10.0,uniform,gaussian,2.0,2.0,150.0,31,8,818.7629030190395,655.0581084817214,0.762903019039527,0.058108481721433236,804,640,31,31,,,,,,,,,,,,False,No foreground pixels thresholded,0.057399971410632133,"{""background_mean"": 58.97844827586207, ""background_std"": 75.88219352485717, ""threshold"": 286.6250288504336, ""num_fg_pixels"": 0}"
8A_0_00001,724949433,8A_random_snr_0dB,8A_random_snr,Bounding Box Center,0.0,149.9250187468754,10.0,uniform,gaussian,2.0,2.0,150.0,31,8,757.3384564832974,705.8444788732871,0.3384564832973638,0.8444788732871302,742,691,31,31,,,,,,,,,,,,False,No foreground pixels thresholded,0.309599912725389,"{""background_mean"": 59.12068965517241, ""background_std"": 78.9094477945988, ""threshold"": 295.84903303896886, ""num_fg_pixels"": 0}"
8A_0_00001,724949433,8A_random_snr_0dB,8A_random_snr,Binary Centroid,0.0,149.9250187468754,10.0,uniform,gaussian,2.0,2.0,150.0,31,8,757.3384564832974,705.8444788732871,0.3384564832973638,0.8444788732871302,742,691,31,31,,,,,,,,,,,,False,No foreground pixels thresholded,0.14519994147121906,"{""background_mean"": 59.12068965517241, ""background_std"": 78.9094477945988, ""threshold"": 295.84903303896886, ""num_fg_pixels"": 0}"
8A_0_00002,539527435,8A_random_snr_0dB,8A_random_snr,Bounding Box Center,0.0,149.9250187468754,10.0,uniform,gaussian,2.0,2.0,150.0,31,8,703.7686275894594,528.8520155168811,0.7686275894593564,0.8520155168811243,689,514,31,31,,,,,,,,,,,,False,No foreground pixels thresholded,0.2346000401303172,"{""background_mean"": 60.599137931034484, ""background_std"": 77.58437342182276, ""threshold"": 293.35225819650276, ""num_fg_pixels"": 0}"
8A_0_00002,539527435,8A_random_snr_0dB,8A_random_snr,Binary Centroid,0.0,149.9250187468754,10.0,uniform,gaussian,2.0,2.0,150.0,31,8,703.7686275894594,528.8520155168811,0.7686275894593564,0.8520155168811243,689,514,31,31,,,,,,,,,,,,False,No foreground pixels thresholded,0.10190007742494345,"{""background_mean"": 60.599137931034484, ""background_std"": 77.58437342182276, ""threshold"": 293.35225819650276, ""num_fg_pixels"": 0}"
8A_0_00003,369867792,8A_random_snr_0dB,8A_random_snr,Bounding Box Center,0.0,149.9250187468754,10.0,uniform,gaussian,2.0,2.0,150.0,31,8,967.587123940537,492.8502742988337,0.5871239405370261,0.8502742988337104,953,478,31,31,,,,,,,,,,,,False,No foreground pixels thresholded,0.17520005349069834,"{""background_mean"": 68.59051724137932, ""background_std"": 86.28286727931194, ""threshold"": 327.4391190793151, ""num_fg_pixels"": 0}"
8A_0_00003,369867792,8A_random_snr_0dB,8A_random_snr,Binary Centroid,0.0,149.9250187468754,10.0,uniform,gaussian,2.0,2.0,150.0,31,8,967.587123940537,492.8502742988337,0.5871239405370261,0.8502742988337104,953,478,31,31,,,,,,,,,,,,False,No foreground pixels thresholded,0.10229996405541897,"{""background_mean"": 68.59051724137932, ""background_std"": 86.28286727931194, ""threshold"": 327.4391190793151, ""num_fg_pixels"": 0}"
8A_0_00004,909552243,8A_random_snr_0dB,8A_random_snr,Bounding Box Center,0.0,149.9250187468754,10.0,uniform,gaussian,2.0,2.0,150.0,31,8,784.4988169585315,431.53141104100456,0.4988169585315063,0.53141104100456,769,417,31,31,,,,,,,,,,,,False,No foreground pixels thresholded,0.228899996727705,"{""background_mean"": 65.5603448275862, ""background_std"": 82.02620363420286, ""threshold"": 311.63895573019477, ""num_fg_pixels"": 0}"
8A_0_00004,909552243,8A_random_snr_0dB,8A_random_snr,Binary Centroid,0.0,149.9250187468754,10.0,uniform,gaussian,2.0,2.0,150.0,31,8,784.4988169585315,431.53141104100456,0.4988169585315063,0.53141104100456,769,417,31,31,,,,,,,,,,,,False,No foreground pixels thresholded,0.11699995957314968,"{""background_mean"": 65.5603448275862, ""background_std"": 82.02620363420286, ""threshold"": 311.63895573019477, ""num_fg_pixels"": 0}"
8A_0_00005,516994668,8A_random_snr_0dB,8A_random_snr,Bounding Box Center,0.0,149.9250187468754,10.0,uniform,gaussian,2.0,2.0,150.0,31,8,359.9173376725517,214.63083224036475,0.917337672551696,0.6308322403647537,345,200,31,31,,,,,,,,,,,,False,No foreground pixels thresholded,0.12850004713982344,"{""background_mean"": 55.956896551724135, ""background_std"": 75.88295118156503, ""threshold"": 283.60575009641923, ""num_fg_pixels"": 0}"
8A_0_00005,516994668,8A_random_snr_0dB,8A_random_snr,Binary Centroid,0.0,149.9250187468754,10.0,uniform,gaussian,2.0,2.0,150.0,31,8,359.9173376725517,214.63083224036475,0.917337672551696,0.6308322403647537,345,200,31,31,,,,,,,,,,,,False,No foreground pixels thresholded,0.0681999372318387,"{""background_mean"": 55.956896551724135, ""background_std"": 75.88295118156503, ""threshold"": 283.60575009641923, ""num_fg_pixels"": 0}"
8A_0_00006,398552506,8A_random_snr_0dB,8A_random_snr,Bounding Box Center,0.0,149.9250187468754,10.0,uniform,gaussian,2.0,2.0,150.0,31,8,795.3388556356097,320.1916030096627,0.3388556356096615,0.1916030096626855,780,305,31,31,,,,,,,,,,,,False,No foreground pixels thresholded,0.16189995221793652,"{""background_mean"": 53.80172413793103, ""background_std"": 78.47075227461879, ""threshold"": 289.2139809617874, ""num_fg_pixels"": 0}"
8A_0_00006,398552506,8A_random_snr_0dB,8A_random_snr,Binary Centroid,0.0,149.9250187468754,10.0,uniform,gaussian,2.0,2.0,150.0,31,8,795.3388556356097,320.1916030096627,0.3388556356096615,0.1916030096626855,780,305,31,31,,,,,,,,,,,,False,No foreground pixels thresholded,0.08120003622025251,"{""background_mean"": 53.80172413793103, ""background_std"": 78.47075227461879, ""threshold"": 289.2139809617874, ""num_fg_pixels"": 0}"
8A_0_00007,259167022,8A_random_snr_0dB,8A_random_snr,Bounding Box Center,0.0,149.9250187468754,10.0,uniform,gaussian,2.0,2.0,150.0,31,8,237.44820732825687,613.3075350724208,0.4482073282568706,0.30753507242081923,222,598,31,31,,,,,,,,,,,,False,No foreground pixels thresholded,0.12710003647953272,"{""background_mean"": 65.59482758620689, ""background_std"": 82.68417044520464, ""threshold"": 313.64733892182085, ""num_fg_pixels"": 0}"
8A_0_00007,259167022,8A_random_snr_0dB,8A_random_snr,Binary Centroid,0.0,149.9250187468754,10.0,uniform,gaussian,2.0,2.0,150.0,31,8,237.44820732825687,613.3075350724208,0.4482073282568706,0.30753507242081923,222,598,31,31,,,,,,,,,,,,False,No foreground pixels thresholded,0.07059995550662279,"{""background_mean"": 65.59482758620689, ""background_std"": 82.68417044520464, ""threshold"": 313.64733892182085, ""num_fg_pixels"": 0}"
8A_0_00008,927460458,8A_random_snr_0dB,8A_random_snr,Bounding Box Center,0.0,149.9250187468754,10.0,uniform,gaussian,2.0,2.0,150.0,31,8,416.007314456293,606.2780221066008,0.007314456292988325,0.2780221066008153,401,591,31,31,,,,,,,,,,,,False,No foreground pixels thresholded,0.16840000171214342,"{""background_mean"": 51.52155172413793, ""background_std"": 78.8238403745038, ""threshold"": 287.99307284764933, ""num_fg_pixels"": 0}"
8A_0_00008,927460458,8A_random_snr_0dB,8A_random_snr,Binary Centroid,0.0,149.9250187468754,10.0,uniform,gaussian,2.0,2.0,150.0,31,8,416.007314456293,606.2780221066008,0.007314456292988325,0.2780221066008153,401,591,31,31,,,,,,,,,,,,False,No foreground pixels thresholded,0.07119996007531881,"{""background_mean"": 51.52155172413793, ""background_std"": 78.8238403745038, ""threshold"": 287.99307284764933, ""num_fg_pixels"": 0}"
8A_0_00009,170281734,8A_random_snr_0dB,8A_random_snr,Bounding Box Center,0.0,149.9250187468754,10.0,uniform,gaussian,2.0,2.0,150.0,31,8,1268.9818059475426,557.620357709658,0.9818059475426253,0.6203577096580375,1254,543,31,31,,,,,,,,,,,,False,No foreground pixels thresholded,0.16250007320195436,"{""background_mean"": 60.35344827586207, ""background_std"": 80.96553697570693, ""threshold"": 303.25005920298287, ""num_fg_pixels"": 0}"
8A_0_00009,170281734,8A_random_snr_0dB,8A_random_snr,Binary Centroid,0.0,149.9250187468754,10.0,uniform,gaussian,2.0,2.0,150.0,31,8,1268.9818059475426,557.620357709658,0.9818059475426253,0.6203577096580375,1254,543,31,31,,,,,,,,,,,,False,No foreground pixels thresholded,0.06690004374831915,"{""background_mean"": 60.35344827586207, ""background_std"": 80.96553697570693, ""threshold"": 303.25005920298287, ""num_fg_pixels"": 0}"
8A_0_00010,633769772,8A_random_snr_0dB,8A_random_snr,Bounding Box Center,0.0,149.9250187468754,10.0,uniform,gaussian,2.0,2.0,150.0,31,8,1536.761432563184,524.903327871964,0.7614325631839165,0.9033278719640521,1522,510,31,31,,,,,,,,,,,,False,No foreground pixels thresholded,0.15550001990050077,"{""background_mean"": 60.689655172413794, ""background_std"": 81.76568854977634, ""threshold"": 305.98672082174284, ""num_fg_pixels"": 0}"
8A_0_00010,633769772,8A_random_snr_0dB,8A_random_snr,Binary Centroid,0.0,149.9250187468754,10.0,uniform,gaussian,2.0,2.0,150.0,31,8,1536.761432563184,524.903327871964,0.7614325631839165,0.9033278719640521,1522,510,31,31,,,,,,,,,,,,False,No foreground pixels thresholded,0.05530007183551788,"{""background_mean"": 60.689655172413794, ""background_std"": 81.76568854977634, ""threshold"": 305.98672082174284, ""num_fg_pixels"": 0}"
8A_0_00011,515078901,8A_random_snr_0dB,8A_random_snr,Bounding Box Center,0.0,149.9250187468754,10.0,uniform,gaussian,2.0,2.0,150.0,31,8,1295.782005170738,393.8668014382619,0.7820051707381026,0.8668014382619162,1281,379,31,31,,,,,,,,,,,,False,No foreground pixels thresholded,0.14699995517730713,"{""background_mean"": 63.18103448275862, ""background_std"": 85.30817351165926, ""threshold"": 319.1055550177364, ""num_fg_pixels"": 0}"
8A_0_00011,515078901,8A_random_snr_0dB,8A_random_snr,Binary Centroid,0.0,149.9250187468754,10.0,uniform,gaussian,2.0,2.0,150.0,31,8,1295.782005170738,393.8668014382619,0.7820051707381026,0.8668014382619162,1281,379,31,31,,,,,,,,,,,,False,No foreground pixels thresholded,0.06450002547353506,"{""background_mean"": 63.18103448275862, ""background_std"": 85.30817351165926, ""threshold"": 319.1055550177364, ""num_fg_pixels"": 0}"
8A_0_00012,963211223,8A_random_snr_0dB,8A_random_snr,Bounding Box Center,0.0,149.9250187468754,10.0,uniform,gaussian,2.0,2.0,150.0,31,8,312.7324135029938,277.4400886995274,0.7324135029937793,0.4400886995273936,298,262,31,31,,,,,,,,,,,,False,No foreground pixels thresholded,0.10529998689889908,"{""background_mean"": 60.21120689655172, ""background_std"": 79.89768918106728, ""threshold"": 299.9042744397536, ""num_fg_pixels"": 0}"
8A_0_00012,963211223,8A_random_snr_0dB,8A_random_snr,Binary Centroid,0.0,149.9250187468754,10.0,uniform,gaussian,2.0,2.0,150.0,31,8,312.7324135029938,277.4400886995274,0.7324135029937793,0.4400886995273936,298,262,31,31,,,,,,,,,,,,False,No foreground pixels thresholded,0.049600028432905674,"{""background_mean"": 60.21120689655172, ""background_std"": 79.89768918106728, ""threshold"": 299.9042744397536, ""num_fg_pixels"": 0}"
8A_0_00013,649673207,8A_random_snr_0dB,8A_random_snr,Bounding Box Center,0.0,149.9250187468754,10.0,uniform,gaussian,2.0,2.0,150.0,31,8,1040.9698151167056,853.9845780814317,0.9698151167056039,0.984578081431664,1026,839,31,31,,,,,,,,,,,,False,No foreground pixels thresholded,0.2191000385209918,"{""background_mean"": 63.44396551724138, ""background_std"": 83.19123356998237, ""threshold"": 313.0176662271885, ""num_fg_pixels"": 0}"
8A_0_00013,649673207,8A_random_snr_0dB,8A_random_snr,Binary Centroid,0.0,149.9250187468754,10.0,uniform,gaussian,2.0,2.0,150.0,31,8,1040.9698151167056,853.9845780814317,0.9698151167056039,0.984578081431664,1026,839,31,31,,,,,,,,,,,,False,No foreground pixels thresholded,0.06699992809444666,"{""background_mean"": 63.44396551724138, ""background_std"": 83.19123356998237, ""threshold"": 313.0176662271885, ""num_fg_pixels"": 0}"
8A_0_00014,654102409,8A_random_snr_0dB,8A_random_snr,Bounding Box Center,0.0,149.9250187468754,10.0,uniform,gaussian,2.0,2.0,150.0,31,8,434.73375349743793,395.7499835379353,0.733753497437931,0.749983537935293,420,381,31,31,,,,,,,,,,,,False,No foreground pixels thresholded,0.23870007134974003,"{""background_mean"": 60.07327586206897, ""background_std"": 76.42654108601394, ""threshold"": 289.3528991201108, ""num_fg_pixels"": 0}"
8A_0_00014,654102409,8A_random_snr_0dB,8A_random_snr,Binary Centroid,0.0,149.9250187468754,10.0,uniform,gaussian,2.0,2.0,150.0,31,8,434.73375349743793,395.7499835379353,0.733753497437931,0.749983537935293,420,381,31,31,,,,,,,,,,,,False,No foreground pixels thresholded,0.13369997031986713,"{""background_mean"": 60.07327586206897, ""background_std"": 76.42654108601394, ""threshold"": 289.3528991201108, ""num_fg_pixels"": 0}"
8A_0_00015,637008490,8A_random_snr_0dB,8A_random_snr,Bounding Box Center,0.0,149.9250187468754,10.0,uniform,gaussian,2.0,2.0,150.0,31,8,726.0409469602857,203.77734312752918,0.04094696028573708,0.7773431275291784,711,189,31,31,,,,,,,,,,,,False,No foreground pixels thresholded,0.19880000036209822,"{""background_mean"": 64.10344827586206, ""background_std"": 84.32029241082674, ""threshold"": 317.0643255083423, ""num_fg_pixels"": 0}"
8A_0_00015,637008490,8A_random_snr_0dB,8A_random_snr,Binary Centroid,0.0,149.9250187468754,10.0,uniform,gaussian,2.0,2.0,150.0,31,8,726.0409469602857,203.77734312752918,0.04094696028573708,0.7773431275291784,711,189,31,31,,,,,,,,,,,,False,No foreground pixels thresholded,0.0825000461190939,"{""background_mean"": 64.10344827586206, ""background_std"": 84.32029241082674, ""threshold"": 317.0643255083423, ""num_fg_pixels"": 0}"
8A_0_00016,123869774,8A_random_snr_0dB,8A_random_snr,Bounding Box Center,0.0,149.9250187468754,10.0,uniform,gaussian,2.0,2.0,150.0,31,8,1664.985540169495,532.4649734561937,0.9855401694949251,0.46497345619366115,1650,517,31,31,,,,,,,,,,,,False,No foreground pixels thresholded,0.2180999144911766,"{""background_mean"": 59.71551724137931, ""background_std"": 77.87144645509241, ""threshold"": 293.32985660665656, ""num_fg_pixels"": 0}"
8A_0_00016,123869774,8A_random_snr_0dB,8A_random_snr,Binary Centroid,0.0,149.9250187468754,10.0,uniform,gaussian,2.0,2.0,150.0,31,8,1664.985540169495,532.4649734561937,0.9855401694949251,0.46497345619366115,1650,517,31,31,,,,,,,,,,,,False,No foreground pixels thresholded,0.1756999408826232,"{""background_mean"": 59.71551724137931, ""background_std"": 77.87144645509241, ""threshold"": 293.32985660665656, ""num_fg_pixels"": 0}"
8A_0_00017,325260388,8A_random_snr_0dB,8A_random_snr,Bounding Box Center,0.0,149.9250187468754,10.0,uniform,gaussian,2.0,2.0,150.0,31,8,1686.79368215056,364.08481927231185,0.7936821505600165,0.08481927231184727,1672,349,31,31,,,,,,,,,,,,False,No foreground pixels thresholded,0.1531000016257167,"{""background_mean"": 64.60344827586206, ""background_std"": 83.05885733149019, ""threshold"": 313.78002027033267, ""num_fg_pixels"": 0}"
8A_0_00017,325260388,8A_random_snr_0dB,8A_random_snr,Binary Centroid,0.0,149.9250187468754,10.0,uniform,gaussian,2.0,2.0,150.0,31,8,1686.79368215056,364.08481927231185,0.7936821505600165,0.08481927231184727,1672,349,31,31,,,,,,,,,,,,False,No foreground pixels thresholded,0.07619999814778566,"{""background_mean"": 64.60344827586206, ""background_std"": 83.05885733149019, ""threshold"": 313.78002027033267, ""num_fg_pixels"": 0}"
8A_0_00018,411576002,8A_random_snr_0dB,8A_random_snr,Bounding Box Center,0.0,149.9250187468754,10.0,uniform,gaussian,2.0,2.0,150.0,31,8,537.8020597869858,577.9247016672199,0.8020597869857511,0.9247016672198924,523,563,31,31,,,,,,,,,,,,False,No foreground pixels thresholded,0.1409999094903469,"{""background_mean"": 70.90086206896552, ""background_std"": 87.44507438237785, ""threshold"": 333.23608521609907, ""num_fg_pixels"": 0}"
8A_0_00018,411576002,8A_random_snr_0dB,8A_random_snr,Binary Centroid,0.0,149.9250187468754,10.0,uniform,gaussian,2.0,2.0,150.0,31,8,537.8020597869858,577.9247016672199,0.8020597869857511,0.9247016672198924,523,563,31,31,,,,,,,,,,,,False,No foreground pixels thresholded,0.0779998954385519,"{""background_mean"": 70.90086206896552, ""background_std"": 87.44507438237785, ""threshold"": 333.23608521609907, ""num_fg_pixels"": 0}"
8A_0_00019,444473646,8A_random_snr_0dB,8A_random_snr,Bounding Box Center,0.0,149.9250187468754,10.0,uniform,gaussian,2.0,2.0,150.0,31,8,1450.3727023413066,362.04869847231384,0.37270234130664903,0.04869847231384483,1435,347,31,31,,,,,,,,,,,,False,No foreground pixels thresholded,0.12850004713982344,"{""background_mean"": 61.25431034482759, ""background_std"": 81.11741159689176, ""threshold"": 304.60654513550287, ""num_fg_pixels"": 0}"
8A_0_00019,444473646,8A_random_snr_0dB,8A_random_snr,Binary Centroid,0.0,149.9250187468754,10.0,uniform,gaussian,2.0,2.0,150.0,31,8,1450.3727023413066,362.04869847231384,0.37270234130664903,0.04869847231384483,1435,347,31,31,,,,,,,,,,,,False,No foreground pixels thresholded,0.10249996557831764,"{""background_mean"": 61.25431034482759, ""background_std"": 81.11741159689176, ""threshold"": 304.60654513550287, ""num_fg_pixels"": 0}"
8C_sig_0.5_00003,791874951,8C_psf_sigma_0.5px,8C_psf_sigma,Gaussian Fitting,15.0,26.660857388726804,10.0,uniform,gaussian,0.5,0.5,150.0,31,8,1500.5942726943015,779.8781474246555,0.5942726943014804,0.8781474246554808,1486,765,31,31,,,,,,,,,,,,False,Curve fit non-convergence / optimizer error: Optimal parameters not found: The maximum number of function evaluations is exceeded.,700.3794000484049,"{""initial_params"": [100.68103448275862, 15.5, 15.5, 2.0, 2.0, 13.318965517241379]}"
8C_sig_0.5_00016,364438563,8C_psf_sigma_0.5px,8C_psf_sigma,Gaussian Fitting,15.0,26.660857388726804,10.0,uniform,gaussian,0.5,0.5,150.0,31,8,254.99354299678686,339.95870752597193,0.9935429967868572,0.9587075259719313,240,325,31,31,,,,,,,,,,,,False,Curve fit non-convergence / optimizer error: Optimal parameters not found: The maximum number of function evaluations is exceeded.,723.0768000008538,"{""initial_params"": [124.38362068965517, 15.5, 15.5, 2.0, 2.0, 17.61637931034483]}"
8D_bg_200_00000,226311194,8D_bg_uniform_200,8B_background,Bounding Box Center,15.0,26.660857388726804,200.0,uniform,gaussian,2.0,2.0,150.0,31,8,1121.7135866099075,302.99280795727043,0.7135866099074519,0.9928079572704291,1107,288,31,31,,,,,,,,,,,,False,No foreground pixels thresholded,0.1805000938475132,"{""background_mean"": 199.36637931034483, ""background_std"": 27.585123564396447, ""threshold"": 282.1217500035342, ""num_fg_pixels"": 0}"
8D_bg_200_00000,226311194,8D_bg_uniform_200,8B_background,Binary Centroid,15.0,26.660857388726804,200.0,uniform,gaussian,2.0,2.0,150.0,31,8,1121.7135866099075,302.99280795727043,0.7135866099074519,0.9928079572704291,1107,288,31,31,,,,,,,,,,,,False,No foreground pixels thresholded,0.09789993055164814,"{""background_mean"": 199.36637931034483, ""background_std"": 27.585123564396447, ""threshold"": 282.1217500035342, ""num_fg_pixels"": 0}"
8D_bg_200_00001,710359191,8D_bg_uniform_200,8B_background,Bounding Box Center,15.0,26.660857388726804,200.0,uniform,gaussian,2.0,2.0,150.0,31,8,942.1628565512427,432.51916723491433,0.1628565512427258,0.5191672349143346,927,418,31,31,,,,,,,,,,,,False,No foreground pixels thresholded,0.13509998098015785,"{""background_mean"": 198.94827586206895, ""background_std"": 25.340047637459715, ""threshold"": 274.9684187744481, ""num_fg_pixels"": 0}"
8D_bg_200_00001,710359191,8D_bg_uniform_200,8B_background,Binary Centroid,15.0,26.660857388726804,200.0,uniform,gaussian,2.0,2.0,150.0,31,8,942.1628565512427,432.51916723491433,0.1628565512427258,0.5191672349143346,927,418,31,31,,,,,,,,,,,,False,No foreground pixels thresholded,0.10339997243136168,"{""background_mean"": 198.94827586206895, ""background_std"": 25.340047637459715, ""threshold"": 274.9684187744481, ""num_fg_pixels"": 0}"
8D_bg_200_00002,825406270,8D_bg_uniform_200,8B_background,Bounding Box Center,15.0,26.660857388726804,200.0,uniform,gaussian,2.0,2.0,150.0,31,8,1010.6131094189941,731.0141247334768,0.6131094189940995,0.014124733476819529,996,716,31,31,,,,,,,,,,,,False,No foreground pixels thresholded,0.1319000730291009,"{""background_mean"": 199.4956896551724, ""background_std"": 24.519344552475225, ""threshold"": 273.0537233125981, ""num_fg_pixels"": 0}"
8D_bg_200_00002,825406270,8D_bg_uniform_200,8B_background,Binary Centroid,15.0,26.660857388726804,200.0,uniform,gaussian,2.0,2.0,150.0,31,8,1010.6131094189941,731.0141247334768,0.6131094189940995,0.014124733476819529,996,716,31,31,,,,,,,,,,,,False,No foreground pixels thresholded,0.07189996540546417,"{""background_mean"": 199.4956896551724, ""background_std"": 24.519344552475225, ""threshold"": 273.0537233125981, ""num_fg_pixels"": 0}"
8D_bg_200_00003,177912488,8D_bg_uniform_200,8B_background,Bounding Box Center,15.0,26.660857388726804,200.0,uniform,gaussian,2.0,2.0,150.0,31,8,311.2645742778213,830.0395602083902,0.26457427782128207,0.039560208390184926,296,815,31,31,,,,,,,,,,,,False,No foreground pixels thresholded,0.09909993968904018,"{""background_mean"": 197.47844827586206, ""background_std"": 25.92827409590064, ""threshold"": 275.263270563564, ""num_fg_pixels"": 0}"
8D_bg_200_00003,177912488,8D_bg_uniform_200,8B_background,Binary Centroid,15.0,26.660857388726804,200.0,uniform,gaussian,2.0,2.0,150.0,31,8,311.2645742778213,830.0395602083902,0.26457427782128207,0.039560208390184926,296,815,31,31,,,,,,,,,,,,False,No foreground pixels thresholded,0.04950002767145634,"{""background_mean"": 197.47844827586206, ""background_std"": 25.92827409590064, ""threshold"": 275.263270563564, ""num_fg_pixels"": 0}"
8D_bg_200_00004,944777342,8D_bg_uniform_200,8B_background,Bounding Box Center,15.0,26.660857388726804,200.0,uniform,gaussian,2.0,2.0,150.0,31,8,364.27390616860606,716.0328099994978,0.2739061686060609,0.03280999949777197,349,701,31,31,,,,,,,,,,,,False,No foreground pixels thresholded,0.10219996329396963,"{""background_mean"": 200.43534482758622, ""background_std"": 27.525930578119223, ""threshold"": 283.0131365619439, ""num_fg_pixels"": 0}"
8D_bg_200_00004,944777342,8D_bg_uniform_200,8B_background,Binary Centroid,15.0,26.660857388726804,200.0,uniform,gaussian,2.0,2.0,150.0,31,8,364.27390616860606,716.0328099994978,0.2739061686060609,0.03280999949777197,349,701,31,31,,,,,,,,,,,,False,No foreground pixels thresholded,0.05410006269812584,"{""background_mean"": 200.43534482758622, ""background_std"": 27.525930578119223, ""threshold"": 283.0131365619439, ""num_fg_pixels"": 0}"
8D_bg_200_00005,240248948,8D_bg_uniform_200,8B_background,Bounding Box Center,15.0,26.660857388726804,200.0,uniform,gaussian,2.0,2.0,150.0,31,8,735.1929417364935,389.3786209274345,0.19294173649348068,0.37862092743449693,720,374,31,31,,,,,,,,,,,,False,No foreground pixels thresholded,0.1066999975591898,"{""background_mean"": 200.32758620689654, ""background_std"": 24.237074714687143, ""threshold"": 273.038810350958, ""num_fg_pixels"": 0}"
8D_bg_200_00005,240248948,8D_bg_uniform_200,8B_background,Binary Centroid,15.0,26.660857388726804,200.0,uniform,gaussian,2.0,2.0,150.0,31,8,735.1929417364935,389.3786209274345,0.19294173649348068,0.37862092743449693,720,374,31,31,,,,,,,,,,,,False,No foreground pixels thresholded,0.056900084018707275,"{""background_mean"": 200.32758620689654, ""background_std"": 24.237074714687143, ""threshold"": 273.038810350958, ""num_fg_pixels"": 0}"
8D_bg_200_00006,418205503,8D_bg_uniform_200,8B_background,Bounding Box Center,15.0,26.660857388726804,200.0,uniform,gaussian,2.0,2.0,150.0,31,8,785.3279238835307,866.0897312777413,0.32792388353072965,0.08973127774129352,770,851,31,31,,,,,,,,,,,,False,No foreground pixels thresholded,0.14180003199726343,"{""background_mean"": 200.33189655172413, ""background_std"": 24.78784497434291, ""threshold"": 274.69543147475287, ""num_fg_pixels"": 0}"
8D_bg_200_00006,418205503,8D_bg_uniform_200,8B_background,Binary Centroid,15.0,26.660857388726804,200.0,uniform,gaussian,2.0,2.0,150.0,31,8,785.3279238835307,866.0897312777413,0.32792388353072965,0.08973127774129352,770,851,31,31,,,,,,,,,,,,False,No foreground pixels thresholded,0.07209996692836285,"{""background_mean"": 200.33189655172413, ""background_std"": 24.78784497434291, ""threshold"": 274.69543147475287, ""num_fg_pixels"": 0}"
8D_bg_200_00007,339007740,8D_bg_uniform_200,8B_background,Bounding Box Center,15.0,26.660857388726804,200.0,uniform,gaussian,2.0,2.0,150.0,31,8,1118.2021143001564,217.75664942741662,0.20211430015638143,0.7566494274166189,1103,203,31,31,,,,,,,,,,,,False,No foreground pixels thresholded,0.1463000662624836,"{""background_mean"": 203.23275862068965, ""background_std"": 25.33767052359837, ""threshold"": 279.2457701914848, ""num_fg_pixels"": 0}"
8D_bg_200_00007,339007740,8D_bg_uniform_200,8B_background,Binary Centroid,15.0,26.660857388726804,200.0,uniform,gaussian,2.0,2.0,150.0,31,8,1118.2021143001564,217.75664942741662,0.20211430015638143,0.7566494274166189,1103,203,31,31,,,,,,,,,,,,False,No foreground pixels thresholded,0.0852999510243535,"{""background_mean"": 203.23275862068965, ""background_std"": 25.33767052359837, ""threshold"": 279.2457701914848, ""num_fg_pixels"": 0}"
8D_bg_200_00008,599496975,8D_bg_uniform_200,8B_background,Bounding Box Center,15.0,26.660857388726804,200.0,uniform,gaussian,2.0,2.0,150.0,31,8,1706.5042193555378,438.53182385577793,0.5042193555377708,0.5318238557779296,1692,424,31,31,,,,,,,,,,,,False,No foreground pixels thresholded,0.16649998724460602,"{""background_mean"": 201.9094827586207, ""background_std"": 27.515912256704635, ""threshold"": 284.4572195287346, ""num_fg_pixels"": 0}"
8D_bg_200_00008,599496975,8D_bg_uniform_200,8B_background,Binary Centroid,15.0,26.660857388726804,200.0,uniform,gaussian,2.0,2.0,150.0,31,8,1706.5042193555378,438.53182385577793,0.5042193555377708,0.5318238557779296,1692,424,31,31,,,,,,,,,,,,False,No foreground pixels thresholded,0.08279993198812008,"{""background_mean"": 201.9094827586207, ""background_std"": 27.515912256704635, ""threshold"": 284.4572195287346, ""num_fg_pixels"": 0}"
8D_bg_200_00009,928526174,8D_bg_uniform_200,8B_background,Bounding Box Center,15.0,26.660857388726804,200.0,uniform,gaussian,2.0,2.0,150.0,31,8,1618.7739394386376,413.7647566879327,0.7739394386376262,0.7647566879326746,1604,399,31,31,,,,,,,,,,,,False,No foreground pixels thresholded,0.11710007674992085,"{""background_mean"": 202.00862068965517, ""background_std"": 25.713942176092605, ""threshold"": 279.150447217933, ""num_fg_pixels"": 0}"
8D_bg_200_00009,928526174,8D_bg_uniform_200,8B_background,Binary Centroid,15.0,26.660857388726804,200.0,uniform,gaussian,2.0,2.0,150.0,31,8,1618.7739394386376,413.7647566879327,0.7739394386376262,0.7647566879326746,1604,399,31,31,,,,,,,,,,,,False,No foreground pixels thresholded,0.0724999699741602,"{""background_mean"": 202.00862068965517, ""background_std"": 25.713942176092605, ""threshold"": 279.150447217933, ""num_fg_pixels"": 0}"
8D_bg_200_00010,733417280,8D_bg_uniform_200,8B_background,Bounding Box Center,15.0,26.660857388726804,200.0,uniform,gaussian,2.0,2.0,150.0,31,8,1483.4343492482253,525.7668755681073,0.43434924822531684,0.7668755681072525,1468,511,31,31,,,,,,,,,,,,False,No foreground pixels thresholded,0.10920001659542322,"{""background_mean"": 198.91810344827587, ""background_std"": 26.961933891353418, ""threshold"": 279.8039051223361, ""num_fg_pixels"": 0}"
8D_bg_200_00010,733417280,8D_bg_uniform_200,8B_background,Binary Centroid,15.0,26.660857388726804,200.0,uniform,gaussian,2.0,2.0,150.0,31,8,1483.4343492482253,525.7668755681073,0.43434924822531684,0.7668755681072525,1468,511,31,31,,,,,,,,,,,,False,No foreground pixels thresholded,0.05339994095265865,"{""background_mean"": 198.91810344827587, ""background_std"": 26.961933891353418, ""threshold"": 279.8039051223361, ""num_fg_pixels"": 0}"
8D_bg_200_00011,895504577,8D_bg_uniform_200,8B_background,Bounding Box Center,15.0,26.660857388726804,200.0,uniform,gaussian,2.0,2.0,150.0,31,8,1285.3084596224978,748.9292422440061,0.30845962249782133,0.9292422440061046,1270,734,31,31,,,,,,,,,,,,False,No foreground pixels thresholded,0.17630006186664104,"{""background_mean"": 199.95258620689654, ""background_std"": 23.360229839175812, ""threshold"": 270.03327572442396, ""num_fg_pixels"": 0}"
8D_bg_200_00011,895504577,8D_bg_uniform_200,8B_background,Binary Centroid,15.0,26.660857388726804,200.0,uniform,gaussian,2.0,2.0,150.0,31,8,1285.3084596224978,748.9292422440061,0.30845962249782133,0.9292422440061046,1270,734,31,31,,,,,,,,,,,,False,No foreground pixels thresholded,0.09540002793073654,"{""background_mean"": 199.95258620689654, ""background_std"": 23.360229839175812, ""threshold"": 270.03327572442396, ""num_fg_pixels"": 0}"
8D_bg_200_00012,492818228,8D_bg_uniform_200,8B_background,Bounding Box Center,15.0,26.660857388726804,200.0,uniform,gaussian,2.0,2.0,150.0,31,8,343.7700907181589,830.0932709053243,0.7700907181588832,0.09327090532428883,329,815,31,31,,,,,,,,,,,,False,No foreground pixels thresholded,0.10569998994469643,"{""background_mean"": 200.1293103448276, ""background_std"": 25.601397514526223, ""threshold"": 276.9335028884062, ""num_fg_pixels"": 0}"
8D_bg_200_00012,492818228,8D_bg_uniform_200,8B_background,Binary Centroid,15.0,26.660857388726804,200.0,uniform,gaussian,2.0,2.0,150.0,31,8,343.7700907181589,830.0932709053243,0.7700907181588832,0.09327090532428883,329,815,31,31,,,,,,,,,,,,False,No foreground pixels thresholded,0.05700008478015661,"{""background_mean"": 200.1293103448276, ""background_std"": 25.601397514526223, ""threshold"": 276.9335028884062, ""num_fg_pixels"": 0}"
8D_bg_200_00013,994269178,8D_bg_uniform_200,8B_background,Bounding Box Center,15.0,26.660857388726804,200.0,uniform,gaussian,2.0,2.0,150.0,31,8,620.0341794109282,646.7701869494442,0.034179410928231846,0.7701869494442235,605,632,31,31,,,,,,,,,,,,False,No foreground pixels thresholded,0.10349997319281101,"{""background_mean"": 194.875, ""background_std"": 27.111787660949506, ""threshold"": 276.21036298284855, ""num_fg_pixels"": 0}"
8D_bg_200_00013,994269178,8D_bg_uniform_200,8B_background,Binary Centroid,15.0,26.660857388726804,200.0,uniform,gaussian,2.0,2.0,150.0,31,8,620.0341794109282,646.7701869494442,0.034179410928231846,0.7701869494442235,605,632,31,31,,,,,,,,,,,,False,No foreground pixels thresholded,0.05680008325725794,"{""background_mean"": 194.875, ""background_std"": 27.111787660949506, ""threshold"": 276.21036298284855, ""num_fg_pixels"": 0}"
8D_bg_200_00014,739212713,8D_bg_uniform_200,8B_background,Bounding Box Center,15.0,26.660857388726804,200.0,uniform,gaussian,2.0,2.0,150.0,31,8,1414.8568603919166,745.0978832802149,0.856860391916598,0.09788328021488724,1400,730,31,31,,,,,,,,,,,,False,No foreground pixels thresholded,0.14760007616132498,"{""background_mean"": 197.27586206896552, ""background_std"": 25.811346812145178, ""threshold"": 274.70990250540103, ""num_fg_pixels"": 0}"
8D_bg_200_00014,739212713,8D_bg_uniform_200,8B_background,Binary Centroid,15.0,26.660857388726804,200.0,uniform,gaussian,2.0,2.0,150.0,31,8,1414.8568603919166,745.0978832802149,0.856860391916598,0.09788328021488724,1400,730,31,31,,,,,,,,,,,,False,No foreground pixels thresholded,0.06670004222542048,"{""background_mean"": 197.27586206896552, ""background_std"": 25.811346812145178, ""threshold"": 274.70990250540103, ""num_fg_pixels"": 0}"
8D_bg_200_00015,602410252,8D_bg_uniform_200,8B_background,Bounding Box Center,15.0,26.660857388726804,200.0,uniform,gaussian,2.0,2.0,150.0,31,8,1342.4141775215926,387.0424579528281,0.4141775215925918,0.0424579528281015,1327,372,31,31,,,,,,,,,,,,False,No foreground pixels thresholded,0.14589994680136442,"{""background_mean"": 199.6551724137931, ""background_std"": 24.348618684985503, ""threshold"": 272.70102846874966, ""num_fg_pixels"": 0}"
8D_bg_200_00015,602410252,8D_bg_uniform_200,8B_background,Binary Centroid,15.0,26.660857388726804,200.0,uniform,gaussian,2.0,2.0,150.0,31,8,1342.4141775215926,387.0424579528281,0.4141775215925918,0.0424579528281015,1327,372,31,31,,,,,,,,,,,,False,No foreground pixels thresholded,0.05889998283237219,"{""background_mean"": 199.6551724137931, ""background_std"": 24.348618684985503, ""threshold"": 272.70102846874966, ""num_fg_pixels"": 0}"
8D_bg_200_00016,659230739,8D_bg_uniform_200,8B_background,Bounding Box Center,15.0,26.660857388726804,200.0,uniform,gaussian,2.0,2.0,150.0,31,8,881.3927350121018,514.4251026319923,0.39273501210175255,0.4251026319923312,866,499,31,31,,,,,,,,,,,,False,No foreground pixels thresholded,0.10440009646117687,"{""background_mean"": 202.74137931034483, ""background_std"": 26.220918435759348, ""threshold"": 281.40413461762284, ""num_fg_pixels"": 0}"
8D_bg_200_00016,659230739,8D_bg_uniform_200,8B_background,Binary Centroid,15.0,26.660857388726804,200.0,uniform,gaussian,2.0,2.0,150.0,31,8,881.3927350121018,514.4251026319923,0.39273501210175255,0.4251026319923312,866,499,31,31,,,,,,,,,,,,False,No foreground pixels thresholded,0.05479995161294937,"{""background_mean"": 202.74137931034483, ""background_std"": 26.220918435759348, ""threshold"": 281.40413461762284, ""num_fg_pixels"": 0}"
8D_bg_200_00017,48275866,8D_bg_uniform_200,8B_background,Bounding Box Center,15.0,26.660857388726804,200.0,uniform,gaussian,2.0,2.0,150.0,31,8,1536.8937431287163,325.42597096481285,0.8937431287163236,0.4259709648128478,1522,310,31,31,,,,,,,,,,,,False,No foreground pixels thresholded,0.10840001050382853,"{""background_mean"": 198.30172413793105, ""background_std"": 26.645411013190078, ""threshold"": 278.23795717750124, ""num_fg_pixels"": 0}"
8D_bg_200_00017,48275866,8D_bg_uniform_200,8B_background,Binary Centroid,15.0,26.660857388726804,200.0,uniform,gaussian,2.0,2.0,150.0,31,8,1536.8937431287163,325.42597096481285,0.8937431287163236,0.4259709648128478,1522,310,31,31,,,,,,,,,,,,False,No foreground pixels thresholded,0.053200055845081806,"{""background_mean"": 198.30172413793105, ""background_std"": 26.645411013190078, ""threshold"": 278.23795717750124, ""num_fg_pixels"": 0}"
8D_bg_200_00018,270340970,8D_bg_uniform_200,8B_background,Bounding Box Center,15.0,26.660857388726804,200.0,uniform,gaussian,2.0,2.0,150.0,31,8,1350.502512049335,422.41774328636285,0.5025120493351096,0.41774328636284963,1336,407,31,31,,,,,,,,,,,,False,No foreground pixels thresholded,0.14239992015063763,"{""background_mean"": 200.83620689655172, ""background_std"": 24.664452979638124, ""threshold"": 274.8295658354661, ""num_fg_pixels"": 0}"
8D_bg_200_00018,270340970,8D_bg_uniform_200,8B_background,Binary Centroid,15.0,26.660857388726804,200.0,uniform,gaussian,2.0,2.0,150.0,31,8,1350.502512049335,422.41774328636285,0.5025120493351096,0.41774328636284963,1336,407,31,31,,,,,,,,,,,,False,No foreground pixels thresholded,0.07559999357908964,"{""background_mean"": 200.83620689655172, ""background_std"": 24.664452979638124, ""threshold"": 274.8295658354661, ""num_fg_pixels"": 0}"
8D_bg_200_00019,467726366,8D_bg_uniform_200,8B_background,Bounding Box Center,15.0,26.660857388726804,200.0,uniform,gaussian,2.0,2.0,150.0,31,8,591.1518017330789,454.351929943023,0.15180173307885525,0.35192994302298075,576,439,31,31,,,,,,,,,,,,False,No foreground pixels thresholded,0.10259996633976698,"{""background_mean"": 203.125, ""background_std"": 25.216252199722305, ""threshold"": 278.7737565991669, ""num_fg_pixels"": 0}"
8D_bg_200_00019,467726366,8D_bg_uniform_200,8B_background,Binary Centroid,15.0,26.660857388726804,200.0,uniform,gaussian,2.0,2.0,150.0,31,8,591.1518017330789,454.351929943023,0.15180173307885525,0.35192994302298075,576,439,31,31,,,,,,,,,,,,False,No foreground pixels thresholded,0.05639996379613876,"{""background_mean"": 203.125, ""background_std"": 25.216252199722305, ""threshold"": 278.7737565991669, ""num_fg_pixels"": 0}"
8D_bg_500_00000,502679324,8D_bg_uniform_500,8B_background,Bounding Box Center,15.0,26.660857388726804,500.0,uniform,gaussian,2.0,2.0,150.0,31,8,1124.4134082443898,584.8239123610508,0.4134082443897569,0.8239123610508159,1109,570,31,31,,,,,,,,,,,,False,No foreground pixels thresholded,0.1412000274285674,"{""background_mean"": 255.0, ""background_std"": 0.0, ""threshold"": 270.0, ""num_fg_pixels"": 0}"
8D_bg_500_00000,502679324,8D_bg_uniform_500,8B_background,Binary Centroid,15.0,26.660857388726804,500.0,uniform,gaussian,2.0,2.0,150.0,31,8,1124.4134082443898,584.8239123610508,0.4134082443897569,0.8239123610508159,1109,570,31,31,,,,,,,,,,,,False,No foreground pixels thresholded,0.08950009942054749,"{""background_mean"": 255.0, ""background_std"": 0.0, ""threshold"": 270.0, ""num_fg_pixels"": 0}"
8D_bg_500_00000,502679324,8D_bg_uniform_500,8B_background,Intensity-Weighted Centroid,15.0,26.660857388726804,500.0,uniform,gaussian,2.0,2.0,150.0,31,8,1124.4134082443898,584.8239123610508,0.4134082443897569,0.8239123610508159,1109,570,31,31,,,,,,,,,,,,False,Total effective weight is zero or nonfinite,0.20190002396702766,"{""background_mean"": 255.0, ""total_weight"": 0.0, ""max_weight"": 0.0}"
8D_bg_500_00001,965049782,8D_bg_uniform_500,8B_background,Bounding Box Center,15.0,26.660857388726804,500.0,uniform,gaussian,2.0,2.0,150.0,31,8,590.7847220208514,655.9675930259974,0.7847220208514045,0.9675930259974166,576,641,31,31,,,,,,,,,,,,False,No foreground pixels thresholded,0.09869993664324284,"{""background_mean"": 255.0, ""background_std"": 0.0, ""threshold"": 270.0, ""num_fg_pixels"": 0}"
8D_bg_500_00001,965049782,8D_bg_uniform_500,8B_background,Binary Centroid,15.0,26.660857388726804,500.0,uniform,gaussian,2.0,2.0,150.0,31,8,590.7847220208514,655.9675930259974,0.7847220208514045,0.9675930259974166,576,641,31,31,,,,,,,,,,,,False,No foreground pixels thresholded,0.056200078688561916,"{""background_mean"": 255.0, ""background_std"": 0.0, ""threshold"": 270.0, ""num_fg_pixels"": 0}"
8D_bg_500_00001,965049782,8D_bg_uniform_500,8B_background,Intensity-Weighted Centroid,15.0,26.660857388726804,500.0,uniform,gaussian,2.0,2.0,150.0,31,8,590.7847220208514,655.9675930259974,0.7847220208514045,0.9675930259974166,576,641,31,31,,,,,,,,,,,,False,Total effective weight is zero or nonfinite,0.13239996042102575,"{""background_mean"": 255.0, ""total_weight"": 0.0, ""max_weight"": 0.0}"
8D_bg_500_00002,969771578,8D_bg_uniform_500,8B_background,Bounding Box Center,15.0,26.660857388726804,500.0,uniform,gaussian,2.0,2.0,150.0,31,8,1078.1421039258516,769.526460090635,0.142103925851643,0.5264600906350552,1063,755,31,31,,,,,,,,,,,,False,No foreground pixels thresholded,0.13189995661377907,"{""background_mean"": 255.0, ""background_std"": 0.0, ""threshold"": 270.0, ""num_fg_pixels"": 0}"
8D_bg_500_00002,969771578,8D_bg_uniform_500,8B_background,Binary Centroid,15.0,26.660857388726804,500.0,uniform,gaussian,2.0,2.0,150.0,31,8,1078.1421039258516,769.526460090635,0.142103925851643,0.5264600906350552,1063,755,31,31,,,,,,,,,,,,False,No foreground pixels thresholded,0.08479994721710682,"{""background_mean"": 255.0, ""background_std"": 0.0, ""threshold"": 270.0, ""num_fg_pixels"": 0}"
8D_bg_500_00002,969771578,8D_bg_uniform_500,8B_background,Intensity-Weighted Centroid,15.0,26.660857388726804,500.0,uniform,gaussian,2.0,2.0,150.0,31,8,1078.1421039258516,769.526460090635,0.142103925851643,0.5264600906350552,1063,755,31,31,,,,,,,,,,,,False,Total effective weight is zero or nonfinite,0.18560001626610756,"{""background_mean"": 255.0, ""total_weight"": 0.0, ""max_weight"": 0.0}"
8D_bg_500_00003,558342508,8D_bg_uniform_500,8B_background,Bounding Box Center,15.0,26.660857388726804,500.0,uniform,gaussian,2.0,2.0,150.0,31,8,458.58416214918327,354.26344931435693,0.5841621491832711,0.263449314356933,444,339,31,31,,,,,,,,,,,,False,No foreground pixels thresholded,0.13310008216649294,"{""background_mean"": 255.0, ""background_std"": 0.0, ""threshold"": 270.0, ""num_fg_pixels"": 0}"
8D_bg_500_00003,558342508,8D_bg_uniform_500,8B_background,Binary Centroid,15.0,26.660857388726804,500.0,uniform,gaussian,2.0,2.0,150.0,31,8,458.58416214918327,354.26344931435693,0.5841621491832711,0.263449314356933,444,339,31,31,,,,,,,,,,,,False,No foreground pixels thresholded,0.050900038331747055,"{""background_mean"": 255.0, ""background_std"": 0.0, ""threshold"": 270.0, ""num_fg_pixels"": 0}"
8D_bg_500_00003,558342508,8D_bg_uniform_500,8B_background,Intensity-Weighted Centroid,15.0,26.660857388726804,500.0,uniform,gaussian,2.0,2.0,150.0,31,8,458.58416214918327,354.26344931435693,0.5841621491832711,0.263449314356933,444,339,31,31,,,,,,,,,,,,False,Total effective weight is zero or nonfinite,0.14650006778538227,"{""background_mean"": 255.0, ""total_weight"": 0.0, ""max_weight"": 0.0}"
8D_bg_500_00004,818227352,8D_bg_uniform_500,8B_background,Bounding Box Center,15.0,26.660857388726804,500.0,uniform,gaussian,2.0,2.0,150.0,31,8,452.11518605331423,832.5638624034713,0.1151860533142326,0.563862403471262,437,818,31,31,,,,,,,,,,,,False,No foreground pixels thresholded,0.26299990713596344,"{""background_mean"": 255.0, ""background_std"": 0.0, ""threshold"": 270.0, ""num_fg_pixels"": 0}"
8D_bg_500_00004,818227352,8D_bg_uniform_500,8B_background,Binary Centroid,15.0,26.660857388726804,500.0,uniform,gaussian,2.0,2.0,150.0,31,8,452.11518605331423,832.5638624034713,0.1151860533142326,0.563862403471262,437,818,31,31,,,,,,,,,,,,False,No foreground pixels thresholded,0.12790004257112741,"{""background_mean"": 255.0, ""background_std"": 0.0, ""threshold"": 270.0, ""num_fg_pixels"": 0}"
8D_bg_500_00004,818227352,8D_bg_uniform_500,8B_background,Intensity-Weighted Centroid,15.0,26.660857388726804,500.0,uniform,gaussian,2.0,2.0,150.0,31,8,452.11518605331423,832.5638624034713,0.1151860533142326,0.563862403471262,437,818,31,31,,,,,,,,,,,,False,Total effective weight is zero or nonfinite,0.2514999359846115,"{""background_mean"": 255.0, ""total_weight"": 0.0, ""max_weight"": 0.0}"
8D_bg_500_00005,383286188,8D_bg_uniform_500,8B_background,Bounding Box Center,15.0,26.660857388726804,500.0,uniform,gaussian,2.0,2.0,150.0,31,8,1295.5978560332062,376.8159012154631,0.5978560332061988,0.8159012154631,1281,362,31,31,,,,,,,,,,,,False,No foreground pixels thresholded,0.10259996633976698,"{""background_mean"": 255.0, ""background_std"": 0.0, ""threshold"": 270.0, ""num_fg_pixels"": 0}"
8D_bg_500_00005,383286188,8D_bg_uniform_500,8B_background,Binary Centroid,15.0,26.660857388726804,500.0,uniform,gaussian,2.0,2.0,150.0,31,8,1295.5978560332062,376.8159012154631,0.5978560332061988,0.8159012154631,1281,362,31,31,,,,,,,,,,,,False,No foreground pixels thresholded,0.049200025387108326,"{""background_mean"": 255.0, ""background_std"": 0.0, ""threshold"": 270.0, ""num_fg_pixels"": 0}"
8D_bg_500_00005,383286188,8D_bg_uniform_500,8B_background,Intensity-Weighted Centroid,15.0,26.660857388726804,500.0,uniform,gaussian,2.0,2.0,150.0,31,8,1295.5978560332062,376.8159012154631,0.5978560332061988,0.8159012154631,1281,362,31,31,,,,,,,,,,,,False,Total effective weight is zero or nonfinite,0.1406000228598714,"{""background_mean"": 255.0, ""total_weight"": 0.0, ""max_weight"": 0.0}"
8D_bg_500_00006,58848537,8D_bg_uniform_500,8B_background,Bounding Box Center,15.0,26.660857388726804,500.0,uniform,gaussian,2.0,2.0,150.0,31,8,218.51224297110662,245.25855717814875,0.5122429711066161,0.2585571781487488,204,230,31,31,,,,,,,,,,,,False,No foreground pixels thresholded,0.14199991710484028,"{""background_mean"": 255.0, ""background_std"": 0.0, ""threshold"": 270.0, ""num_fg_pixels"": 0}"
8D_bg_500_00006,58848537,8D_bg_uniform_500,8B_background,Binary Centroid,15.0,26.660857388726804,500.0,uniform,gaussian,2.0,2.0,150.0,31,8,218.51224297110662,245.25855717814875,0.5122429711066161,0.2585571781487488,204,230,31,31,,,,,,,,,,,,False,No foreground pixels thresholded,0.06590003613382578,"{""background_mean"": 255.0, ""background_std"": 0.0, ""threshold"": 270.0, ""num_fg_pixels"": 0}"
8D_bg_500_00006,58848537,8D_bg_uniform_500,8B_background,Intensity-Weighted Centroid,15.0,26.660857388726804,500.0,uniform,gaussian,2.0,2.0,150.0,31,8,218.51224297110662,245.25855717814875,0.5122429711066161,0.2585571781487488,204,230,31,31,,,,,,,,,,,,False,Total effective weight is zero or nonfinite,0.17159990966320038,"{""background_mean"": 255.0, ""total_weight"": 0.0, ""max_weight"": 0.0}"
8D_bg_500_00007,69812111,8D_bg_uniform_500,8B_background,Bounding Box Center,15.0,26.660857388726804,500.0,uniform,gaussian,2.0,2.0,150.0,31,8,1207.9370514306704,457.89472858171473,0.9370514306704081,0.8947285817147304,1193,443,31,31,,,,,,,,,,,,False,No foreground pixels thresholded,0.10439998004585505,"{""background_mean"": 255.0, ""background_std"": 0.0, ""threshold"": 270.0, ""num_fg_pixels"": 0}"
8D_bg_500_00007,69812111,8D_bg_uniform_500,8B_background,Binary Centroid,15.0,26.660857388726804,500.0,uniform,gaussian,2.0,2.0,150.0,31,8,1207.9370514306704,457.89472858171473,0.9370514306704081,0.8947285817147304,1193,443,31,31,,,,,,,,,,,,False,No foreground pixels thresholded,0.05030003376305103,"{""background_mean"": 255.0, ""background_std"": 0.0, ""threshold"": 270.0, ""num_fg_pixels"": 0}"
8D_bg_500_00007,69812111,8D_bg_uniform_500,8B_background,Intensity-Weighted Centroid,15.0,26.660857388726804,500.0,uniform,gaussian,2.0,2.0,150.0,31,8,1207.9370514306704,457.89472858171473,0.9370514306704081,0.8947285817147304,1193,443,31,31,,,,,,,,,,,,False,Total effective weight is zero or nonfinite,0.1316999550908804,"{""background_mean"": 255.0, ""total_weight"": 0.0, ""max_weight"": 0.0}"
8D_bg_500_00008,118677366,8D_bg_uniform_500,8B_background,Bounding Box Center,15.0,26.660857388726804,500.0,uniform,gaussian,2.0,2.0,150.0,31,8,593.3232658843651,326.58763497465304,0.32326588436512793,0.5876349746530423,578,312,31,31,,,,,,,,,,,,False,No foreground pixels thresholded,0.14599994756281376,"{""background_mean"": 255.0, ""background_std"": 0.0, ""threshold"": 270.0, ""num_fg_pixels"": 0}"
8D_bg_500_00008,118677366,8D_bg_uniform_500,8B_background,Binary Centroid,15.0,26.660857388726804,500.0,uniform,gaussian,2.0,2.0,150.0,31,8,593.3232658843651,326.58763497465304,0.32326588436512793,0.5876349746530423,578,312,31,31,,,,,,,,,,,,False,No foreground pixels thresholded,0.051200040616095066,"{""background_mean"": 255.0, ""background_std"": 0.0, ""threshold"": 270.0, ""num_fg_pixels"": 0}"
8D_bg_500_00008,118677366,8D_bg_uniform_500,8B_background,Intensity-Weighted Centroid,15.0,26.660857388726804,500.0,uniform,gaussian,2.0,2.0,150.0,31,8,593.3232658843651,326.58763497465304,0.32326588436512793,0.5876349746530423,578,312,31,31,,,,,,,,,,,,False,Total effective weight is zero or nonfinite,0.20629994105547667,"{""background_mean"": 255.0, ""total_weight"": 0.0, ""max_weight"": 0.0}"
8D_bg_500_00009,333448419,8D_bg_uniform_500,8B_background,Bounding Box Center,15.0,26.660857388726804,500.0,uniform,gaussian,2.0,2.0,150.0,31,8,1291.156291321961,533.1041514938029,0.15629132196090723,0.10415149380287403,1276,518,31,31,,,,,,,,,,,,False,No foreground pixels thresholded,0.20020001102238894,"{""background_mean"": 255.0, ""background_std"": 0.0, ""threshold"": 270.0, ""num_fg_pixels"": 0}"
8D_bg_500_00009,333448419,8D_bg_uniform_500,8B_background,Binary Centroid,15.0,26.660857388726804,500.0,uniform,gaussian,2.0,2.0,150.0,31,8,1291.156291321961,533.1041514938029,0.15629132196090723,0.10415149380287403,1276,518,31,31,,,,,,,,,,,,False,No foreground pixels thresholded,0.0730000901967287,"{""background_mean"": 255.0, ""background_std"": 0.0, ""threshold"": 270.0, ""num_fg_pixels"": 0}"
8D_bg_500_00009,333448419,8D_bg_uniform_500,8B_background,Intensity-Weighted Centroid,15.0,26.660857388726804,500.0,uniform,gaussian,2.0,2.0,150.0,31,8,1291.156291321961,533.1041514938029,0.15629132196090723,0.10415149380287403,1276,518,31,31,,,,,,,,,,,,False,Total effective weight is zero or nonfinite,0.21749990992248058,"{""background_mean"": 255.0, ""total_weight"": 0.0, ""max_weight"": 0.0}"
8D_bg_500_00010,721528858,8D_bg_uniform_500,8B_background,Bounding Box Center,15.0,26.660857388726804,500.0,uniform,gaussian,2.0,2.0,150.0,31,8,1719.8725317491485,719.4823760046291,0.872531749148493,0.4823760046291454,1705,704,31,31,,,,,,,,,,,,False,No foreground pixels thresholded,0.11269992683082819,"{""background_mean"": 255.0, ""background_std"": 0.0, ""threshold"": 270.0, ""num_fg_pixels"": 0}"
8D_bg_500_00010,721528858,8D_bg_uniform_500,8B_background,Binary Centroid,15.0,26.660857388726804,500.0,uniform,gaussian,2.0,2.0,150.0,31,8,1719.8725317491485,719.4823760046291,0.872531749148493,0.4823760046291454,1705,704,31,31,,,,,,,,,,,,False,No foreground pixels thresholded,0.06089999806135893,"{""background_mean"": 255.0, ""background_std"": 0.0, ""threshold"": 270.0, ""num_fg_pixels"": 0}"
8D_bg_500_00010,721528858,8D_bg_uniform_500,8B_background,Intensity-Weighted Centroid,15.0,26.660857388726804,500.0,uniform,gaussian,2.0,2.0,150.0,31,8,1719.8725317491485,719.4823760046291,0.872531749148493,0.4823760046291454,1705,704,31,31,,,,,,,,,,,,False,Total effective weight is zero or nonfinite,0.14290004037320614,"{""background_mean"": 255.0, ""total_weight"": 0.0, ""max_weight"": 0.0}"
8D_bg_500_00011,455352121,8D_bg_uniform_500,8B_background,Bounding Box Center,15.0,26.660857388726804,500.0,uniform,gaussian,2.0,2.0,150.0,31,8,1371.0877593827715,827.1140191913346,0.08775938277153728,0.1140191913345916,1356,812,31,31,,,,,,,,,,,,False,No foreground pixels thresholded,0.15440001152455807,"{""background_mean"": 255.0, ""background_std"": 0.0, ""threshold"": 270.0, ""num_fg_pixels"": 0}"
8D_bg_500_00011,455352121,8D_bg_uniform_500,8B_background,Binary Centroid,15.0,26.660857388726804,500.0,uniform,gaussian,2.0,2.0,150.0,31,8,1371.0877593827715,827.1140191913346,0.08775938277153728,0.1140191913345916,1356,812,31,31,,,,,,,,,,,,False,No foreground pixels thresholded,0.08049991447478533,"{""background_mean"": 255.0, ""background_std"": 0.0, ""threshold"": 270.0, ""num_fg_pixels"": 0}"
8D_bg_500_00011,455352121,8D_bg_uniform_500,8B_background,Intensity-Weighted Centroid,15.0,26.660857388726804,500.0,uniform,gaussian,2.0,2.0,150.0,31,8,1371.0877593827715,827.1140191913346,0.08775938277153728,0.1140191913345916,1356,812,31,31,,,,,,,,,,,,False,Total effective weight is zero or nonfinite,0.1829999964684248,"{""background_mean"": 255.0, ""total_weight"": 0.0, ""max_weight"": 0.0}"
8D_bg_500_00012,584476172,8D_bg_uniform_500,8B_background,Bounding Box Center,15.0,26.660857388726804,500.0,uniform,gaussian,2.0,2.0,150.0,31,8,1613.3147174474655,645.3551648869939,0.3147174474654548,0.35516488699386173,1598,630,31,31,,,,,,,,,,,,False,No foreground pixels thresholded,0.13860000763088465,"{""background_mean"": 255.0, ""background_std"": 0.0, ""threshold"": 270.0, ""num_fg_pixels"": 0}"
8D_bg_500_00012,584476172,8D_bg_uniform_500,8B_background,Binary Centroid,15.0,26.660857388726804,500.0,uniform,gaussian,2.0,2.0,150.0,31,8,1613.3147174474655,645.3551648869939,0.3147174474654548,0.35516488699386173,1598,630,31,31,,,,,,,,,,,,False,No foreground pixels thresholded,0.063000014051795,"{""background_mean"": 255.0, ""background_std"": 0.0, ""threshold"": 270.0, ""num_fg_pixels"": 0}"
8D_bg_500_00012,584476172,8D_bg_uniform_500,8B_background,Intensity-Weighted Centroid,15.0,26.660857388726804,500.0,uniform,gaussian,2.0,2.0,150.0,31,8,1613.3147174474655,645.3551648869939,0.3147174474654548,0.35516488699386173,1598,630,31,31,,,,,,,,,,,,False,Total effective weight is zero or nonfinite,0.17920008394867182,"{""background_mean"": 255.0, ""total_weight"": 0.0, ""max_weight"": 0.0}"
8D_bg_500_00013,947493044,8D_bg_uniform_500,8B_background,Bounding Box Center,15.0,26.660857388726804,500.0,uniform,gaussian,2.0,2.0,150.0,31,8,1237.4161616800673,507.1900452159596,0.41616168006726184,0.19004521595957158,1222,492,31,31,,,,,,,,,,,,False,No foreground pixels thresholded,0.13180007226765156,"{""background_mean"": 255.0, ""background_std"": 0.0, ""threshold"": 270.0, ""num_fg_pixels"": 0}"
8D_bg_500_00013,947493044,8D_bg_uniform_500,8B_background,Binary Centroid,15.0,26.660857388726804,500.0,uniform,gaussian,2.0,2.0,150.0,31,8,1237.4161616800673,507.1900452159596,0.41616168006726184,0.19004521595957158,1222,492,31,31,,,,,,,,,,,,False,No foreground pixels thresholded,0.05570007488131523,"{""background_mean"": 255.0, ""background_std"": 0.0, ""threshold"": 270.0, ""num_fg_pixels"": 0}"
8D_bg_500_00013,947493044,8D_bg_uniform_500,8B_background,Intensity-Weighted Centroid,15.0,26.660857388726804,500.0,uniform,gaussian,2.0,2.0,150.0,31,8,1237.4161616800673,507.1900452159596,0.41616168006726184,0.19004521595957158,1222,492,31,31,,,,,,,,,,,,False,Total effective weight is zero or nonfinite,0.16119994688779116,"{""background_mean"": 255.0, ""total_weight"": 0.0, ""max_weight"": 0.0}"
8D_bg_500_00014,551057496,8D_bg_uniform_500,8B_background,Bounding Box Center,15.0,26.660857388726804,500.0,uniform,gaussian,2.0,2.0,150.0,31,8,1565.7052724094776,784.067155677735,0.7052724094776295,0.06715567773494513,1551,769,31,31,,,,,,,,,,,,False,No foreground pixels thresholded,0.10339997243136168,"{""background_mean"": 255.0, ""background_std"": 0.0, ""threshold"": 270.0, ""num_fg_pixels"": 0}"
8D_bg_500_00014,551057496,8D_bg_uniform_500,8B_background,Binary Centroid,15.0,26.660857388726804,500.0,uniform,gaussian,2.0,2.0,150.0,31,8,1565.7052724094776,784.067155677735,0.7052724094776295,0.06715567773494513,1551,769,31,31,,,,,,,,,,,,False,No foreground pixels thresholded,0.05500006955116987,"{""background_mean"": 255.0, ""background_std"": 0.0, ""threshold"": 270.0, ""num_fg_pixels"": 0}"
8D_bg_500_00014,551057496,8D_bg_uniform_500,8B_background,Intensity-Weighted Centroid,15.0,26.660857388726804,500.0,uniform,gaussian,2.0,2.0,150.0,31,8,1565.7052724094776,784.067155677735,0.7052724094776295,0.06715567773494513,1551,769,31,31,,,,,,,,,,,,False,Total effective weight is zero or nonfinite,0.14849996659904718,"{""background_mean"": 255.0, ""total_weight"": 0.0, ""max_weight"": 0.0}"
8D_bg_500_00015,253307600,8D_bg_uniform_500,8B_background,Bounding Box Center,15.0,26.660857388726804,500.0,uniform,gaussian,2.0,2.0,150.0,31,8,1098.6537304725769,226.33901585757326,0.6537304725768536,0.3390158575732585,1084,211,31,31,,,,,,,,,,,,False,No foreground pixels thresholded,0.1129999291151762,"{""background_mean"": 255.0, ""background_std"": 0.0, ""threshold"": 270.0, ""num_fg_pixels"": 0}"
8D_bg_500_00015,253307600,8D_bg_uniform_500,8B_background,Binary Centroid,15.0,26.660857388726804,500.0,uniform,gaussian,2.0,2.0,150.0,31,8,1098.6537304725769,226.33901585757326,0.6537304725768536,0.3390158575732585,1084,211,31,31,,,,,,,,,,,,False,No foreground pixels thresholded,0.05340005736798048,"{""background_mean"": 255.0, ""background_std"": 0.0, ""threshold"": 270.0, ""num_fg_pixels"": 0}"
8D_bg_500_00015,253307600,8D_bg_uniform_500,8B_background,Intensity-Weighted Centroid,15.0,26.660857388726804,500.0,uniform,gaussian,2.0,2.0,150.0,31,8,1098.6537304725769,226.33901585757326,0.6537304725768536,0.3390158575732585,1084,211,31,31,,,,,,,,,,,,False,Total effective weight is zero or nonfinite,0.1669999910518527,"{""background_mean"": 255.0, ""total_weight"": 0.0, ""max_weight"": 0.0}"
8D_bg_500_00016,588426362,8D_bg_uniform_500,8B_background,Bounding Box Center,15.0,26.660857388726804,500.0,uniform,gaussian,2.0,2.0,150.0,31,8,1196.9498513799158,503.7485144668931,0.949851379915799,0.7485144668930843,1182,489,31,31,,,,,,,,,,,,False,No foreground pixels thresholded,0.15970005188137293,"{""background_mean"": 255.0, ""background_std"": 0.0, ""threshold"": 270.0, ""num_fg_pixels"": 0}"
8D_bg_500_00016,588426362,8D_bg_uniform_500,8B_background,Binary Centroid,15.0,26.660857388726804,500.0,uniform,gaussian,2.0,2.0,150.0,31,8,1196.9498513799158,503.7485144668931,0.949851379915799,0.7485144668930843,1182,489,31,31,,,,,,,,,,,,False,No foreground pixels thresholded,0.09129999671131372,"{""background_mean"": 255.0, ""background_std"": 0.0, ""threshold"": 270.0, ""num_fg_pixels"": 0}"
8D_bg_500_00016,588426362,8D_bg_uniform_500,8B_background,Intensity-Weighted Centroid,15.0,26.660857388726804,500.0,uniform,gaussian,2.0,2.0,150.0,31,8,1196.9498513799158,503.7485144668931,0.949851379915799,0.7485144668930843,1182,489,31,31,,,,,,,,,,,,False,Total effective weight is zero or nonfinite,0.2017999067902565,"{""background_mean"": 255.0, ""total_weight"": 0.0, ""max_weight"": 0.0}"
8D_bg_500_00017,402219211,8D_bg_uniform_500,8B_background,Bounding Box Center,15.0,26.660857388726804,500.0,uniform,gaussian,2.0,2.0,150.0,31,8,1531.3201609688929,531.3683441642063,0.3201609688928784,0.3683441642062917,1516,516,31,31,,,,,,,,,,,,False,No foreground pixels thresholded,0.1210999907925725,"{""background_mean"": 255.0, ""background_std"": 0.0, ""threshold"": 270.0, ""num_fg_pixels"": 0}"
8D_bg_500_00017,402219211,8D_bg_uniform_500,8B_background,Binary Centroid,15.0,26.660857388726804,500.0,uniform,gaussian,2.0,2.0,150.0,31,8,1531.3201609688929,531.3683441642063,0.3201609688928784,0.3683441642062917,1516,516,31,31,,,,,,,,,,,,False,No foreground pixels thresholded,0.04859990440309048,"{""background_mean"": 255.0, ""background_std"": 0.0, ""threshold"": 270.0, ""num_fg_pixels"": 0}"
8D_bg_500_00017,402219211,8D_bg_uniform_500,8B_background,Intensity-Weighted Centroid,15.0,26.660857388726804,500.0,uniform,gaussian,2.0,2.0,150.0,31,8,1531.3201609688929,531.3683441642063,0.3201609688928784,0.3683441642062917,1516,516,31,31,,,,,,,,,,,,False,Total effective weight is zero or nonfinite,0.14519994147121906,"{""background_mean"": 255.0, ""total_weight"": 0.0, ""max_weight"": 0.0}"
8D_bg_500_00018,136470553,8D_bg_uniform_500,8B_background,Bounding Box Center,15.0,26.660857388726804,500.0,uniform,gaussian,2.0,2.0,150.0,31,8,1521.2968684855075,565.0606307421895,0.29686848550750256,0.06063074218945985,1506,550,31,31,,,,,,,,,,,,False,No foreground pixels thresholded,0.11360005009919405,"{""background_mean"": 255.0, ""background_std"": 0.0, ""threshold"": 270.0, ""num_fg_pixels"": 0}"
8D_bg_500_00018,136470553,8D_bg_uniform_500,8B_background,Binary Centroid,15.0,26.660857388726804,500.0,uniform,gaussian,2.0,2.0,150.0,31,8,1521.2968684855075,565.0606307421895,0.29686848550750256,0.06063074218945985,1506,550,31,31,,,,,,,,,,,,False,No foreground pixels thresholded,0.053999945521354675,"{""background_mean"": 255.0, ""background_std"": 0.0, ""threshold"": 270.0, ""num_fg_pixels"": 0}"
8D_bg_500_00018,136470553,8D_bg_uniform_500,8B_background,Intensity-Weighted Centroid,15.0,26.660857388726804,500.0,uniform,gaussian,2.0,2.0,150.0,31,8,1521.2968684855075,565.0606307421895,0.29686848550750256,0.06063074218945985,1506,550,31,31,,,,,,,,,,,,False,Total effective weight is zero or nonfinite,0.13860000763088465,"{""background_mean"": 255.0, ""total_weight"": 0.0, ""max_weight"": 0.0}"
8D_bg_500_00019,468873097,8D_bg_uniform_500,8B_background,Bounding Box Center,15.0,26.660857388726804,500.0,uniform,gaussian,2.0,2.0,150.0,31,8,760.3859212914632,569.19695954262,0.3859212914632053,0.19695954261999304,745,554,31,31,,,,,,,,,,,,False,No foreground pixels thresholded,0.10180007666349411,"{""background_mean"": 255.0, ""background_std"": 0.0, ""threshold"": 270.0, ""num_fg_pixels"": 0}"
8D_bg_500_00019,468873097,8D_bg_uniform_500,8B_background,Binary Centroid,15.0,26.660857388726804,500.0,uniform,gaussian,2.0,2.0,150.0,31,8,760.3859212914632,569.19695954262,0.3859212914632053,0.19695954261999304,745,554,31,31,,,,,,,,,,,,False,No foreground pixels thresholded,0.04959991201758385,"{""background_mean"": 255.0, ""background_std"": 0.0, ""threshold"": 270.0, ""num_fg_pixels"": 0}"
8D_bg_500_00019,468873097,8D_bg_uniform_500,8B_background,Intensity-Weighted Centroid,15.0,26.660857388726804,500.0,uniform,gaussian,2.0,2.0,150.0,31,8,760.3859212914632,569.19695954262,0.3859212914632053,0.19695954261999304,745,554,31,31,,,,,,,,,,,,False,Total effective weight is zero or nonfinite,0.12779992539435625,"{""background_mean"": 255.0, ""total_weight"": 0.0, ""max_weight"": 0.0}"
