scenario_id,snr_db,background_level,roi_size,method_a,method_b,paired_trial_count,rmse_difference,mean_error_difference,ci_lower_diff,ci_upper_diff,latency_difference_ms
8A_random_snr_0dB,0.0,10.0,31,Bounding Box Center,Binary Centroid,0,,,,,-0.0913300144020468
8A_random_snr_10dB,10.0,10.0,31,Bounding Box Center,Binary Centroid,20,-0.6186859912409945,-0.6407345195580316,-1.269423422665714,0.02692773717501302,-0.10385497589595616
8A_random_snr_15dB,15.0,10.0,31,Bounding Box Center,Binary Centroid,20,-1.5658092960781085,-1.128006236679448,-2.2819617536619075,-0.8064824440927947,-0.08986500324681401
8A_random_snr_20dB,20.0,10.0,31,Bounding Box Center,Binary Centroid,20,-3.3900891795491126,-3.1549784072211926,-3.9635192869026397,-2.774801685507388,-0.09548000525683165
8A_random_snr_25dB,25.0,10.0,31,Bounding Box Center,Binary Centroid,20,-3.371484097119551,-3.0250210344093493,-3.9891995771388555,-2.738256799738024,-0.0950650020968169
8A_random_snr_30dB,30.0,10.0,31,Bounding Box Center,Binary Centroid,20,-2.402071025400613,-1.4497968479303236,-3.40108347844805,-1.3062855256161945,-0.10930499411188066
8A_random_snr_3dB,3.0,10.0,31,Bounding Box Center,Binary Centroid,17,0.563739526359371,0.6703963410219667,0.06772071368157227,1.1156403641796522,-0.12520000831607508
8A_random_snr_5dB,5.0,10.0,31,Bounding Box Center,Binary Centroid,20,0.3798994647554079,0.49654861413193574,-0.21396766473950263,0.9811690267102814,-0.09843999869190156
8A_random_snr_7dB,7.0,10.0,31,Bounding Box Center,Binary Centroid,20,0.0848020410999113,0.27717841794820486,-0.8226686873821537,1.0382068147285755,-0.12037497945129871
8B_phase_px0.125_py0,15.0,10.0,31,Bounding Box Center,Binary Centroid,20,-1.6333678475544378,-1.246583292775301,-2.5682358386300304,-0.6946859897066033,-0.10090498253703117
8B_phase_px0.125_py0.125,15.0,10.0,31,Bounding Box Center,Binary Centroid,20,-2.2610407052321255,-1.9377781101173852,-2.981036425588778,-1.4941469495773747,-0.08398499921895564
8B_phase_px0.125_py0.25,15.0,10.0,31,Bounding Box Center,Binary Centroid,20,-1.9853965309708657,-1.765867465475006,-2.6802675196368098,-1.3242963723204173,-0.08578498382121325
8B_phase_px0.125_py0.375,15.0,10.0,31,Bounding Box Center,Binary Centroid,20,-1.692427940380019,-1.16573529765687,-2.5038242387400955,-0.800523021775382,-0.079549994552508
8B_phase_px0.125_py0.5,15.0,10.0,31,Bounding Box Center,Binary Centroid,20,-2.084315145715701,-1.5043051603093924,-2.824519995793414,-1.170781176336343,-0.10051500285044312
8B_phase_px0.125_py0.625,15.0,10.0,31,Bounding Box Center,Binary Centroid,20,-2.43702538310301,-1.8881225531959949,-3.2122015072075074,-1.463058260510619,-0.0816150160972029
8B_phase_px0.125_py0.75,15.0,10.0,31,Bounding Box Center,Binary Centroid,20,-3.1892809809763665,-2.7341001236324667,-4.015689426253905,-2.2543052861608346,-0.06269998848438263
8B_phase_px0.125_py0.875,15.0,10.0,31,Bounding Box Center,Binary Centroid,20,-1.9798747888285693,-1.606724214276697,-2.709169817844629,-1.1660429149849894,-0.06483496981672943
8B_phase_px0.25_py0,15.0,10.0,31,Bounding Box Center,Binary Centroid,20,-1.5634114124079261,-1.3038940982870744,-2.295229826590325,-0.8279083059508594,-0.07107501151040196
8B_phase_px0.25_py0.125,15.0,10.0,31,Bounding Box Center,Binary Centroid,20,-1.817142748762987,-1.3361155307286414,-2.439793587135052,-1.1405465697992183,-0.07309999782592058
8B_phase_px0.25_py0.25,15.0,10.0,31,Bounding Box Center,Binary Centroid,20,-1.6637475319347275,-1.4217946002531188,-2.212140418062977,-1.0448223451779783,-0.07408002275042236
8B_phase_px0.25_py0.375,15.0,10.0,31,Bounding Box Center,Binary Centroid,20,-2.4249924792884547,-2.0890131047382634,-3.1890206865278716,-1.6474140761436527,-0.06057499558664858
8B_phase_px0.25_py0.5,15.0,10.0,31,Bounding Box Center,Binary Centroid,20,-2.1298567045520667,-1.839960029857222,-2.766766195739919,-1.355450018087087,-0.07231502095237374
8B_phase_px0.25_py0.625,15.0,10.0,31,Bounding Box Center,Binary Centroid,20,-2.53142935828458,-2.0680960066968863,-3.4766401024627265,-1.4784142216027363,-0.06742501864209771
8B_phase_px0.25_py0.75,15.0,10.0,31,Bounding Box Center,Binary Centroid,20,-2.394773352476538,-1.846457639832016,-3.1892430385614707,-1.4973766369535528,-0.06790500483475626
8B_phase_px0.25_py0.875,15.0,10.0,31,Bounding Box Center,Binary Centroid,20,-2.3318533729621858,-1.7802750126194118,-3.3235907550627535,-1.177256333672126,-0.08264000643976033
8B_phase_px0.375_py0,15.0,10.0,31,Bounding Box Center,Binary Centroid,20,-2.0571598491731393,-1.6457110252895526,-2.795778743063378,-1.2325963404926652,-0.08519997936673462
8B_phase_px0.375_py0.125,15.0,10.0,31,Bounding Box Center,Binary Centroid,20,-1.5414258910437422,-1.163707261555267,-2.386649389922464,-0.7409251091546958,-0.06615499150939286
8B_phase_px0.375_py0.25,15.0,10.0,31,Bounding Box Center,Binary Centroid,20,-2.665763060448619,-2.222377227525125,-3.510420938465678,-1.7211208707015773,-0.0556300044991076
8B_phase_px0.375_py0.375,15.0,10.0,31,Bounding Box Center,Binary Centroid,20,-2.4025325416373886,-2.177486343093721,-3.054131494081911,-1.6889033046203936,-0.060640001902356744
8B_phase_px0.375_py0.5,15.0,10.0,31,Bounding Box Center,Binary Centroid,20,-2.679936406775888,-2.152179904242172,-3.5323173965156847,-1.7333710522983243,-0.05863998085260391
8B_phase_px0.375_py0.625,15.0,10.0,31,Bounding Box Center,Binary Centroid,20,-1.1714219593871606,-0.8968873073799568,-1.8019843747128486,-0.5308728604183908,-0.07192001794464886
8B_phase_px0.375_py0.75,15.0,10.0,31,Bounding Box Center,Binary Centroid,20,-1.9067078963308646,-1.2818356474324222,-2.827722464789774,-0.8471152168948846,-0.06048002396710217
8B_phase_px0.375_py0.875,15.0,10.0,31,Bounding Box Center,Binary Centroid,20,-2.5465543154417136,-2.123752170169214,-3.180802323694035,-1.6922035060983485,-0.05866499268449843
8B_phase_px0.5_py0,15.0,10.0,31,Bounding Box Center,Binary Centroid,20,-1.9127203870026797,-1.710014462778839,-2.544496262489217,-1.3020436259277264,-0.062450015684589744
8B_phase_px0.5_py0.125,15.0,10.0,31,Bounding Box Center,Binary Centroid,20,-2.0126891397078706,-1.5809413705761335,-2.6690060241569618,-1.2169022103192855,-0.06564000505022705
8B_phase_px0.5_py0.25,15.0,10.0,31,Bounding Box Center,Binary Centroid,20,-1.7476863875301374,-1.2737104390336074,-2.534118398515572,-0.8924641874613708,-0.06992501439526677
8B_phase_px0.5_py0.375,15.0,10.0,31,Bounding Box Center,Binary Centroid,20,-2.0013293426587495,-1.5554934757054533,-3.0015595625283593,-0.9145764867965196,-0.05136000690981746
8B_phase_px0.5_py0.5,15.0,10.0,31,Bounding Box Center,Binary Centroid,20,-2.207238884611346,-1.5998249911724178,-3.205836857770357,-1.1115380779407964,-0.06941998726688325
8B_phase_px0.5_py0.625,15.0,10.0,31,Bounding Box Center,Binary Centroid,20,-1.785364615190461,-1.461395457856761,-2.3603107489643613,-1.127868152111789,-0.06743500125594437
8B_phase_px0.5_py0.75,15.0,10.0,31,Bounding Box Center,Binary Centroid,20,-2.0833975487001313,-1.697191727177193,-2.780430683738995,-1.3323697422804197,-0.07557999342679977
8B_phase_px0.5_py0.875,15.0,10.0,31,Bounding Box Center,Binary Centroid,20,-2.230737978722537,-1.7557253122737864,-3.038481313994521,-1.299192953423856,-0.06969999521970749
8B_phase_px0.625_py0,15.0,10.0,31,Bounding Box Center,Binary Centroid,20,-2.204654661568237,-1.7915005857024942,-2.8892374677785577,-1.3288193696363881,-0.0847049814183265
8B_phase_px0.625_py0.125,15.0,10.0,31,Bounding Box Center,Binary Centroid,20,-1.8716781326810836,-1.6091630737616307,-2.5454774237661244,-1.2086483761596976,-0.07456998573616147
8B_phase_px0.625_py0.25,15.0,10.0,31,Bounding Box Center,Binary Centroid,20,-2.4574385689033154,-2.097479586321712,-3.2820648372895027,-1.6338009525832817,-0.05707500968128443
8B_phase_px0.625_py0.375,15.0,10.0,31,Bounding Box Center,Binary Centroid,20,-2.37653208021596,-1.800367072425676,-3.4397667824182077,-1.2399664322081252,-0.06940001621842384
8B_phase_px0.625_py0.5,15.0,10.0,31,Bounding Box Center,Binary Centroid,20,-1.983539762753507,-1.6800909227021847,-2.6066537228601976,-1.2625843778144976,-0.07873501162976027
8B_phase_px0.625_py0.625,15.0,10.0,31,Bounding Box Center,Binary Centroid,20,-1.9095645857781904,-1.587914764749466,-2.617560172773886,-1.1859089286361595,-0.07012500427663326
8B_phase_px0.625_py0.75,15.0,10.0,31,Bounding Box Center,Binary Centroid,20,-2.6509307022448967,-2.2092806418943685,-3.3685543569051326,-1.807770093201204,-0.06798001122660935
8B_phase_px0.625_py0.875,15.0,10.0,31,Bounding Box Center,Binary Centroid,20,-2.358040396232563,-2.068356478952337,-3.251226729206242,-1.370464808085346,-0.06427000043913722
8B_phase_px0.75_py0,15.0,10.0,31,Bounding Box Center,Binary Centroid,20,-2.863175967236988,-2.5805515979469074,-3.6443580603414367,-2.089749936208738,-0.08489502943120897
8B_phase_px0.75_py0.125,15.0,10.0,31,Bounding Box Center,Binary Centroid,20,-2.002434809544701,-1.648502118548954,-2.816652521928912,-1.146818759196968,-0.08119996055029333
8B_phase_px0.75_py0.25,15.0,10.0,31,Bounding Box Center,Binary Centroid,20,-1.733551082019613,-1.4331703899820414,-2.4748378336068644,-0.9451818223998089,-0.06788999307900667
8B_phase_px0.75_py0.375,15.0,10.0,31,Bounding Box Center,Binary Centroid,20,-1.3936378561864484,-1.0855321086256609,-2.09630322288041,-0.6839875191632855,-0.07801501778885722
8B_phase_px0.75_py0.5,15.0,10.0,31,Bounding Box Center,Binary Centroid,20,-2.322277670125645,-1.9232465524614875,-2.9661704960166544,-1.572402178782987,-0.07417001761496067
8B_phase_px0.75_py0.625,15.0,10.0,31,Bounding Box Center,Binary Centroid,20,-2.5307325748438148,-1.9814443176982617,-3.3689852529652184,-1.4614119395583132,-0.07094999891705811
8B_phase_px0.75_py0.75,15.0,10.0,31,Bounding Box Center,Binary Centroid,20,-1.2643212883707764,-0.9640543581814007,-1.794397906534618,-0.6168653208614958,-0.06768999737687409
8B_phase_px0.75_py0.875,15.0,10.0,31,Bounding Box Center,Binary Centroid,20,-2.769062305017955,-2.531390675608493,-3.442723128147214,-2.0359366091098283,-0.06597001920454204
8B_phase_px0.875_py0,15.0,10.0,31,Bounding Box Center,Binary Centroid,20,-2.3705579771599092,-2.04289614565492,-3.1402173850069333,-1.6363066838681373,-0.12611501733772457
8B_phase_px0.875_py0.125,15.0,10.0,31,Bounding Box Center,Binary Centroid,20,-2.4927098419277613,-1.8927858907354524,-3.4380369353294586,-1.3604461679908408,-0.06821496644988656
8B_phase_px0.875_py0.25,15.0,10.0,31,Bounding Box Center,Binary Centroid,20,-1.5166594050861415,-1.1718886248316789,-2.15492283984387,-0.8191121769914517,-0.056284997845068574
8B_phase_px0.875_py0.375,15.0,10.0,31,Bounding Box Center,Binary Centroid,20,-2.683575788784322,-2.466042388829896,-3.3803351392925736,-2.03907343389243,-0.056270009372383356
8B_phase_px0.875_py0.5,15.0,10.0,31,Bounding Box Center,Binary Centroid,20,-1.9825584440719672,-1.6315352599658377,-2.7427643255092637,-1.071405483238505,-0.07558500510640442
8B_phase_px0.875_py0.625,15.0,10.0,31,Bounding Box Center,Binary Centroid,20,-1.890131285037533,-1.648859300197515,-2.4723228937434203,-1.293413830385309,-0.06580000626854599
8B_phase_px0.875_py0.75,15.0,10.0,31,Bounding Box Center,Binary Centroid,20,-2.2779497299132965,-1.975561103609556,-3.030351307246217,-1.558185426959614,-0.06516998982988298
8B_phase_px0.875_py0.875,15.0,10.0,31,Bounding Box Center,Binary Centroid,20,-2.0138580924945106,-1.584583183701576,-2.8655364029728023,-1.112542258276367,-0.061035004910081625
8B_phase_px0_py0,15.0,10.0,31,Bounding Box Center,Binary Centroid,20,-1.9781704253189172,-1.7765854084324109,-2.8616691232547837,-1.0686818867516483,-0.08763499790802598
8B_phase_px0_py0.125,15.0,10.0,31,Bounding Box Center,Binary Centroid,20,-2.5371792308784262,-2.071027415178466,-3.3496903694871296,-1.6773479609583157,-0.081879977369681
8B_phase_px0_py0.25,15.0,10.0,31,Bounding Box Center,Binary Centroid,20,-2.19375826831466,-1.751336459471572,-2.983561162540436,-1.2242260009526955,-0.09150999248959124
8B_phase_px0_py0.375,15.0,10.0,31,Bounding Box Center,Binary Centroid,20,-2.5664968871585168,-2.1643035466523783,-3.325263134512314,-1.7838679520762228,-0.08502000709995627
8B_phase_px0_py0.5,15.0,10.0,31,Bounding Box Center,Binary Centroid,20,-1.5969787123964856,-1.3350607282004605,-2.2096119582428493,-0.9009363928824919,-0.08575499523431063
8B_phase_px0_py0.625,15.0,10.0,31,Bounding Box Center,Binary Centroid,20,-2.5433947846860105,-1.956426326629802,-3.6450460483479703,-1.4288984112351777,-0.08687999215908349
8B_phase_px0_py0.75,15.0,10.0,31,Bounding Box Center,Binary Centroid,20,-1.5777658811969895,-1.4140896868145636,-2.072999511258737,-1.0344488933488278,-0.1139200059697032
8B_phase_px0_py0.875,15.0,10.0,31,Bounding Box Center,Binary Centroid,20,-1.8226492052106178,-1.5619182503044644,-2.52899928785948,-1.1733744529833332,-0.12357001542113721
8C_psf_sigma_0.5px,15.0,10.0,31,Bounding Box Center,Binary Centroid,20,0.2303583425655229,0.2742364796796113,-0.6037592330165102,1.065594639162055,-0.07128998986445367
8C_psf_sigma_1.5px,15.0,10.0,31,Bounding Box Center,Binary Centroid,20,-1.2915562427624963,-1.0271248469776666,-1.8427232676473817,-0.6692280890329383,-0.07493999437429011
8C_psf_sigma_1px,15.0,10.0,31,Bounding Box Center,Binary Centroid,20,0.0063169961074525105,0.3522577414529544,-0.7715173623218592,0.8933911183540001,-0.06314999191090465
8C_psf_sigma_2.5px,15.0,10.0,31,Bounding Box Center,Binary Centroid,20,-2.8596864585459976,-2.4999291233592276,-3.568209598564392,-2.0773682740901616,-0.06527500809170306
8C_psf_sigma_2px,15.0,10.0,31,Bounding Box Center,Binary Centroid,20,-2.128338981735528,-1.7056558084311575,-2.850697071416192,-1.3430986798267923,-0.07442497881129384
8C_psf_sigma_3px,15.0,10.0,31,Bounding Box Center,Binary Centroid,20,-2.4274606605280225,-2.0803696489233,-3.0915412800365254,-1.6750004080636092,-0.06821497809141874
8C_psf_sigma_4px,15.0,10.0,31,Bounding Box Center,Binary Centroid,20,-1.7562741818669494,-1.5007174526019849,-2.3119856402346515,-1.1534512992558956,-0.09045999613590539
8D_bg_uniform_0,15.0,0.0,31,Bounding Box Center,Binary Centroid,20,-0.6211658219902789,-0.3656286788201497,-1.1740056641455547,0.055502394593414474,-0.08728500688448548
8D_bg_uniform_10,15.0,10.0,31,Bounding Box Center,Binary Centroid,20,-2.2323322010508,-1.954862193124842,-2.979970310761039,-1.4869296796702514,-0.05972001235932112
8D_bg_uniform_100,15.0,100.0,31,Bounding Box Center,Binary Centroid,20,-3.12566766406246,-2.435291393569357,-3.8696020036620236,-2.1430811715794014,-0.06252002785913646
8D_bg_uniform_200,15.0,200.0,31,Bounding Box Center,Binary Centroid,0,,,,,-0.059930013958364725
8D_bg_uniform_50,15.0,50.0,31,Bounding Box Center,Binary Centroid,20,-3.5562358248666506,-3.136605999152693,-4.24689738578236,-2.840301686028078,-0.0667050015181303
8D_bg_uniform_500,15.0,500.0,31,Bounding Box Center,Binary Centroid,0,,,,,-0.07011497509665787
8E_roi_11px,15.0,10.0,11,Bounding Box Center,Binary Centroid,20,-0.5743886566807286,-0.5041504858559045,-0.7467054526109074,-0.3902307302919241,-0.07123500108718872
8E_roi_15px,15.0,10.0,15,Bounding Box Center,Binary Centroid,20,-1.1706650012227955,-1.0704499967278611,-1.4524915837945094,-0.8766149825511298,-0.06707001011818647
8E_roi_21px,15.0,10.0,21,Bounding Box Center,Binary Centroid,20,-2.186397825369807,-2.027727276673428,-2.6581971020493897,-1.7214712752974621,-0.0695850292686373
8E_roi_31px,15.0,10.0,31,Bounding Box Center,Binary Centroid,20,-1.948883507743,-1.6557268989547953,-2.818400757982425,-1.014914744742406,-0.05356001202017069
8E_roi_41px,15.0,10.0,41,Bounding Box Center,Binary Centroid,20,-1.2613970283612463,-0.8230641431403003,-2.1971009425612644,-0.34189808224775997,-0.07425998919643462
8A_random_snr_0dB,0.0,10.0,31,Binary Centroid,Intensity-Weighted Centroid,0,,,,,0.1428849995136261
8A_random_snr_10dB,10.0,10.0,31,Binary Centroid,Intensity-Weighted Centroid,20,-0.8841557317529031,-0.8023860045366313,-1.1883721826619642,-0.5484437085455521,0.10448000393807888
8A_random_snr_15dB,15.0,10.0,31,Binary Centroid,Intensity-Weighted Centroid,20,-0.5504410347070101,-0.43609167341013605,-0.804169695951841,-0.2872226198927046,0.10283997398801148
8A_random_snr_20dB,20.0,10.0,31,Binary Centroid,Intensity-Weighted Centroid,20,-0.18667395243897345,-0.18393236217320907,-0.34224402133548604,-0.03483714721461381,0.10460501071065664
8A_random_snr_25dB,25.0,10.0,31,Binary Centroid,Intensity-Weighted Centroid,20,-0.1283886823008797,-0.11685973735974642,-0.24727125554205875,-0.018942676442201323,0.10039000189863145
8A_random_snr_30dB,30.0,10.0,31,Binary Centroid,Intensity-Weighted Centroid,20,0.016939482355865038,0.038857057063179656,-0.03375390402069502,0.06387598722187218,0.09975001448765397
8A_random_snr_3dB,3.0,10.0,31,Binary Centroid,Intensity-Weighted Centroid,17,-1.5444656639003564,-1.4285293549010292,-2.0134484277580005,-1.0580791653097823,0.1011117539532921
8A_random_snr_5dB,5.0,10.0,31,Binary Centroid,Intensity-Weighted Centroid,20,-1.8233122267186384,-1.654105470637187,-2.218135128477288,-1.3442388827154703,0.13152500614523888
8A_random_snr_7dB,7.0,10.0,31,Binary Centroid,Intensity-Weighted Centroid,20,-1.61584432131673,-1.4553186695967335,-2.0070285661330636,-1.1788854044285983,0.08763999212533236
8B_phase_px0.125_py0,15.0,10.0,31,Binary Centroid,Intensity-Weighted Centroid,20,-0.7261383280998044,-0.6460158404259484,-0.9958172054573281,-0.4249747192980239,0.08975999662652612
8B_phase_px0.125_py0.125,15.0,10.0,31,Binary Centroid,Intensity-Weighted Centroid,20,-0.6948823187228073,-0.6256803471940922,-0.9494964086271886,-0.41848492286256844,0.09377498645335436
8B_phase_px0.125_py0.25,15.0,10.0,31,Binary Centroid,Intensity-Weighted Centroid,20,-0.3815372181567205,-0.32346845958163684,-0.6275587637173191,-0.14589587841251325,0.08640001178719103
8B_phase_px0.125_py0.375,15.0,10.0,31,Binary Centroid,Intensity-Weighted Centroid,20,-0.5171788156962607,-0.483883406750298,-0.7095394614558466,-0.30272868685518073,0.0874150253366679
8B_phase_px0.125_py0.5,15.0,10.0,31,Binary Centroid,Intensity-Weighted Centroid,20,-0.7540063528095504,-0.755502366641123,-0.9914555206373967,-0.5417481799351629,0.0913099676836282
8B_phase_px0.125_py0.625,15.0,10.0,31,Binary Centroid,Intensity-Weighted Centroid,20,-0.3840722257141136,-0.34438534697204926,-0.6542263645010268,-0.12617874437895013,0.0916799996048212
8B_phase_px0.125_py0.75,15.0,10.0,31,Binary Centroid,Intensity-Weighted Centroid,20,-0.7434621447160699,-0.6786164677132153,-1.0389679127937232,-0.4737844494028751,0.08864499977789819
8B_phase_px0.125_py0.875,15.0,10.0,31,Binary Centroid,Intensity-Weighted Centroid,20,-0.6843516379278043,-0.6942371828318039,-0.9433552963852496,-0.43626127905963935,0.07790997624397278
8B_phase_px0.25_py0,15.0,10.0,31,Binary Centroid,Intensity-Weighted Centroid,20,-0.589492013659616,-0.4854415240050469,-0.7818256191451267,-0.3549648811701844,0.0784700212534517
8B_phase_px0.25_py0.125,15.0,10.0,31,Binary Centroid,Intensity-Weighted Centroid,20,-0.4644695174017771,-0.4439018955140985,-0.6791332261038103,-0.23657383707674476,0.07147500291466713
8B_phase_px0.25_py0.25,15.0,10.0,31,Binary Centroid,Intensity-Weighted Centroid,20,-0.6070427845585431,-0.5492991732600743,-0.8524423340733668,-0.3436567354786241,0.08747001993469894
8B_phase_px0.25_py0.375,15.0,10.0,31,Binary Centroid,Intensity-Weighted Centroid,20,-0.5949031997695124,-0.5150410346279455,-0.871199964947422,-0.32436505181423964,0.07635499350726604
8B_phase_px0.25_py0.5,15.0,10.0,31,Binary Centroid,Intensity-Weighted Centroid,20,-0.664432564260301,-0.5850691546254783,-0.8868397432009629,-0.42807566373098305,0.07286501349881291
8B_phase_px0.25_py0.625,15.0,10.0,31,Binary Centroid,Intensity-Weighted Centroid,20,-0.5644917589147804,-0.5075904558178749,-0.8193284723054766,-0.30583965604533436,0.09794001816771924
8B_phase_px0.25_py0.75,15.0,10.0,31,Binary Centroid,Intensity-Weighted Centroid,20,-0.7593915227450566,-0.7438494866774191,-1.007961322257786,-0.5135622462411801,0.07358997245319188
8B_phase_px0.25_py0.875,15.0,10.0,31,Binary Centroid,Intensity-Weighted Centroid,20,-0.42638093081266404,-0.39930630070823536,-0.6205020357048638,-0.22099950606294835,0.08382999803870916
8B_phase_px0.375_py0,15.0,10.0,31,Binary Centroid,Intensity-Weighted Centroid,20,-0.8982337424344354,-0.7211655384668567,-1.3686527907424824,-0.4202756020933483,0.08159499266184866
8B_phase_px0.375_py0.125,15.0,10.0,31,Binary Centroid,Intensity-Weighted Centroid,20,-0.5457259970382721,-0.4981878480766837,-0.7603665110776593,-0.3364556244757361,0.08421497768722475
8B_phase_px0.375_py0.25,15.0,10.0,31,Binary Centroid,Intensity-Weighted Centroid,20,-0.4068257870466979,-0.3129707586904553,-0.6129872553150135,-0.17101349538534794,0.0761349976528436
8B_phase_px0.375_py0.375,15.0,10.0,31,Binary Centroid,Intensity-Weighted Centroid,20,-0.39724814808262243,-0.3456845962513494,-0.5702376257832973,-0.18770436558731873,0.07229500915855169
8B_phase_px0.375_py0.5,15.0,10.0,31,Binary Centroid,Intensity-Weighted Centroid,20,-0.6719451958778954,-0.5303016355654044,-0.9279080983681117,-0.364979528825241,0.08716000011190772
8B_phase_px0.375_py0.625,15.0,10.0,31,Binary Centroid,Intensity-Weighted Centroid,20,-0.47213982142125555,-0.4002372902802178,-0.7896124154393357,-0.15900809951407732,0.07863000500947237
8B_phase_px0.375_py0.75,15.0,10.0,31,Binary Centroid,Intensity-Weighted Centroid,20,-0.5135761745294835,-0.4839086070306342,-0.7597166456041697,-0.2792910022341442,0.07171001052483916
8B_phase_px0.375_py0.875,15.0,10.0,31,Binary Centroid,Intensity-Weighted Centroid,20,-0.6188767652734166,-0.5680136725927318,-0.8776229947212187,-0.33358675743505806,0.07593000191263855
8B_phase_px0.5_py0,15.0,10.0,31,Binary Centroid,Intensity-Weighted Centroid,20,-0.5126747560707834,-0.44554879552633997,-0.7599543803953794,-0.2631727261843916,0.06954999407753348
8B_phase_px0.5_py0.125,15.0,10.0,31,Binary Centroid,Intensity-Weighted Centroid,20,-0.5429863382483635,-0.39563446498162824,-0.8375819415649027,-0.2167966946989214,0.07304499740712345
8B_phase_px0.5_py0.25,15.0,10.0,31,Binary Centroid,Intensity-Weighted Centroid,20,-0.20340765523419424,-0.19411026774320783,-0.3575540611472022,-0.03456643404252058,0.07775001577101648
8B_phase_px0.5_py0.375,15.0,10.0,31,Binary Centroid,Intensity-Weighted Centroid,20,-0.7066065278579016,-0.6314329700702584,-0.9739271858553946,-0.38118338327876,0.06303499103523791
8B_phase_px0.5_py0.5,15.0,10.0,31,Binary Centroid,Intensity-Weighted Centroid,20,-0.22371063838803562,-0.1937833399791653,-0.4780920406477732,-0.014908050811060012,0.07997500360943377
8B_phase_px0.5_py0.625,15.0,10.0,31,Binary Centroid,Intensity-Weighted Centroid,20,-0.3929088558976739,-0.3470986688669162,-0.6526498881324722,-0.14152671404793235,0.0872099888511002
8B_phase_px0.5_py0.75,15.0,10.0,31,Binary Centroid,Intensity-Weighted Centroid,20,-0.5567949013850648,-0.49565024880983966,-0.8697357066600602,-0.23714105103291783,0.09538000449538231
8B_phase_px0.5_py0.875,15.0,10.0,31,Binary Centroid,Intensity-Weighted Centroid,20,-0.6041618178601368,-0.5997749547067733,-0.8000925479434606,-0.3984406176589966,0.07873998256400228
8B_phase_px0.625_py0,15.0,10.0,31,Binary Centroid,Intensity-Weighted Centroid,20,-0.5672215245667582,-0.4833948554593668,-0.8448371322447884,-0.2444291507237139,0.0870749878231436
8B_phase_px0.625_py0.125,15.0,10.0,31,Binary Centroid,Intensity-Weighted Centroid,20,-0.6865326226939051,-0.5849941971004176,-0.9569818597810653,-0.4038331087398483,0.08010500459931791
8B_phase_px0.625_py0.25,15.0,10.0,31,Binary Centroid,Intensity-Weighted Centroid,20,-0.8276120458978188,-0.6988103815306772,-1.096215238568371,-0.5169177662521057,0.08218502625823021
8B_phase_px0.625_py0.375,15.0,10.0,31,Binary Centroid,Intensity-Weighted Centroid,20,-0.3352583647035059,-0.30543070357459867,-0.5041351738256411,-0.15622054493073456,0.08033501217141747
8B_phase_px0.625_py0.5,15.0,10.0,31,Binary Centroid,Intensity-Weighted Centroid,20,-0.3876271428406822,-0.3250146644079769,-0.6357103410858096,-0.16724764435391332,0.08527501486241817
8B_phase_px0.625_py0.625,15.0,10.0,31,Binary Centroid,Intensity-Weighted Centroid,20,-0.5530211259756519,-0.495481330353272,-0.8353019826633838,-0.2644098420720588,0.0762099982239306
8B_phase_px0.625_py0.75,15.0,10.0,31,Binary Centroid,Intensity-Weighted Centroid,20,-0.5037561241994499,-0.4414697940509409,-0.8091886629070558,-0.18745726429512433,0.07831999682821333
8B_phase_px0.625_py0.875,15.0,10.0,31,Binary Centroid,Intensity-Weighted Centroid,20,-0.6962854019063521,-0.6048838886529896,-0.8971638847982836,-0.46392586555837917,0.07757001440040767
8B_phase_px0.75_py0,15.0,10.0,31,Binary Centroid,Intensity-Weighted Centroid,20,-0.7126370074261175,-0.6407607005306429,-0.983539293563801,-0.4466113294437036,0.08144499734044075
8B_phase_px0.75_py0.125,15.0,10.0,31,Binary Centroid,Intensity-Weighted Centroid,20,-0.4388598490776806,-0.3815403306393833,-0.7452416134427957,-0.16517927239895608,0.08288997923955321
8B_phase_px0.75_py0.25,15.0,10.0,31,Binary Centroid,Intensity-Weighted Centroid,20,-0.3557445880306509,-0.24568614134735978,-0.680836470439644,-0.029932167140581806,0.06911499658599496
8B_phase_px0.75_py0.375,15.0,10.0,31,Binary Centroid,Intensity-Weighted Centroid,20,-0.5726100237080383,-0.5225886662224504,-0.7885085623323249,-0.3155073958259711,0.08550499333068728
8B_phase_px0.75_py0.5,15.0,10.0,31,Binary Centroid,Intensity-Weighted Centroid,20,-0.5438796201311085,-0.4500581079936945,-0.9055245507678187,-0.22199172760253139,0.09305001585744321
8B_phase_px0.75_py0.625,15.0,10.0,31,Binary Centroid,Intensity-Weighted Centroid,20,-0.455012771700942,-0.4047081729526695,-0.674209097471058,-0.23573467637806106,0.08607500931248069
8B_phase_px0.75_py0.75,15.0,10.0,31,Binary Centroid,Intensity-Weighted Centroid,20,-0.4730032936532762,-0.4401911159352655,-0.661079407210989,-0.2574090354618897,0.08164499304257333
8B_phase_px0.75_py0.875,15.0,10.0,31,Binary Centroid,Intensity-Weighted Centroid,20,-0.8351820011973039,-0.7545551397405805,-1.117547291343563,-0.5429562966686673,0.08251499384641647
8B_phase_px0.875_py0,15.0,10.0,31,Binary Centroid,Intensity-Weighted Centroid,20,-0.5797057252968814,-0.5050046366011182,-0.7761623813593304,-0.3368484234092286,0.09451000369153917
8B_phase_px0.875_py0.125,15.0,10.0,31,Binary Centroid,Intensity-Weighted Centroid,20,-0.5858316011960691,-0.5486066289749791,-0.8123214369853478,-0.37623573738513344,0.0866999791469425
8B_phase_px0.875_py0.25,15.0,10.0,31,Binary Centroid,Intensity-Weighted Centroid,20,-0.5946314902670486,-0.5874206519405588,-0.8283011026053273,-0.3912709398351467,0.07190500618889928
8B_phase_px0.875_py0.375,15.0,10.0,31,Binary Centroid,Intensity-Weighted Centroid,20,-0.4895756334287936,-0.39536338577854313,-0.6838618443214519,-0.29000331380693434,0.0712350127287209
8B_phase_px0.875_py0.5,15.0,10.0,31,Binary Centroid,Intensity-Weighted Centroid,20,-0.6752475901382007,-0.6278298590987673,-0.9826725197545431,-0.3751905768317564,0.09422998991794884
8B_phase_px0.875_py0.625,15.0,10.0,31,Binary Centroid,Intensity-Weighted Centroid,20,-0.40076617638598266,-0.31601616259946175,-0.609118983541911,-0.1872446305522871,0.07680498529225588
8B_phase_px0.875_py0.75,15.0,10.0,31,Binary Centroid,Intensity-Weighted Centroid,20,-0.6530667303327409,-0.49168734740846853,-1.012665814112468,-0.27766712608700794,0.08255998836830258
8B_phase_px0.875_py0.875,15.0,10.0,31,Binary Centroid,Intensity-Weighted Centroid,20,-0.6962064256828797,-0.6236274705338799,-0.9425421939228591,-0.4635645397876155,0.07669997867196798
8B_phase_px0_py0,15.0,10.0,31,Binary Centroid,Intensity-Weighted Centroid,20,-0.8626326254058196,-0.7234445796687112,-1.255793730313703,-0.5190307408888691,0.11606000480242074
8B_phase_px0_py0.125,15.0,10.0,31,Binary Centroid,Intensity-Weighted Centroid,20,-0.8138013906270161,-0.7034432206771608,-1.1196793409215762,-0.5254683491281651,0.08376500336453319
8B_phase_px0_py0.25,15.0,10.0,31,Binary Centroid,Intensity-Weighted Centroid,20,-0.6965328397790045,-0.6028438698662792,-0.9692901358432141,-0.42529222445878306,0.10343499598093331
8B_phase_px0_py0.375,15.0,10.0,31,Binary Centroid,Intensity-Weighted Centroid,20,-0.60960248867926,-0.5385503137117381,-0.8882697218443019,-0.32893615647177676,0.09217001497745514
8B_phase_px0_py0.5,15.0,10.0,31,Binary Centroid,Intensity-Weighted Centroid,20,-0.538735086943255,-0.5017668114092966,-0.7514748657305146,-0.34460370295072457,0.07512999000027776
8B_phase_px0_py0.625,15.0,10.0,31,Binary Centroid,Intensity-Weighted Centroid,20,-0.7250352052808325,-0.6432770423463687,-0.9279077946206433,-0.5022471282722772,0.08359997300431132
8B_phase_px0_py0.75,15.0,10.0,31,Binary Centroid,Intensity-Weighted Centroid,20,-0.5908405982471796,-0.49957211754205844,-0.9402506097712526,-0.24597141588352764,0.09578499011695385
8B_phase_px0_py0.875,15.0,10.0,31,Binary Centroid,Intensity-Weighted Centroid,20,-0.47459001449919147,-0.4306564854236815,-0.6825881996713378,-0.27022389484109127,0.11016002390533686
8C_psf_sigma_0.5px,15.0,10.0,31,Binary Centroid,Intensity-Weighted Centroid,20,-3.1138708881619053,-2.6553741561259843,-4.311213396460856,-1.9820585018109786,0.07828001980669796
8C_psf_sigma_1.5px,15.0,10.0,31,Binary Centroid,Intensity-Weighted Centroid,20,-0.710531693711755,-0.5626404754787345,-1.1269678654318886,-0.2595095647553459,0.08046497823670506
8C_psf_sigma_1px,15.0,10.0,31,Binary Centroid,Intensity-Weighted Centroid,20,-2.3353030230684304,-2.186610749601391,-2.7561536477474853,-1.8844935355380488,0.07799000013619661
8C_psf_sigma_2.5px,15.0,10.0,31,Binary Centroid,Intensity-Weighted Centroid,20,-0.3147564984286735,-0.2669400992841575,-0.4936453240891517,-0.13575685051167893,0.07268001209013164
8C_psf_sigma_2px,15.0,10.0,31,Binary Centroid,Intensity-Weighted Centroid,20,-0.764952694955859,-0.6249744073338181,-1.1050135026368195,-0.41481639861262243,0.08836498018354177
8C_psf_sigma_3px,15.0,10.0,31,Binary Centroid,Intensity-Weighted Centroid,20,-0.2208678710484695,-0.16672113962063706,-0.3976971384556943,-0.055492872577347495,0.08222499745897949
8C_psf_sigma_4px,15.0,10.0,31,Binary Centroid,Intensity-Weighted Centroid,20,-0.10342793624386593,-0.08203430206467588,-0.23021976148157666,0.03538502984974685,0.08238001610152423
8D_bg_uniform_0,15.0,0.0,31,Binary Centroid,Intensity-Weighted Centroid,20,-0.7908644479852457,-0.7171320279625837,-1.01560388351606,-0.546859880227292,0.08682498591952026
8D_bg_uniform_10,15.0,10.0,31,Binary Centroid,Intensity-Weighted Centroid,20,-0.6121734879986213,-0.5372918052341878,-0.9029515638630404,-0.301272820426576,0.07923500961624086
8D_bg_uniform_100,15.0,100.0,31,Binary Centroid,Intensity-Weighted Centroid,20,-0.2377599989289091,-0.1887316912932438,-0.459527884178939,-0.02068965000099356,0.07678501424379647
8D_bg_uniform_200,15.0,200.0,31,Binary Centroid,Intensity-Weighted Centroid,0,,,,,0.10836500441655517
8D_bg_uniform_50,15.0,50.0,31,Binary Centroid,Intensity-Weighted Centroid,20,-0.4011331677717457,-0.28508991414975204,-0.6900324624723517,-0.13090572858774174,0.09921499295160174
8D_bg_uniform_500,15.0,500.0,31,Binary Centroid,Intensity-Weighted Centroid,0,,,,,0.10349496151320636
8E_roi_11px,15.0,10.0,11,Binary Centroid,Intensity-Weighted Centroid,20,-0.1188997443143551,-0.11454411952169527,-0.18556555650145157,-0.04814838431778979,0.07257999968715012
8E_roi_15px,15.0,10.0,15,Binary Centroid,Intensity-Weighted Centroid,20,-0.16214832460206768,-0.1442022673598903,-0.2577035046963901,-0.06914633829985811,0.07587498985230923
8E_roi_21px,15.0,10.0,21,Binary Centroid,Intensity-Weighted Centroid,20,-0.2965925610366586,-0.23608600125712575,-0.4581855977426891,-0.1330642094789542,0.07589500164613128
8E_roi_31px,15.0,10.0,31,Binary Centroid,Intensity-Weighted Centroid,20,-0.6668519369352353,-0.5649864820513234,-0.9518349017438473,-0.40388437714394665,0.08276500157080591
8E_roi_41px,15.0,10.0,41,Binary Centroid,Intensity-Weighted Centroid,20,-1.0532829877787584,-0.9210243536797824,-1.3969176616704773,-0.6637080491855913,0.09046497871167958
8A_random_snr_0dB,0.0,10.0,31,Intensity-Weighted Centroid,Gaussian Fitting,20,1.366028157033338,1.0225879052540345,0.4863921254158175,2.216542155314053,19.825730024604127
8A_random_snr_10dB,10.0,10.0,31,Intensity-Weighted Centroid,Gaussian Fitting,20,-0.3720941896374132,-0.30458957326492797,-0.5745292000744335,-0.15262940675372924,9.87061999621801
8A_random_snr_15dB,15.0,10.0,31,Intensity-Weighted Centroid,Gaussian Fitting,20,-0.3229417414183767,-0.3257967721568084,-0.40537443404582213,-0.23170954075629643,5.952335020992905
8A_random_snr_20dB,20.0,10.0,31,Intensity-Weighted Centroid,Gaussian Fitting,20,-0.4307945602109586,-0.3868195708426988,-0.5453517850097305,-0.3204675066355958,5.595145002007484
8A_random_snr_25dB,25.0,10.0,31,Intensity-Weighted Centroid,Gaussian Fitting,20,-0.26239201571999937,-0.23666494809387972,-0.3145440659677061,-0.20814072503526673,5.270525009837002
8A_random_snr_30dB,30.0,10.0,31,Intensity-Weighted Centroid,Gaussian Fitting,20,-0.20292319805459952,-0.19191576276125483,-0.24183157100815647,-0.16516024290586748,4.9617999931797385
8A_random_snr_3dB,3.0,10.0,31,Intensity-Weighted Centroid,Gaussian Fitting,20,-0.02188841183746093,-0.09300300978873544,-0.3368548150774032,0.2534010524845277,16.63001001579687
8A_random_snr_5dB,5.0,10.0,31,Intensity-Weighted Centroid,Gaussian Fitting,20,-0.08887427160982964,-0.09794633557139643,-0.2795704803331197,0.10401529983349674,11.269399983575568
8A_random_snr_7dB,7.0,10.0,31,Intensity-Weighted Centroid,Gaussian Fitting,20,-0.19593013179733565,-0.15551119181507467,-0.43732837653977535,0.048965080642811014,10.143230011453852
8B_phase_px0.125_py0,15.0,10.0,31,Intensity-Weighted Centroid,Gaussian Fitting,20,-0.27233972756150515,-0.24852812961152926,-0.3895633892610693,-0.16750043510289025,5.218225013231859
8B_phase_px0.125_py0.125,15.0,10.0,31,Intensity-Weighted Centroid,Gaussian Fitting,20,-0.2938085467610281,-0.2720058713182393,-0.3910544147360601,-0.18975635412957514,5.557680019410327
8B_phase_px0.125_py0.25,15.0,10.0,31,Intensity-Weighted Centroid,Gaussian Fitting,20,-0.44986805693835,-0.41655481703985126,-0.5457353459897577,-0.3475160347642472,5.1014899800065905
8B_phase_px0.125_py0.375,15.0,10.0,31,Intensity-Weighted Centroid,Gaussian Fitting,20,-0.3242901213253264,-0.2971817833396032,-0.42291586999674274,-0.22654842689839502,5.661699979100376
8B_phase_px0.125_py0.5,15.0,10.0,31,Intensity-Weighted Centroid,Gaussian Fitting,20,-0.4304188820979604,-0.374808186014647,-0.5617472410149948,-0.291806157977795,5.490760022075847
8B_phase_px0.125_py0.625,15.0,10.0,31,Intensity-Weighted Centroid,Gaussian Fitting,20,-0.4103590154623067,-0.360466144085734,-0.5367922427072875,-0.27329204509934146,5.7994550035800785
8B_phase_px0.125_py0.75,15.0,10.0,31,Intensity-Weighted Centroid,Gaussian Fitting,20,-0.3786489032432816,-0.3404448042547693,-0.522831237152152,-0.23799809611100217,5.230654985643923
8B_phase_px0.125_py0.875,15.0,10.0,31,Intensity-Weighted Centroid,Gaussian Fitting,20,-0.2861546058618987,-0.2335014273861847,-0.4207250376297625,-0.1500779786318045,5.108979984652251
8B_phase_px0.25_py0,15.0,10.0,31,Intensity-Weighted Centroid,Gaussian Fitting,20,-0.3096595679558255,-0.28283450572306806,-0.4147783395683217,-0.20392087211283766,4.857299977447838
8B_phase_px0.25_py0.125,15.0,10.0,31,Intensity-Weighted Centroid,Gaussian Fitting,20,-0.32651329797476486,-0.2604853424912818,-0.4287213748111287,-0.21756115193697503,4.800294997403398
8B_phase_px0.25_py0.25,15.0,10.0,31,Intensity-Weighted Centroid,Gaussian Fitting,20,-0.3224872086670123,-0.2974406704116687,-0.4446030376466467,-0.21696778049735072,4.973404994234443
8B_phase_px0.25_py0.375,15.0,10.0,31,Intensity-Weighted Centroid,Gaussian Fitting,20,-0.29684244478727184,-0.2687866090355111,-0.39573768463250264,-0.20081269754879397,4.301989992382005
8B_phase_px0.25_py0.5,15.0,10.0,31,Intensity-Weighted Centroid,Gaussian Fitting,20,-0.4189465114978688,-0.40033209243064327,-0.5206197387764948,-0.311749232052934,4.9664950056467205
8B_phase_px0.25_py0.625,15.0,10.0,31,Intensity-Weighted Centroid,Gaussian Fitting,20,-0.38728260577341866,-0.31893317144639965,-0.5073770122692224,-0.252979600454382,5.809140019118786
8B_phase_px0.25_py0.75,15.0,10.0,31,Intensity-Weighted Centroid,Gaussian Fitting,20,-0.31983164883759974,-0.2555808688970599,-0.47609320972253655,-0.1507424907113756,4.824645019834861
8B_phase_px0.25_py0.875,15.0,10.0,31,Intensity-Weighted Centroid,Gaussian Fitting,20,-0.3546872993753144,-0.3225757418985228,-0.516160327005244,-0.22640567400181016,4.8196500283665955
8B_phase_px0.375_py0,15.0,10.0,31,Intensity-Weighted Centroid,Gaussian Fitting,20,-0.3375218548859259,-0.31279733932871295,-0.42918534835243377,-0.24240681434390327,4.923925001639873
8B_phase_px0.375_py0.125,15.0,10.0,31,Intensity-Weighted Centroid,Gaussian Fitting,20,-0.34844576973789154,-0.3239804124358622,-0.44064665555797183,-0.2619660830915575,4.830609995406121
8B_phase_px0.375_py0.25,15.0,10.0,31,Intensity-Weighted Centroid,Gaussian Fitting,20,-0.421869330889146,-0.38452141699380105,-0.5264541016625784,-0.310152982406723,4.858924984000623
8B_phase_px0.375_py0.375,15.0,10.0,31,Intensity-Weighted Centroid,Gaussian Fitting,20,-0.3895693321043563,-0.35959406253132153,-0.5020626315449801,-0.2790344232350107,4.965700005413964
8B_phase_px0.375_py0.5,15.0,10.0,31,Intensity-Weighted Centroid,Gaussian Fitting,20,-0.45252285664589087,-0.4179393851307911,-0.5721484651676678,-0.3406963673610085,4.558005009312183
8B_phase_px0.375_py0.625,15.0,10.0,31,Intensity-Weighted Centroid,Gaussian Fitting,20,-0.44466166720987366,-0.3846607366935291,-0.5835151054975186,-0.2927433721664395,5.062510020798072
8B_phase_px0.375_py0.75,15.0,10.0,31,Intensity-Weighted Centroid,Gaussian Fitting,20,-0.47102399849481147,-0.4047450248528478,-0.601320799536787,-0.32409531685043297,5.181494989665225
8B_phase_px0.375_py0.875,15.0,10.0,31,Intensity-Weighted Centroid,Gaussian Fitting,20,-0.3135287165581787,-0.2551219792486464,-0.44886723370719006,-0.16932575906494526,4.996224993374199
8B_phase_px0.5_py0,15.0,10.0,31,Intensity-Weighted Centroid,Gaussian Fitting,20,-0.48319746022034193,-0.4635882615755943,-0.5885995418940608,-0.38283351915412955,4.930530017009005
8B_phase_px0.5_py0.125,15.0,10.0,31,Intensity-Weighted Centroid,Gaussian Fitting,20,-0.4809982818129077,-0.4397433228225872,-0.6119306927764281,-0.34757972250148145,4.627734998939559
8B_phase_px0.5_py0.25,15.0,10.0,31,Intensity-Weighted Centroid,Gaussian Fitting,20,-0.4132070020199612,-0.37622411672417005,-0.5182666787870548,-0.2922037913322619,4.7801199776586145
8B_phase_px0.5_py0.375,15.0,10.0,31,Intensity-Weighted Centroid,Gaussian Fitting,20,-0.5065876053626331,-0.4465346128453684,-0.623834923869878,-0.3828428201210038,5.177569994702935
8B_phase_px0.5_py0.5,15.0,10.0,31,Intensity-Weighted Centroid,Gaussian Fitting,20,-0.5810403766434356,-0.5166094446064042,-0.7840321568840164,-0.4092367955610131,4.8215749964583665
8B_phase_px0.5_py0.625,15.0,10.0,31,Intensity-Weighted Centroid,Gaussian Fitting,20,-0.5608727582939061,-0.5333023854190626,-0.6820232554756978,-0.4386141449122439,5.045660008909181
8B_phase_px0.5_py0.75,15.0,10.0,31,Intensity-Weighted Centroid,Gaussian Fitting,20,-0.4582349004921852,-0.43454950208821497,-0.6018304978911742,-0.3327512648047495,5.055749992607161
8B_phase_px0.5_py0.875,15.0,10.0,31,Intensity-Weighted Centroid,Gaussian Fitting,20,-0.4087201850181132,-0.36970350297066235,-0.5172649417811103,-0.29989031718397224,5.074960005003959
8B_phase_px0.625_py0,15.0,10.0,31,Intensity-Weighted Centroid,Gaussian Fitting,20,-0.42952695107235245,-0.38232382755734845,-0.5800759189510871,-0.27813344743899554,5.205019999993965
8B_phase_px0.625_py0.125,15.0,10.0,31,Intensity-Weighted Centroid,Gaussian Fitting,20,-0.387024989462179,-0.35987212652213674,-0.5073520795770317,-0.2647134618665934,4.822034994140267
8B_phase_px0.625_py0.25,15.0,10.0,31,Intensity-Weighted Centroid,Gaussian Fitting,20,-0.3560845212108683,-0.3238615573830363,-0.4974511012176434,-0.20510463623817707,5.241429986199364
8B_phase_px0.625_py0.375,15.0,10.0,31,Intensity-Weighted Centroid,Gaussian Fitting,20,-0.3614709841295763,-0.32351578538049985,-0.4615518248973659,-0.2544553483854876,5.3543200134299695
8B_phase_px0.625_py0.5,15.0,10.0,31,Intensity-Weighted Centroid,Gaussian Fitting,20,-0.38776981599005145,-0.3586623443934108,-0.4834994710137915,-0.28702058641673356,4.985125007806346
8B_phase_px0.625_py0.625,15.0,10.0,31,Intensity-Weighted Centroid,Gaussian Fitting,20,-0.49898246702137006,-0.44926895206549444,-0.6404888654258103,-0.3737314904510908,5.57963500614278
8B_phase_px0.625_py0.75,15.0,10.0,31,Intensity-Weighted Centroid,Gaussian Fitting,20,-0.3392626122660176,-0.2820957267718848,-0.49081769199628195,-0.1760651063645699,4.94843001361005
8B_phase_px0.625_py0.875,15.0,10.0,31,Intensity-Weighted Centroid,Gaussian Fitting,20,-0.36320126487386195,-0.3305739378650115,-0.4778188070963545,-0.24541409978326517,5.076774978078902
8B_phase_px0.75_py0,15.0,10.0,31,Intensity-Weighted Centroid,Gaussian Fitting,20,-0.42556013463325937,-0.385801893539301,-0.5455703949581712,-0.2964595949481326,5.227905011270195
8B_phase_px0.75_py0.125,15.0,10.0,31,Intensity-Weighted Centroid,Gaussian Fitting,20,-0.3532404644604285,-0.3113700368271741,-0.4974918503592678,-0.217245286742373,4.697095003211871
8B_phase_px0.75_py0.25,15.0,10.0,31,Intensity-Weighted Centroid,Gaussian Fitting,20,-0.4723886799883712,-0.4532090848453847,-0.5981916854723113,-0.3597624670905961,4.871129983803257
8B_phase_px0.75_py0.375,15.0,10.0,31,Intensity-Weighted Centroid,Gaussian Fitting,20,-0.4573815289714311,-0.41053208039975697,-0.6003479152337429,-0.30382399587085235,5.189405014971271
8B_phase_px0.75_py0.5,15.0,10.0,31,Intensity-Weighted Centroid,Gaussian Fitting,20,-0.48245034200600545,-0.4411932747079198,-0.6151091216255232,-0.3444324676160023,5.220694991294295
8B_phase_px0.75_py0.625,15.0,10.0,31,Intensity-Weighted Centroid,Gaussian Fitting,20,-0.4572839054185139,-0.4176577147237571,-0.5746209410631965,-0.3371798847378755,5.744014988886192
8B_phase_px0.75_py0.75,15.0,10.0,31,Intensity-Weighted Centroid,Gaussian Fitting,20,-0.2833893795134991,-0.2598457209189129,-0.40930973090392586,-0.16850752255725415,5.389654997270554
8B_phase_px0.75_py0.875,15.0,10.0,31,Intensity-Weighted Centroid,Gaussian Fitting,20,-0.31239322913806356,-0.28843565625223616,-0.43189448422561366,-0.1936725947749654,5.427900020731613
8B_phase_px0.875_py0,15.0,10.0,31,Intensity-Weighted Centroid,Gaussian Fitting,20,-0.23041734561453667,-0.2120993656725732,-0.3257927595822466,-0.1280018812889749,4.809155012480915
8B_phase_px0.875_py0.125,15.0,10.0,31,Intensity-Weighted Centroid,Gaussian Fitting,20,-0.22246269262099416,-0.19123888673345482,-0.3379010682611541,-0.11395757408315584,5.4917000234127045
8B_phase_px0.875_py0.25,15.0,10.0,31,Intensity-Weighted Centroid,Gaussian Fitting,20,-0.25972773369189606,-0.20262760435595245,-0.3766553572025407,-0.14125286328772366,4.569275007816032
8B_phase_px0.875_py0.375,15.0,10.0,31,Intensity-Weighted Centroid,Gaussian Fitting,20,-0.3906337082466898,-0.36209313178215063,-0.47832036323464056,-0.2896670379292897,5.103875009808689
8B_phase_px0.875_py0.5,15.0,10.0,31,Intensity-Weighted Centroid,Gaussian Fitting,20,-0.4736908598236719,-0.4302608986420976,-0.6072246048665217,-0.32684173861779975,5.395460006548092
8B_phase_px0.875_py0.625,15.0,10.0,31,Intensity-Weighted Centroid,Gaussian Fitting,20,-0.32090041770678873,-0.299984891025449,-0.41572922930873274,-0.22616921034576085,5.291055014822632
8B_phase_px0.875_py0.75,15.0,10.0,31,Intensity-Weighted Centroid,Gaussian Fitting,20,-0.37862614989636034,-0.34569782364987794,-0.49653812548840687,-0.25765644600087767,5.329565011197701
8B_phase_px0.875_py0.875,15.0,10.0,31,Intensity-Weighted Centroid,Gaussian Fitting,20,-0.26534062738736575,-0.2504884329388216,-0.35390547168813596,-0.18240214967269758,4.948620009236038
8B_phase_px0_py0,15.0,10.0,31,Intensity-Weighted Centroid,Gaussian Fitting,20,-0.26928903396500603,-0.24320082105639118,-0.36406020159473396,-0.16568781895746565,5.748895014403388
8B_phase_px0_py0.125,15.0,10.0,31,Intensity-Weighted Centroid,Gaussian Fitting,20,-0.3094167014884939,-0.2775200791573258,-0.4134674221568986,-0.20192769686939135,5.0690699892584234
8B_phase_px0_py0.25,15.0,10.0,31,Intensity-Weighted Centroid,Gaussian Fitting,20,-0.23391285423456398,-0.1782337356936002,-0.35375113420590315,-0.10223898689029516,5.31259499839507
8B_phase_px0_py0.375,15.0,10.0,31,Intensity-Weighted Centroid,Gaussian Fitting,20,-0.3180015235781777,-0.28371015275982553,-0.4431897685339385,-0.19251217857950909,5.528769997181371
8B_phase_px0_py0.5,15.0,10.0,31,Intensity-Weighted Centroid,Gaussian Fitting,20,-0.3426731192317225,-0.3255492178711244,-0.4640269440697479,-0.22559948833811277,5.5778599984478205
8B_phase_px0_py0.625,15.0,10.0,31,Intensity-Weighted Centroid,Gaussian Fitting,20,-0.336409537866437,-0.3196971966122142,-0.4737020289639321,-0.19396800877618994,5.62100499519147
8B_phase_px0_py0.75,15.0,10.0,31,Intensity-Weighted Centroid,Gaussian Fitting,20,-0.29900352339845493,-0.2663028949949488,-0.4264126023780808,-0.15315120233612547,5.410850018961355
8B_phase_px0_py0.875,15.0,10.0,31,Intensity-Weighted Centroid,Gaussian Fitting,20,-0.365498082620999,-0.33225647300525035,-0.4747099962530316,-0.24247063886880038,5.14056000392884
8C_psf_sigma_0.5px,15.0,10.0,31,Intensity-Weighted Centroid,Gaussian Fitting,18,0.4901045993412674,-0.08381847940549103,-0.6066119958974365,1.5471108310861301,106.5373111050576
8C_psf_sigma_1.5px,15.0,10.0,31,Intensity-Weighted Centroid,Gaussian Fitting,20,-0.5297492193795549,-0.46818783585213963,-0.658015297442752,-0.39187879203213377,6.653075013309717
8C_psf_sigma_1px,15.0,10.0,31,Intensity-Weighted Centroid,Gaussian Fitting,20,-0.7614367812427443,-0.7067351544304703,-0.959475088756366,-0.5722853510027159,8.356284990441054
8C_psf_sigma_2.5px,15.0,10.0,31,Intensity-Weighted Centroid,Gaussian Fitting,20,-0.37937194992761875,-0.35811544525158207,-0.4798597461217252,-0.2791229967954407,4.938279988709837
8C_psf_sigma_2px,15.0,10.0,31,Intensity-Weighted Centroid,Gaussian Fitting,20,-0.19455164935824737,-0.15381860367771374,-0.2846974127862664,-0.09208150682171652,4.911389999324456
8C_psf_sigma_3px,15.0,10.0,31,Intensity-Weighted Centroid,Gaussian Fitting,20,-0.1930882087215372,-0.18676029193952545,-0.27132867488362844,-0.11969642188072507,4.689939989475533
8C_psf_sigma_4px,15.0,10.0,31,Intensity-Weighted Centroid,Gaussian Fitting,20,-0.18572999354506153,-0.1667405616399173,-0.2793158633004377,-0.0962355467962822,5.055919999722391
8D_bg_uniform_0,15.0,0.0,31,Intensity-Weighted Centroid,Gaussian Fitting,20,-0.3618528301797359,-0.31213540118748584,-0.48245036204963526,-0.2531785834138668,4.711105010937899
8D_bg_uniform_10,15.0,10.0,31,Intensity-Weighted Centroid,Gaussian Fitting,20,-0.379262876107094,-0.33784572896974785,-0.5190119796788122,-0.23922450009251026,4.515629983507097
8D_bg_uniform_100,15.0,100.0,31,Intensity-Weighted Centroid,Gaussian Fitting,20,-0.2445960342797896,-0.23526832208295523,-0.3504064850585492,-0.13946821598585496,4.885540000395849
8D_bg_uniform_200,15.0,200.0,31,Intensity-Weighted Centroid,Gaussian Fitting,20,-0.35769020089915327,-0.3108527827635188,-0.5569633816022583,-0.1786911873412612,7.543265004642308
8D_bg_uniform_50,15.0,50.0,31,Intensity-Weighted Centroid,Gaussian Fitting,20,-0.36683859254179735,-0.3431813683323055,-0.45556382501895604,-0.26043241841289555,4.948140011401847
8D_bg_uniform_500,15.0,500.0,31,Intensity-Weighted Centroid,Gaussian Fitting,0,,,,,24.018620018614456
8E_roi_11px,15.0,10.0,11,Intensity-Weighted Centroid,Gaussian Fitting,20,-0.02343879808754379,-0.021276929630244024,-0.06528747142251347,0.02493344934061623,4.5775650010909885
8E_roi_15px,15.0,10.0,15,Intensity-Weighted Centroid,Gaussian Fitting,20,-0.10610199088964625,-0.08738512968006029,-0.17598401845603903,-0.024605227379341104,4.650270025013015
8E_roi_21px,15.0,10.0,21,Intensity-Weighted Centroid,Gaussian Fitting,20,-0.2817542988543379,-0.2702584157744651,-0.36043721068670426,-0.1983674952692649,4.725625010905787
8E_roi_31px,15.0,10.0,31,Intensity-Weighted Centroid,Gaussian Fitting,20,-0.3813036927779182,-0.326723510925088,-0.5493493361007451,-0.22372706756454735,5.934410000918433
8E_roi_41px,15.0,10.0,41,Intensity-Weighted Centroid,Gaussian Fitting,20,-0.39660550370785164,-0.36143452181244545,-0.5243112616358538,-0.2589748565005593,6.851770036155358
8A_random_snr_0dB,0.0,10.0,31,Gaussian Fitting,PSF Fitting (Known PSF),20,-0.45827358440314847,-0.39928569822249105,-0.762385709002111,-0.1135674231929993,-12.998900021193549
8A_random_snr_10dB,10.0,10.0,31,Gaussian Fitting,PSF Fitting (Known PSF),20,-0.02941119564308947,-0.0054088499105419685,-0.07410710319280324,0.01597386854455003,-5.417199991643429
8A_random_snr_15dB,15.0,10.0,31,Gaussian Fitting,PSF Fitting (Known PSF),20,-0.002183566226864969,0.0007000130825525197,-0.007141482130223763,0.0041018253743256945,-2.216840017354116
8A_random_snr_20dB,20.0,10.0,31,Gaussian Fitting,PSF Fitting (Known PSF),20,0.0013306239214181115,0.0009574012186809172,0.00039669158825824736,0.0022705107575882997,-2.018765005050227
8A_random_snr_25dB,25.0,10.0,31,Gaussian Fitting,PSF Fitting (Known PSF),20,-0.00016197417574328327,-0.00013019705375969665,-0.0010233501513588457,0.000674487858897604,-1.750499993795529
8A_random_snr_30dB,30.0,10.0,31,Gaussian Fitting,PSF Fitting (Known PSF),20,4.731327290260351e-05,-1.06700355774203e-05,-0.00013282820518384172,0.00022580803647891302,-1.6578450100496411
8A_random_snr_3dB,3.0,10.0,31,Gaussian Fitting,PSF Fitting (Known PSF),20,-0.07480548735001313,-0.06879385374206504,-0.336438932971294,0.09878192231199191,-10.81438499968499
8A_random_snr_5dB,5.0,10.0,31,Gaussian Fitting,PSF Fitting (Known PSF),20,-0.06930911218514058,-0.06821326941788908,-0.14623299078778004,0.006736734567028219,-6.649854977149516
8A_random_snr_7dB,7.0,10.0,31,Gaussian Fitting,PSF Fitting (Known PSF),20,-0.016267125259723403,0.0012898719294808236,-0.07615622255405692,0.05864889042159556,-5.171410029288381
8B_phase_px0.125_py0,15.0,10.0,31,Gaussian Fitting,PSF Fitting (Known PSF),20,0.006178918473999484,0.007071810548808066,0.00036712432476629787,0.012994940828735242,-1.7152250278741121
8B_phase_px0.125_py0.125,15.0,10.0,31,Gaussian Fitting,PSF Fitting (Known PSF),20,-0.006289276600511984,-0.005971299156048715,-0.01593771741409016,0.004460331786331949,-2.312854997580871
8B_phase_px0.125_py0.25,15.0,10.0,31,Gaussian Fitting,PSF Fitting (Known PSF),20,-0.0003614149309928705,4.909577452499869e-05,-0.004413340232513289,0.0034713037447382487,-1.457910006865859
8B_phase_px0.125_py0.375,15.0,10.0,31,Gaussian Fitting,PSF Fitting (Known PSF),20,-0.0015820259589901797,-0.004982401024152178,-0.0076096801292263915,0.004366025244880495,-2.221954974811524
8B_phase_px0.125_py0.5,15.0,10.0,31,Gaussian Fitting,PSF Fitting (Known PSF),20,-0.004168354442029287,-0.004584054686892963,-0.01394728469086322,0.005504623584168935,-2.0380000059958547
8B_phase_px0.125_py0.625,15.0,10.0,31,Gaussian Fitting,PSF Fitting (Known PSF),20,-0.0036262482121906525,-0.0027230681667330947,-0.009620593061549642,0.0026526197155756453,-1.4137700025457889
8B_phase_px0.125_py0.75,15.0,10.0,31,Gaussian Fitting,PSF Fitting (Known PSF),20,-0.007897254713150365,-0.007424365320911619,-0.01824554312197356,0.00032462557644,-1.9466099969577044
8B_phase_px0.125_py0.875,15.0,10.0,31,Gaussian Fitting,PSF Fitting (Known PSF),20,-0.0035957079630154765,-0.005944893632410603,-0.01110192750642211,0.0032733231413045972,-1.7729700019117445
8B_phase_px0.25_py0,15.0,10.0,31,Gaussian Fitting,PSF Fitting (Known PSF),20,-0.003967298136230452,-0.0027604124495851368,-0.011391386584750448,0.0019139977013092903,-1.3473650091327727
8B_phase_px0.25_py0.125,15.0,10.0,31,Gaussian Fitting,PSF Fitting (Known PSF),20,-0.001917398363267403,-0.003067341414556446,-0.007996743607310177,0.0031174182447273628,-1.5628699969965965
8B_phase_px0.25_py0.25,15.0,10.0,31,Gaussian Fitting,PSF Fitting (Known PSF),20,-0.0003637268270376137,0.0017540505027031639,-0.008640605030105072,0.0068118618568434154,-1.8912049941718578
8B_phase_px0.25_py0.375,15.0,10.0,31,Gaussian Fitting,PSF Fitting (Known PSF),20,0.0013744068987361913,0.00015199434938317768,-0.0055559116726849505,0.007412924648412434,-1.286094990791753
8B_phase_px0.25_py0.5,15.0,10.0,31,Gaussian Fitting,PSF Fitting (Known PSF),20,-0.001481605637850103,-0.00025620051528116305,-0.006834412426281805,0.0036826712449902414,-1.9537700165528804
8B_phase_px0.25_py0.625,15.0,10.0,31,Gaussian Fitting,PSF Fitting (Known PSF),20,-0.00377742419728061,-0.0011785811722788142,-0.008414245550236173,0.0016780119842376789,-1.9384600105695426
8B_phase_px0.25_py0.75,15.0,10.0,31,Gaussian Fitting,PSF Fitting (Known PSF),20,-0.006426103087773943,-0.005614772221263026,-0.015503515370750398,0.0008530663907480427,-1.3188900018576533
8B_phase_px0.25_py0.875,15.0,10.0,31,Gaussian Fitting,PSF Fitting (Known PSF),20,0.0018169229197985415,0.0037513848303985797,-0.0020537554295844323,0.007418628456723213,-1.1682000127620995
8B_phase_px0.375_py0,15.0,10.0,31,Gaussian Fitting,PSF Fitting (Known PSF),20,0.00018119577333255976,-0.0008003973179252499,-0.005970152028571367,0.00565501722337275,-1.7884000204503536
8B_phase_px0.375_py0.125,15.0,10.0,31,Gaussian Fitting,PSF Fitting (Known PSF),20,-0.001663290947477386,-0.003104821769107008,-0.00747385396162301,0.004187798022623732,-1.8129749631043524
8B_phase_px0.375_py0.25,15.0,10.0,31,Gaussian Fitting,PSF Fitting (Known PSF),20,0.0011347682834795536,-0.0010389040836106533,-0.004175043664919177,0.007750461897226295,-1.7804549483116716
8B_phase_px0.375_py0.375,15.0,10.0,31,Gaussian Fitting,PSF Fitting (Known PSF),20,-0.003735994696383499,-0.0022107266494681144,-0.010197362201151675,0.0035283436941885567,-1.8638950132299215
8B_phase_px0.375_py0.5,15.0,10.0,31,Gaussian Fitting,PSF Fitting (Known PSF),20,-0.004220446055684668,-0.005852687060968198,-0.01397915771744416,0.004805791911116008,-1.6815949988085777
8B_phase_px0.375_py0.625,15.0,10.0,31,Gaussian Fitting,PSF Fitting (Known PSF),20,-0.0010587229177685398,0.0002519130136512948,-0.0059716902259857405,0.0036586172975932095,-1.6298600181471556
8B_phase_px0.375_py0.75,15.0,10.0,31,Gaussian Fitting,PSF Fitting (Known PSF),20,-0.004596071743774022,-0.005759426302084453,-0.013468961063025555,0.00291157654520272,-1.495209988206625
8B_phase_px0.375_py0.875,15.0,10.0,31,Gaussian Fitting,PSF Fitting (Known PSF),20,-0.007384409911865647,-0.00668420406424608,-0.018472957010466726,0.002850364072073891,-1.8121900036931038
8B_phase_px0.5_py0,15.0,10.0,31,Gaussian Fitting,PSF Fitting (Known PSF),20,0.0010521050560962086,0.0030401896700042175,-0.0022292383598920863,0.0054449515884125175,-1.706489990465343
8B_phase_px0.5_py0.125,15.0,10.0,31,Gaussian Fitting,PSF Fitting (Known PSF),20,0.001278955511744423,0.0007072480732904507,-0.005201185621613804,0.00843442863627663,-1.3709450198803097
8B_phase_px0.5_py0.25,15.0,10.0,31,Gaussian Fitting,PSF Fitting (Known PSF),20,-0.0005445548626034635,-0.0001922769390163559,-0.006285582027484889,0.005149127880730772,-1.6309499740600586
8B_phase_px0.5_py0.375,15.0,10.0,31,Gaussian Fitting,PSF Fitting (Known PSF),20,-0.00514791927346242,-0.005113023494604491,-0.013163363071902483,0.000915068457612584,-1.8793199793435633
8B_phase_px0.5_py0.5,15.0,10.0,31,Gaussian Fitting,PSF Fitting (Known PSF),20,-0.009692311382324903,-0.011257511571504425,-0.014911122180396481,-0.0053311862241036505,-1.9028300186619163
8B_phase_px0.5_py0.625,15.0,10.0,31,Gaussian Fitting,PSF Fitting (Known PSF),20,0.0009081071394618501,-0.0001028069508307583,-0.005704541786923073,0.006776020652385907,-1.6744049964472651
8B_phase_px0.5_py0.75,15.0,10.0,31,Gaussian Fitting,PSF Fitting (Known PSF),20,-0.00231367259742829,0.001370426949811654,-0.007721057374100569,0.004379934870806993,-1.7312900046817958
8B_phase_px0.5_py0.875,15.0,10.0,31,Gaussian Fitting,PSF Fitting (Known PSF),20,0.0034440941043489826,0.003216147260412916,-0.0004793654595249483,0.008141197478336602,-1.5692500048317015
8B_phase_px0.625_py0,15.0,10.0,31,Gaussian Fitting,PSF Fitting (Known PSF),20,-0.004523122071211805,-0.002648405981603652,-0.014038238032064863,0.004042250661557691,-1.8670399964321405
8B_phase_px0.625_py0.125,15.0,10.0,31,Gaussian Fitting,PSF Fitting (Known PSF),20,0.0031557296927152423,0.002160408792675539,-0.0037191564659791445,0.009480245971977561,-1.7252800054848194
8B_phase_px0.625_py0.25,15.0,10.0,31,Gaussian Fitting,PSF Fitting (Known PSF),20,-0.003283116091530369,-0.0021004387482367326,-0.006969621166779384,0.0007559089877421501,-1.5747799829114228
8B_phase_px0.625_py0.375,15.0,10.0,31,Gaussian Fitting,PSF Fitting (Known PSF),20,-0.0007562163476602934,-0.0013996664650451074,-0.007487475028297416,0.006847924408483406,-1.9422000157646835
8B_phase_px0.625_py0.5,15.0,10.0,31,Gaussian Fitting,PSF Fitting (Known PSF),20,-0.003121719987837779,-0.003965678602410233,-0.012128106663268037,0.006594530829553051,-1.3995300279930234
8B_phase_px0.625_py0.625,15.0,10.0,31,Gaussian Fitting,PSF Fitting (Known PSF),20,0.002079670112158316,0.0011182602073389336,-0.004542067275310737,0.008047104879769002,-1.903535012388602
8B_phase_px0.625_py0.75,15.0,10.0,31,Gaussian Fitting,PSF Fitting (Known PSF),20,-0.004228918749172611,-0.002636486323094628,-0.00987858757901414,0.0015174517028701277,-1.3692250126041472
8B_phase_px0.625_py0.875,15.0,10.0,31,Gaussian Fitting,PSF Fitting (Known PSF),20,-1.9060029860962224e-05,-0.0006028210413473178,-0.008397920891334697,0.007290207788937646,-1.6679649881552905
8B_phase_px0.75_py0,15.0,10.0,31,Gaussian Fitting,PSF Fitting (Known PSF),20,0.00420602000479911,0.005215592868678398,-0.0023817689202222433,0.012114048293639757,-1.8146750167943537
8B_phase_px0.75_py0.125,15.0,10.0,31,Gaussian Fitting,PSF Fitting (Known PSF),20,0.000107777625910771,-0.0006773739550299251,-0.004988036025777983,0.004850275109550374,-1.7046599881723523
8B_phase_px0.75_py0.25,15.0,10.0,31,Gaussian Fitting,PSF Fitting (Known PSF),20,-0.0068641167879838205,-0.004788800195791421,-0.018756313771058998,0.0020199603268523138,-1.3973099703434855
8B_phase_px0.75_py0.375,15.0,10.0,31,Gaussian Fitting,PSF Fitting (Known PSF),20,-0.007446771208616115,-0.006173273910302812,-0.01779824795633883,0.0023707669202092225,-1.5350399946328253
8B_phase_px0.75_py0.5,15.0,10.0,31,Gaussian Fitting,PSF Fitting (Known PSF),20,-0.007604641110882049,-0.006158505554931609,-0.01707875748052674,0.0018793729672077453,-1.8161799933295697
8B_phase_px0.75_py0.625,15.0,10.0,31,Gaussian Fitting,PSF Fitting (Known PSF),20,-0.0004338917613675164,-0.0008334839793971704,-0.00638119625773134,0.004969859123283308,-2.182454988360405
8B_phase_px0.75_py0.75,15.0,10.0,31,Gaussian Fitting,PSF Fitting (Known PSF),20,0.004334863963339319,0.00296858484916504,-0.002043282882783776,0.011735786985064193,-1.7381299869157374
8B_phase_px0.75_py0.875,15.0,10.0,31,Gaussian Fitting,PSF Fitting (Known PSF),20,0.001985288919127415,0.0022238454194997703,-0.007825756741667765,0.011782473121415438,-1.785510015906766
8B_phase_px0.875_py0,15.0,10.0,31,Gaussian Fitting,PSF Fitting (Known PSF),20,0.0018369855740809349,0.0027156424309238147,-0.002920788163678186,0.005829817391142289,-1.8165249843150377
8B_phase_px0.875_py0.125,15.0,10.0,31,Gaussian Fitting,PSF Fitting (Known PSF),20,-0.004281003151870688,-0.00374802047052622,-0.009368567350027777,0.0008597493000999335,-2.0429549913387746
8B_phase_px0.875_py0.25,15.0,10.0,31,Gaussian Fitting,PSF Fitting (Known PSF),20,0.005046567603311097,0.0054623538153021345,0.0007459167039625215,0.009173214955327766,-1.4956500206608325
8B_phase_px0.875_py0.375,15.0,10.0,31,Gaussian Fitting,PSF Fitting (Known PSF),20,-0.0008865136168736965,-0.0009082612702609738,-0.011430393433024114,0.008326615926265848,-1.9481350085698068
8B_phase_px0.875_py0.5,15.0,10.0,31,Gaussian Fitting,PSF Fitting (Known PSF),20,-0.006191031707363431,-0.006387153747432678,-0.011827566295191607,-0.001196520227289233,-2.1353700023610145
8B_phase_px0.875_py0.625,15.0,10.0,31,Gaussian Fitting,PSF Fitting (Known PSF),20,-0.003330305565914099,-0.0027033786600595133,-0.008465574784770731,0.0013933060524676986,-1.8372150254435837
8B_phase_px0.875_py0.75,15.0,10.0,31,Gaussian Fitting,PSF Fitting (Known PSF),20,0.0004382176357141665,0.00231285970369588,-0.00255643275577525,0.003305670534123953,-1.6926350130233914
8B_phase_px0.875_py0.875,15.0,10.0,31,Gaussian Fitting,PSF Fitting (Known PSF),20,-0.004249336139315801,-0.007341010266196074,-0.013443357068015084,0.002742307178816193,-1.3422049931250513
8B_phase_px0_py0,15.0,10.0,31,Gaussian Fitting,PSF Fitting (Known PSF),20,-0.0012301815965667096,-0.0007790614963108788,-0.00642864235234687,0.0035615811081218603,-2.048690029187128
8B_phase_px0_py0.125,15.0,10.0,31,Gaussian Fitting,PSF Fitting (Known PSF),20,-0.0037614005264547112,-0.0017109418147052968,-0.008478827446846865,0.0008542582924717284,-1.5101999859325588
8B_phase_px0_py0.25,15.0,10.0,31,Gaussian Fitting,PSF Fitting (Known PSF),20,-0.001002309325688594,-0.0016648032674925484,-0.007198744314649402,0.0053138566648683735,-1.7121899989433587
8B_phase_px0_py0.375,15.0,10.0,31,Gaussian Fitting,PSF Fitting (Known PSF),20,-0.006967935226192712,-0.0033044932520578663,-0.01604285417780659,0.0016665981018281456,-1.8407899944577366
8B_phase_px0_py0.5,15.0,10.0,31,Gaussian Fitting,PSF Fitting (Known PSF),20,0.0007957649899715535,-0.0013026801155214263,-0.005670578959557558,0.007120176996139466,-2.0770350005477667
8B_phase_px0_py0.625,15.0,10.0,31,Gaussian Fitting,PSF Fitting (Known PSF),20,0.0015366388036204548,0.003917581749752791,-0.005216342920130631,0.009044950705210532,-1.6873249900527298
8B_phase_px0_py0.75,15.0,10.0,31,Gaussian Fitting,PSF Fitting (Known PSF),20,0.001660054017152468,0.0012469427455601145,-0.005246571785041796,0.009834463094394945,-1.780900004087016
8B_phase_px0_py0.875,15.0,10.0,31,Gaussian Fitting,PSF Fitting (Known PSF),20,-0.0032393343218106163,0.0004657327421150048,-0.01449887104940658,0.005077064146515602,-1.5118100214749575
8C_psf_sigma_0.5px,15.0,10.0,31,Gaussian Fitting,PSF Fitting (Known PSF),18,-0.9503309525831698,-0.3358118806666106,-1.8898784983349854,0.004828568846295035,-80.14786665767637
8C_psf_sigma_1.5px,15.0,10.0,31,Gaussian Fitting,PSF Fitting (Known PSF),20,-0.0019952964602881484,-0.0010037839907619528,-0.010630150008630473,0.006701972419342484,-2.7914600039366633
8C_psf_sigma_1px,15.0,10.0,31,Gaussian Fitting,PSF Fitting (Known PSF),20,-0.003814340425003254,-0.0027892293217396946,-0.013424377648539636,0.008227059718520663,-4.380669997772202
8C_psf_sigma_2.5px,15.0,10.0,31,Gaussian Fitting,PSF Fitting (Known PSF),20,1.9675426669613083e-05,0.0010399785445919518,-0.0037401937865819703,0.003814918149013669,-1.6977249877527356
8C_psf_sigma_2px,15.0,10.0,31,Gaussian Fitting,PSF Fitting (Known PSF),20,-0.000445631749892067,0.0008683890446905262,-0.007937847515652949,0.008302168816534436,-1.6927949676755816
8C_psf_sigma_3px,15.0,10.0,31,Gaussian Fitting,PSF Fitting (Known PSF),20,0.00029373334232574155,-0.0018130585188369241,-0.0027468003020481987,0.003242203641594912,-1.29451499087736
8C_psf_sigma_4px,15.0,10.0,31,Gaussian Fitting,PSF Fitting (Known PSF),20,-0.001177099017079991,-0.0026044910550860334,-0.003573822623072765,0.0011425637511372883,-1.563305000308901
8D_bg_uniform_0,15.0,0.0,31,Gaussian Fitting,PSF Fitting (Known PSF),20,-0.000589072016926262,-0.001500734538133014,-0.006582918107684775,0.005527886894772536,-1.1511250049807131
8D_bg_uniform_10,15.0,10.0,31,Gaussian Fitting,PSF Fitting (Known PSF),20,-0.0035400547569411356,-0.004340845610539046,-0.010062579033050386,0.0028507318931655715,-1.1389749823138118
8D_bg_uniform_100,15.0,100.0,31,Gaussian Fitting,PSF Fitting (Known PSF),20,8.020752769002937e-05,-0.001233065760204488,-0.003339900750403792,0.0026956104190425955,-1.7057549790479243
8D_bg_uniform_200,15.0,200.0,31,Gaussian Fitting,PSF Fitting (Known PSF),20,-0.00579880385724979,-0.003409058607197979,-0.05007433649057056,0.040714827026451586,-3.3199999830685556
8D_bg_uniform_50,15.0,50.0,31,Gaussian Fitting,PSF Fitting (Known PSF),20,-0.0023004985338210826,-0.002154501881267562,-0.009608740220972582,0.00418563777299234,-1.5435700246598572
8D_bg_uniform_500,15.0,500.0,31,Gaussian Fitting,PSF Fitting (Known PSF),20,0.24408335875182174,0.2614975876190071,0.21487623394604288,0.27106487017171477,-7.972679997328669
8E_roi_11px,15.0,10.0,11,Gaussian Fitting,PSF Fitting (Known PSF),20,-0.01016148485588636,-0.008316619571582612,-0.018784779940508076,-0.0016940839097111383,-1.6832999768666923
8E_roi_15px,15.0,10.0,15,Gaussian Fitting,PSF Fitting (Known PSF),20,-0.00037346508933577827,-9.843114143034959e-05,-0.0049867239064337555,0.004668920177474984,-1.0324350267183036
8E_roi_21px,15.0,10.0,21,Gaussian Fitting,PSF Fitting (Known PSF),20,-0.004214108391717958,-0.004562399548109247,-0.014117640514788135,0.004403215408470592,-1.5256399870850146
8E_roi_31px,15.0,10.0,31,Gaussian Fitting,PSF Fitting (Known PSF),20,-0.0045133603598057626,-0.006430173849341553,-0.01086721478387143,0.0027688630242671576,-2.0875199988950044
8E_roi_41px,15.0,10.0,41,Gaussian Fitting,PSF Fitting (Known PSF),20,-0.0029720794862608535,-0.004546605484600258,-0.012374846481050158,0.0038362010507107234,-3.1873100087977946
