scenario,noise_type,snr_db,trial,cls_detected,cls_false_candidates,cls_latency_ms,ref_detected,ref_false_candidates,ref_latency_ms,ref_saturated
snr_30dB,gaussian,30.0,0,True,0,15.1486999966437,True,0,224.8429999963264,False
snr_30dB,gaussian,30.0,1,False,0,6.663699998171069,True,0,241.2560000011581,False
snr_30dB,gaussian,30.0,2,True,0,7.408999998006038,True,0,302.7568999968935,False
snr_30dB,gaussian,30.0,3,False,0,7.206600006611552,True,0,225.8912000033888,False
snr_30dB,gaussian,30.0,4,False,0,8.802800002740696,True,0,226.5244000009261,False
snr_30dB,gaussian,30.0,5,True,0,7.51019999734126,True,0,219.48170000541722,False
snr_30dB,gaussian,30.0,6,False,0,7.275099997059442,True,0,221.4927999957581,False
snr_30dB,gaussian,30.0,7,True,0,7.277100005012471,True,0,228.78730000229552,False
snr_30dB,gaussian,30.0,8,False,0,6.3599999994039536,True,0,198.9668999958667,False
snr_30dB,gaussian,30.0,9,True,0,7.877199997892603,True,0,199.2997000052128,False
snr_30dB,gaussian,30.0,10,False,0,7.627600003615953,True,0,202.05449999775738,False
snr_30dB,gaussian,30.0,11,False,0,6.521700001030695,True,0,231.95180000038818,False
snr_30dB,gaussian,30.0,12,False,0,8.762600002228282,True,0,214.61129999806872,False
snr_30dB,gaussian,30.0,13,False,0,7.75660000363132,True,0,213.73770000354853,False
snr_30dB,gaussian,30.0,14,True,0,7.4107000036747195,True,0,207.27099999930942,False
snr_30dB,gaussian,30.0,15,True,0,7.86060000245925,True,0,200.57860000088112,False
snr_30dB,gaussian,30.0,16,True,0,8.324800000991672,True,0,204.53989999805344,False
snr_30dB,gaussian,30.0,17,False,0,6.608600000618026,True,0,210.43830000417074,False
snr_30dB,gaussian,30.0,18,True,0,7.133299994166009,True,0,225.88240000186488,False
snr_30dB,gaussian,30.0,19,True,0,8.395000004384201,True,0,210.60399999987567,False
snr_30dB,gaussian,30.0,20,True,0,7.048999999824446,True,0,209.18779999919934,False
snr_30dB,gaussian,30.0,21,False,0,8.29649999650428,True,0,198.4440000014729,False
snr_30dB,gaussian,30.0,22,False,0,6.255600004806183,True,0,222.60799999639858,False
snr_30dB,gaussian,30.0,23,True,0,7.124499999918044,True,0,226.0911000048509,False
snr_30dB,gaussian,30.0,24,False,0,7.37430000299355,True,0,206.08920000086073,False
snr_30dB,gaussian,30.0,25,True,0,7.174899998062756,True,0,201.25190000544535,False
snr_30dB,gaussian,30.0,26,False,0,7.987100005266257,True,0,194.92589999572374,False
snr_30dB,gaussian,30.0,27,False,0,6.876799998281058,True,0,196.0380000018631,False
snr_30dB,gaussian,30.0,28,False,0,7.204800000181422,True,0,218.26890000374988,False
snr_30dB,gaussian,30.0,29,False,0,7.470299999113195,True,0,210.6603000065661,False
snr_30dB,gaussian,30.0,30,False,0,7.543799998529721,True,0,219.27970000251662,False
snr_30dB,gaussian,30.0,31,False,0,7.697399996686727,True,0,200.80179999786196,False
snr_30dB,gaussian,30.0,32,True,0,7.577899996249471,True,0,197.3636000038823,False
snr_30dB,gaussian,30.0,33,False,0,10.533799999393523,True,0,220.66269999777433,False
snr_30dB,gaussian,30.0,34,False,0,6.692199996905401,True,0,218.72150000126567,False
snr_30dB,gaussian,30.0,35,True,0,6.762499993783422,True,0,232.8847000026144,False
snr_30dB,gaussian,30.0,36,True,0,7.767399998556357,True,0,209.17490000283578,False
snr_30dB,gaussian,30.0,37,True,0,7.067500002449378,True,0,199.13380000070902,False
snr_30dB,gaussian,30.0,38,True,0,6.626399997912813,True,0,206.29439999902388,False
snr_30dB,gaussian,30.0,39,False,0,7.5706999996327795,True,0,214.35360000032233,False
snr_30dB,gaussian,30.0,40,False,0,7.386699995549861,True,0,221.56099999847356,False
snr_30dB,gaussian,30.0,41,True,0,8.875700004864484,True,0,201.68120000016643,False
snr_30dB,gaussian,30.0,42,False,0,7.618499999807682,True,0,199.4535999983782,False
snr_30dB,gaussian,30.0,43,False,0,7.0865000016056,True,0,197.44860000355402,False
snr_30dB,gaussian,30.0,44,True,0,8.072199998423457,True,0,209.07720000104746,False
snr_30dB,gaussian,30.0,45,False,0,8.753399997658562,True,0,213.96200000162935,False
snr_30dB,gaussian,30.0,46,True,0,8.678499994857702,True,0,209.49039999686647,False
snr_30dB,gaussian,30.0,47,False,0,7.961800001794472,True,0,206.25409999775002,False
snr_30dB,gaussian,30.0,48,True,0,9.660399999120273,True,0,203.6688000007416,False
snr_30dB,gaussian,30.0,49,False,0,7.942500000353903,True,0,194.78890000027604,False
snr_20dB,gaussian,20.0,0,True,0,7.61179999972228,True,0,225.09980000177165,False
snr_20dB,gaussian,20.0,1,True,0,9.567600005539134,True,0,227.32900000119116,False
snr_20dB,gaussian,20.0,2,True,0,8.58929999958491,True,0,214.0027999994345,False
snr_20dB,gaussian,20.0,3,True,0,16.685399998095818,True,1,207.47709999704966,False
snr_20dB,gaussian,20.0,4,False,0,6.771599997591693,True,0,241.22740000166232,False
snr_20dB,gaussian,20.0,5,True,0,7.712899998296052,True,0,239.4057999990764,False
snr_20dB,gaussian,20.0,6,True,0,7.881099998485297,True,0,217.24620000168215,False
snr_20dB,gaussian,20.0,7,True,0,7.151300000259653,True,0,234.76680000021588,False
snr_20dB,gaussian,20.0,8,True,0,7.443599999533035,True,0,233.54839999956312,False
snr_20dB,gaussian,20.0,9,False,0,8.348300005309284,True,0,233.38050000165822,False
snr_20dB,gaussian,20.0,10,True,0,7.591000001411885,True,0,216.0691000026418,False
snr_20dB,gaussian,20.0,11,True,0,6.612299999687821,True,0,195.79150000208756,False
snr_20dB,gaussian,20.0,12,True,0,6.649599999946076,True,0,191.99099999968894,False
snr_20dB,gaussian,20.0,13,True,0,6.947699999727774,True,0,219.9548999997205,False
snr_20dB,gaussian,20.0,14,True,0,7.061500000418164,True,0,250.3848000051221,False
snr_20dB,gaussian,20.0,15,True,0,7.584600003610831,True,0,198.86309999856167,False
snr_20dB,gaussian,20.0,16,True,0,7.667600002605468,True,0,234.3579000007594,False
snr_20dB,gaussian,20.0,17,True,0,8.412299997871742,True,1,268.66139999765437,False
snr_20dB,gaussian,20.0,18,True,0,8.8432999982615,True,0,222.34439999738242,False
snr_20dB,gaussian,20.0,19,True,0,7.486000002245419,True,2,200.63899999513524,False
snr_20dB,gaussian,20.0,20,True,0,7.625899997947272,True,0,197.96920000226237,False
snr_20dB,gaussian,20.0,21,True,0,7.115499996871222,True,0,207.87779999955092,False
snr_20dB,gaussian,20.0,22,True,0,7.47840000258293,True,0,223.2339000038337,False
snr_20dB,gaussian,20.0,23,True,0,10.171299996727612,True,0,227.8267000001506,False
snr_20dB,gaussian,20.0,24,True,0,6.989999994402751,True,1,196.24459999613464,False
snr_20dB,gaussian,20.0,25,False,0,6.698399993183557,True,0,204.99689999996917,False
snr_20dB,gaussian,20.0,26,True,0,6.620600004680455,True,0,214.4546999988961,False
snr_20dB,gaussian,20.0,27,True,0,8.102599997073412,True,1,227.1441999982926,False
snr_20dB,gaussian,20.0,28,True,0,7.558499994047452,True,0,191.06160000228556,False
snr_20dB,gaussian,20.0,29,True,0,6.27639999584062,True,0,227.01949999463977,False
snr_20dB,gaussian,20.0,30,False,0,6.495699999504723,True,1,196.31369999842718,False
snr_20dB,gaussian,20.0,31,True,0,7.627799997862894,True,0,211.89800000138348,False
snr_20dB,gaussian,20.0,32,False,0,7.122200004232582,True,0,236.0592999975779,False
snr_20dB,gaussian,20.0,33,True,0,6.617099999857601,True,0,225.8505999998306,False
snr_20dB,gaussian,20.0,34,True,0,6.624499990721233,True,1,202.3877999963588,False
snr_20dB,gaussian,20.0,35,True,0,7.338899995374959,True,0,233.47300000023097,False
snr_20dB,gaussian,20.0,36,True,0,7.373000007646624,True,0,250.29609999910463,False
snr_20dB,gaussian,20.0,37,True,0,7.791199997882359,True,0,201.85289999790257,False
snr_20dB,gaussian,20.0,38,True,0,6.925800000317395,True,1,198.86419999966165,False
snr_20dB,gaussian,20.0,39,True,0,6.8614000047091395,True,1,215.79360000032466,False
snr_20dB,gaussian,20.0,40,True,0,7.3921000002883375,True,0,213.88510000542738,False
snr_20dB,gaussian,20.0,41,False,0,6.993599999987055,True,0,283.92510000412585,False
snr_20dB,gaussian,20.0,42,True,0,6.754300004104152,True,0,209.33620000141673,False
snr_20dB,gaussian,20.0,43,True,0,6.1992000046302564,True,0,233.07519999798387,False
snr_20dB,gaussian,20.0,44,True,0,8.054199999605771,True,0,209.08829999825684,False
snr_20dB,gaussian,20.0,45,False,0,6.476599999587052,True,0,194.28060000063851,False
snr_20dB,gaussian,20.0,46,True,0,6.973200004722457,True,1,180.21050000243122,False
snr_20dB,gaussian,20.0,47,True,0,6.248700003197882,True,0,191.3955000054557,False
snr_20dB,gaussian,20.0,48,True,0,6.330499993055128,True,0,189.9053000015556,False
snr_20dB,gaussian,20.0,49,True,0,6.617999999434687,True,0,187.0894000021508,False
snr_15dB,gaussian,15.0,0,True,0,7.364800003415439,True,0,199.81580000603572,False
snr_15dB,gaussian,15.0,1,True,0,8.664999993925449,True,1,178.1072999947355,False
snr_15dB,gaussian,15.0,2,True,0,9.039100004883949,True,0,255.58689999888884,False
snr_15dB,gaussian,15.0,3,True,0,8.285999996587634,True,0,208.9516000050935,False
snr_15dB,gaussian,15.0,4,True,0,7.490000003599562,True,2,182.06439999630675,False
snr_15dB,gaussian,15.0,5,True,1,7.282800004759338,True,3,174.87749999418156,False
snr_15dB,gaussian,15.0,6,True,0,7.617300005222205,True,0,237.14099999779137,False
snr_15dB,gaussian,15.0,7,True,0,8.612099998572376,True,0,227.41790000145556,False
snr_15dB,gaussian,15.0,8,True,0,6.3848999998299405,True,2,196.91430000239052,False
snr_15dB,gaussian,15.0,9,True,0,6.61240000044927,True,2,184.93400000443216,False
snr_15dB,gaussian,15.0,10,True,0,7.859400000597816,True,1,189.29100000241306,False
snr_15dB,gaussian,15.0,11,True,0,7.701199996517971,True,1,207.15860000200337,False
snr_15dB,gaussian,15.0,12,True,0,7.469500000297558,True,0,189.841699997487,False
snr_15dB,gaussian,15.0,13,True,0,7.01350000599632,True,1,188.01190000522183,False
snr_15dB,gaussian,15.0,14,True,0,7.762300003378186,True,1,186.43329999758862,False
snr_15dB,gaussian,15.0,15,True,0,6.16979999904288,True,1,208.7323000014294,False
snr_15dB,gaussian,15.0,16,True,0,6.503800002974458,True,0,213.34750000096392,False
snr_15dB,gaussian,15.0,17,True,0,7.087999991199467,True,1,189.6485000033863,False
snr_15dB,gaussian,15.0,18,True,0,7.919800002127886,True,0,192.38210000185063,False
snr_15dB,gaussian,15.0,19,True,0,6.895300008181948,True,1,200.76970000081928,False
snr_15dB,gaussian,15.0,20,True,0,7.407700002659112,True,1,212.61319999757688,False
snr_15dB,gaussian,15.0,21,True,0,7.845200001611374,True,2,204.5836999968742,False
snr_15dB,gaussian,15.0,22,True,0,7.4430000022402965,True,7,192.27700000192272,False
snr_15dB,gaussian,15.0,23,True,0,7.9526000045007095,True,2,198.21349999983795,False
snr_15dB,gaussian,15.0,24,False,0,7.517900005041156,True,0,198.12589999492047,False
snr_15dB,gaussian,15.0,25,True,0,8.791699998255353,True,3,215.5616000018199,False
snr_15dB,gaussian,15.0,26,True,0,8.69780000357423,True,1,211.9749999983469,False
snr_15dB,gaussian,15.0,27,True,0,7.798100006766617,True,2,199.4819000028656,False
snr_15dB,gaussian,15.0,28,True,0,8.157900003425311,True,1,198.33549999748357,False
snr_15dB,gaussian,15.0,29,True,0,7.302700003492646,True,2,192.7330999969854,False
snr_15dB,gaussian,15.0,30,True,0,6.2276999960886315,True,0,211.5635000009206,False
snr_15dB,gaussian,15.0,31,True,0,8.846799995808396,True,2,216.557500003546,False
snr_15dB,gaussian,15.0,32,True,0,8.15850000071805,True,2,201.78689999738708,False
snr_15dB,gaussian,15.0,33,True,0,7.145199997466989,True,1,194.05410000035772,False
snr_15dB,gaussian,15.0,34,False,0,6.500700001197401,True,2,206.82229999511037,False
snr_15dB,gaussian,15.0,35,True,0,6.790299994463567,True,1,220.20039999915753,False
snr_15dB,gaussian,15.0,36,True,0,8.30359999963548,True,1,216.432100001839,False
snr_15dB,gaussian,15.0,37,True,0,8.253499996499158,True,1,207.5081999937538,False
snr_15dB,gaussian,15.0,38,True,0,8.580900001106784,True,1,209.68939999875147,False
snr_15dB,gaussian,15.0,39,True,0,6.758000003173947,True,0,242.10350000066683,False
snr_15dB,gaussian,15.0,40,True,0,7.720499997958541,True,0,211.6628000003402,False
snr_15dB,gaussian,15.0,41,True,0,8.401999999477994,True,0,203.6995999951614,False
snr_15dB,gaussian,15.0,42,True,0,7.276000003912486,True,0,255.14629999815952,False
snr_15dB,gaussian,15.0,43,True,0,7.901000004494563,False,0,219.5750000028056,False
snr_15dB,gaussian,15.0,44,True,0,8.10300000011921,True,3,217.41800000017975,False
snr_15dB,gaussian,15.0,45,True,0,6.459799995354842,True,0,211.84090000315337,False
snr_15dB,gaussian,15.0,46,True,0,7.3602000120445155,True,2,207.5064000018756,False
snr_15dB,gaussian,15.0,47,True,0,8.285499992780387,True,1,234.90029999811668,False
snr_15dB,gaussian,15.0,48,True,0,7.486100003006868,True,2,232.176099998469,False
snr_15dB,gaussian,15.0,49,True,0,7.622199998877477,True,0,213.99209999799496,False
snr_10dB,gaussian,10.0,0,True,1547,8.077400001639035,True,3,210.14739999372978,False
snr_10dB,gaussian,10.0,1,True,1579,7.415600004605949,False,0,236.38080000091577,False
snr_10dB,gaussian,10.0,2,True,1573,8.501099997374695,True,4,245.39350000122795,False
snr_10dB,gaussian,10.0,3,True,1480,8.022299996810034,True,6,228.4189999991213,False
snr_10dB,gaussian,10.0,4,True,1568,8.780199998000171,True,2,210.7445999936317,False
snr_10dB,gaussian,10.0,5,True,1557,9.577500000887085,True,1,236.27330000454094,False
snr_10dB,gaussian,10.0,6,True,1461,9.116100009123329,True,1,237.8485000008368,False
snr_10dB,gaussian,10.0,7,True,1585,7.663500000489876,True,2,219.8080999951344,False
snr_10dB,gaussian,10.0,8,True,1519,6.987200002186,True,2,213.64529999846127,False
snr_10dB,gaussian,10.0,9,True,1569,7.482500004698522,True,1,217.2430999999051,False
snr_10dB,gaussian,10.0,10,True,1576,8.55799999408191,True,1,239.82039999827975,False
snr_10dB,gaussian,10.0,11,True,1532,8.73660000070231,True,4,199.30039999599103,False
snr_10dB,gaussian,10.0,12,True,1619,9.246699999494012,True,4,195.5249999955413,False
snr_10dB,gaussian,10.0,13,True,1537,8.377699996344745,True,3,196.50639999599662,False
snr_10dB,gaussian,10.0,14,True,1535,8.57920000271406,True,8,217.46080000593793,False
snr_10dB,gaussian,10.0,15,True,1571,9.567699999024626,True,1,202.16229999641655,False
snr_10dB,gaussian,10.0,16,True,1601,8.005300005606841,True,0,195.70009999733884,False
snr_10dB,gaussian,10.0,17,True,1591,8.6957999956212,True,3,199.04420000239043,False
snr_10dB,gaussian,10.0,18,True,1545,8.581700007198378,True,1,233.3412000007229,False
snr_10dB,gaussian,10.0,19,True,1446,8.400999999139458,True,4,224.6750999984215,False
snr_10dB,gaussian,10.0,20,True,1545,7.5967000011587515,True,3,198.41599999926984,False
snr_10dB,gaussian,10.0,21,True,1602,7.094799999322277,True,3,198.55290000123205,False
snr_10dB,gaussian,10.0,22,True,1539,8.650700001453515,True,3,193.53620000038063,False
snr_10dB,gaussian,10.0,23,True,1591,20.956200001819525,True,2,215.24530000169761,False
snr_10dB,gaussian,10.0,24,True,1509,9.523300002911128,True,3,195.21119999990333,False
snr_10dB,gaussian,10.0,25,True,1514,6.646900001214817,True,4,195.21099999838043,False
snr_10dB,gaussian,10.0,26,True,1554,9.540200000628829,True,3,195.17669999913778,False
snr_10dB,gaussian,10.0,27,True,1574,8.995399999548681,True,4,213.39489999809302,False
snr_10dB,gaussian,10.0,28,True,1496,7.959999995364342,True,2,221.6270999997505,False
snr_10dB,gaussian,10.0,29,True,1549,8.93819999328116,True,1,197.12549999530893,False
snr_10dB,gaussian,10.0,30,True,1524,6.808700003603008,True,7,198.31250000424916,False
snr_10dB,gaussian,10.0,31,True,1566,8.536100001947489,True,4,224.41519999847515,False
snr_10dB,gaussian,10.0,32,True,1574,7.895199996710289,True,1,226.33229999337345,False
snr_10dB,gaussian,10.0,33,True,1635,8.60839999950258,True,2,197.85469999624183,False
snr_10dB,gaussian,10.0,34,True,1613,9.554900003422517,True,1,196.20340000255965,False
snr_10dB,gaussian,10.0,35,True,1543,7.352600005106069,True,4,200.71610000013607,False
snr_10dB,gaussian,10.0,36,True,1523,8.336600003531203,True,4,214.96309999929508,False
snr_10dB,gaussian,10.0,37,True,1511,8.551699997042306,True,1,198.38929999968968,False
snr_10dB,gaussian,10.0,38,True,1473,6.8318999983603135,True,1,215.2425000022049,False
snr_10dB,gaussian,10.0,39,True,1489,7.601999997859821,True,4,200.28260000253795,False
snr_10dB,gaussian,10.0,40,True,1414,7.3015000016312115,True,2,215.10409999609692,False
snr_10dB,gaussian,10.0,41,True,1540,8.365000001504086,True,2,238.2833999945433,False
snr_10dB,gaussian,10.0,42,True,1611,8.605299997725524,True,5,196.12210000195773,False
snr_10dB,gaussian,10.0,43,True,1554,8.229099999880418,True,5,189.8421000005328,False
snr_10dB,gaussian,10.0,44,True,1543,8.259099995484576,True,3,205.81749999837484,False
snr_10dB,gaussian,10.0,45,True,1564,9.034400005475618,True,5,215.64919999946142,False
snr_10dB,gaussian,10.0,46,True,1576,9.24259999737842,True,4,201.16190000408096,False
snr_10dB,gaussian,10.0,47,True,1679,8.185799997590948,True,3,223.04770000482677,False
snr_10dB,gaussian,10.0,48,True,1552,7.538900004874449,True,3,211.62370000092778,False
snr_10dB,gaussian,10.0,49,True,1550,7.452500009094365,True,4,232.0642000049702,False
snr_5dB,gaussian,5.0,0,True,65896,54.62439999246271,True,10,231.35739999997895,False
snr_5dB,gaussian,5.0,1,True,66247,49.51989999972284,True,3,220.2097999979742,False
snr_5dB,gaussian,5.0,2,True,66063,37.89139999571489,True,8,209.45239999855403,False
snr_5dB,gaussian,5.0,3,True,66026,36.77130000141915,True,8,187.38280000252416,False
snr_5dB,gaussian,5.0,4,True,65834,34.04549999686424,True,4,209.55469999898924,False
snr_5dB,gaussian,5.0,5,True,65256,39.245300002221484,True,3,194.81059999816353,False
snr_5dB,gaussian,5.0,6,True,65949,31.696999998530373,True,2,182.7631999985897,False
snr_5dB,gaussian,5.0,7,True,66032,33.90310000395402,True,6,201.24570000189124,False
snr_5dB,gaussian,5.0,8,True,65575,36.52240000519669,True,11,201.74319999932777,False
snr_5dB,gaussian,5.0,9,True,65773,35.255599999800324,True,7,199.17260000511305,False
snr_5dB,gaussian,5.0,10,True,65862,34.03999999864027,True,4,212.03769999556243,False
snr_5dB,gaussian,5.0,11,True,65875,38.83420000784099,True,10,198.6786999987089,False
snr_5dB,gaussian,5.0,12,True,66160,36.92909999517724,True,7,204.2250000013155,False
snr_5dB,gaussian,5.0,13,True,65699,37.08110000297893,True,7,224.444699997548,False
snr_5dB,gaussian,5.0,14,True,66275,38.86999999667751,True,6,208.28890000120737,False
snr_5dB,gaussian,5.0,15,True,65950,34.88459999789484,True,5,210.83309999812627,False
snr_5dB,gaussian,5.0,16,True,66267,37.47800000564894,True,6,228.3337000044412,False
snr_5dB,gaussian,5.0,17,True,66327,36.10320000734646,True,4,199.1277999986778,False
snr_5dB,gaussian,5.0,18,True,66174,32.56189999956405,True,11,237.8378000066732,False
snr_5dB,gaussian,5.0,19,True,65884,41.12560000066878,True,2,196.62660000176402,False
snr_5dB,gaussian,5.0,20,True,65841,36.82319999643369,True,10,210.51649999571964,False
snr_5dB,gaussian,5.0,21,True,65848,35.64959999494022,True,8,214.82620000460884,False
snr_5dB,gaussian,5.0,22,True,66302,36.264599999412894,True,4,192.95069999498082,False
snr_5dB,gaussian,5.0,23,True,66386,37.15379999630386,True,3,207.12339999590768,False
snr_5dB,gaussian,5.0,24,True,65712,34.56289999303408,True,2,218.91610000602668,False
snr_5dB,gaussian,5.0,25,True,66287,37.899900002230424,True,7,200.15019999846118,False
snr_5dB,gaussian,5.0,26,True,66076,33.57060000416823,True,3,191.84780000068713,False
snr_5dB,gaussian,5.0,27,True,66135,34.52139999717474,True,6,224.4914000038989,False
snr_5dB,gaussian,5.0,28,True,65795,32.872199997655116,True,3,196.00619999982882,False
snr_5dB,gaussian,5.0,29,True,65879,33.28200000396464,True,5,191.7092000003322,False
snr_5dB,gaussian,5.0,30,True,66332,36.88910000346368,True,4,228.34669999429025,False
snr_5dB,gaussian,5.0,31,True,65607,34.04120000777766,True,4,194.94919999851845,False
snr_5dB,gaussian,5.0,32,True,65934,34.99310000188416,True,9,193.98150000051828,False
snr_5dB,gaussian,5.0,33,True,65832,38.35349999280879,True,5,222.70070000377018,False
snr_5dB,gaussian,5.0,34,True,66092,36.59710000647465,True,5,194.65650000347523,False
snr_5dB,gaussian,5.0,35,True,66000,35.4109999971115,True,4,214.65050000551855,False
snr_5dB,gaussian,5.0,36,True,65465,36.29930000170134,True,8,210.44180000171764,False
snr_5dB,gaussian,5.0,37,True,65931,36.37159999925643,True,4,214.60130000195932,False
snr_5dB,gaussian,5.0,38,True,66123,36.276500002713874,True,2,228.7330999970436,False
snr_5dB,gaussian,5.0,39,True,65959,40.655700002389494,True,5,197.42830000177491,False
snr_5dB,gaussian,5.0,40,True,65917,34.84849999949802,True,8,247.69989999913378,False
snr_5dB,gaussian,5.0,41,True,65985,39.509299997007474,True,5,224.83229999488685,False
snr_5dB,gaussian,5.0,42,True,66075,40.07799999817507,True,5,194.1612000009627,False
snr_5dB,gaussian,5.0,43,True,66344,35.182799998437986,True,3,198.54409999970812,False
snr_5dB,gaussian,5.0,44,True,66326,38.90799999498995,True,7,247.51809999725083,False
snr_5dB,gaussian,5.0,45,True,66159,35.388200005399995,True,8,190.60139999783132,False
snr_5dB,gaussian,5.0,46,True,66232,37.14729999774136,True,10,221.29729999869596,False
snr_5dB,gaussian,5.0,47,True,66102,38.080900005297735,True,9,218.47970000089845,False
snr_5dB,gaussian,5.0,48,True,66160,37.568400002783164,True,9,214.36499999981606,False
snr_5dB,gaussian,5.0,49,True,65927,35.85490000114078,True,4,208.80779999424703,False
snr_0dB,gaussian,0.0,0,True,153687,115.83860000246204,False,0,2.5026000002981164,True
snr_0dB,gaussian,0.0,1,True,153151,81.2515999932657,False,0,3.0216999948606826,True
snr_0dB,gaussian,0.0,2,True,153686,90.87089999957243,False,0,3.0952000015531667,True
snr_0dB,gaussian,0.0,3,True,153417,73.1586000038078,False,0,2.655099997355137,True
snr_0dB,gaussian,0.0,4,True,152965,81.62689999880968,False,0,2.418199997919146,True
snr_0dB,gaussian,0.0,5,True,153305,74.53269999678014,False,0,2.518599998438731,True
snr_0dB,gaussian,0.0,6,True,153489,75.43710000027204,False,0,2.829199998814147,True
snr_0dB,gaussian,0.0,7,True,152960,79.26239999505924,False,0,2.09500000346452,True
snr_0dB,gaussian,0.0,8,True,153195,74.59270000254037,False,0,2.023599998210557,True
snr_0dB,gaussian,0.0,9,True,153602,78.52640000055544,False,0,2.620400002342649,True
snr_0dB,gaussian,0.0,10,True,153504,75.1325000092038,False,0,2.2401000023819506,True
snr_0dB,gaussian,0.0,11,True,153291,80.36279999214457,False,0,2.029000002949033,True
snr_0dB,gaussian,0.0,12,True,153276,72.33740000083344,False,0,1.9037000020034611,True
snr_0dB,gaussian,0.0,13,True,153609,76.44050000817515,False,0,2.675299998372793,True
snr_0dB,gaussian,0.0,14,True,153199,73.82160000270233,False,0,2.006700000492856,True
snr_0dB,gaussian,0.0,15,True,153252,77.83189999463502,False,0,1.9680000041262247,True
snr_0dB,gaussian,0.0,16,True,153341,83.13740000448888,False,0,2.084400002786424,True
snr_0dB,gaussian,0.0,17,True,153537,73.2097999934922,False,0,2.1089000001666136,True
snr_0dB,gaussian,0.0,18,True,153499,82.60209999571089,False,0,2.0629999999073334,True
snr_0dB,gaussian,0.0,19,True,152889,73.07070000388194,False,0,2.384799998253584,True
snr_0dB,gaussian,0.0,20,True,153127,76.81560000492027,False,0,1.9971000001532957,True
snr_0dB,gaussian,0.0,21,True,153744,79.47819999390049,False,0,1.962899994396139,True
snr_0dB,gaussian,0.0,22,True,153487,76.2317000044277,False,0,2.7685000022756867,True
snr_0dB,gaussian,0.0,23,True,153213,82.66839999851072,False,0,2.2078999973018654,True
snr_0dB,gaussian,0.0,24,True,153577,75.87179999973159,False,0,2.9407000038190745,True
snr_0dB,gaussian,0.0,25,True,153632,80.15330000489485,False,0,1.9918000034522265,True
snr_0dB,gaussian,0.0,26,True,153458,73.87240000389284,False,0,1.9116999974357896,True
snr_0dB,gaussian,0.0,27,True,153219,74.81040000129724,False,0,2.664400002686307,True
snr_0dB,gaussian,0.0,28,True,153285,92.03619999607326,False,0,2.424799997243099,True
snr_0dB,gaussian,0.0,29,True,153191,86.91309999267105,False,0,2.403099999355618,True
snr_0dB,gaussian,0.0,30,True,152910,84.6499000035692,False,0,2.7553999971132725,True
snr_0dB,gaussian,0.0,31,True,152976,77.73019999876851,False,0,2.125700004398823,True
snr_0dB,gaussian,0.0,32,True,154015,78.69170000049053,False,0,2.2288999971351586,True
snr_0dB,gaussian,0.0,33,True,153176,81.80200000060722,False,0,2.4343000040971674,True
snr_0dB,gaussian,0.0,34,True,153146,83.74989998992532,False,0,2.2951999999349937,True
snr_0dB,gaussian,0.0,35,True,152929,73.26299999840558,False,0,2.284099995449651,True
snr_0dB,gaussian,0.0,36,True,153127,77.54459999705432,False,0,3.010000000358559,True
snr_0dB,gaussian,0.0,37,True,153608,75.32089999585878,False,0,2.1320000014384277,True
snr_0dB,gaussian,0.0,38,True,153248,78.9022999961162,False,0,2.521900001738686,True
snr_0dB,gaussian,0.0,39,True,153292,76.38980000047013,False,0,2.938400000857655,True
snr_0dB,gaussian,0.0,40,True,153303,68.37679999443935,False,0,3.038499999092892,True
snr_0dB,gaussian,0.0,41,True,153114,75.71920000191312,False,0,2.700099998037331,True
snr_0dB,gaussian,0.0,42,True,153434,80.29350000288105,False,0,5.672799998137634,True
snr_0dB,gaussian,0.0,43,True,153283,86.45550000073854,False,0,2.429899999697227,True
snr_0dB,gaussian,0.0,44,True,153466,81.56279999820981,False,0,2.2979999994277023,True
snr_0dB,gaussian,0.0,45,True,153541,81.95919999707257,False,0,2.6074999987031333,True
snr_0dB,gaussian,0.0,46,True,153183,82.57319999393076,False,0,3.239400000893511,True
snr_0dB,gaussian,0.0,47,True,153256,81.01299999543699,False,0,2.1894000019528903,True
snr_0dB,gaussian,0.0,48,True,153082,78.87460000347346,False,0,2.5756999966688454,True
snr_0dB,gaussian,0.0,49,True,153484,86.46369999769377,False,0,2.1932999952696264,True
salt_and_pepper_10pct,impulse,,0,True,84101,41.87370000727242,True,2240,311.31920000188984,False
salt_and_pepper_10pct,impulse,,1,True,83816,47.16250000637956,True,2193,292.5230999971973,False
salt_and_pepper_10pct,impulse,,2,True,84099,46.54209999716841,True,2158,307.30030000268016,False
salt_and_pepper_10pct,impulse,,3,True,84003,46.48389999783831,True,2157,298.75889999675564,False
salt_and_pepper_10pct,impulse,,4,True,84093,49.4436000008136,True,2187,324.4565999993938,False
salt_and_pepper_10pct,impulse,,5,True,84114,52.33849999785889,True,2177,280.9430999986944,False
salt_and_pepper_10pct,impulse,,6,True,84063,42.998199998692144,True,2157,302.97910000081174,False
salt_and_pepper_10pct,impulse,,7,True,84054,55.804499992518686,True,2161,287.31990000233054,False
salt_and_pepper_10pct,impulse,,8,True,83911,43.50710000289837,True,2206,281.2442999929772,False
salt_and_pepper_10pct,impulse,,9,True,83920,51.0233000095468,True,2202,287.0027000026312,False
salt_and_pepper_10pct,impulse,,10,True,83998,43.15239999414189,True,2120,277.9873999970732,False
salt_and_pepper_10pct,impulse,,11,True,83987,49.968999992415775,True,2125,288.55789999943227,False
salt_and_pepper_10pct,impulse,,12,True,83936,45.44079999323003,True,2277,276.5337000018917,False
salt_and_pepper_10pct,impulse,,13,True,84189,47.21140000037849,True,2160,300.53809999662917,False
salt_and_pepper_10pct,impulse,,14,True,83929,48.69239999970887,True,2239,286.5514000004623,False
salt_and_pepper_10pct,impulse,,15,True,84136,46.675000005052425,True,2218,312.08519999927375,False
salt_and_pepper_10pct,impulse,,16,True,83985,45.4332000008435,True,2180,295.4930999985663,False
salt_and_pepper_10pct,impulse,,17,True,83888,54.9682999990182,True,2261,273.4290000007604,False
salt_and_pepper_10pct,impulse,,18,True,84090,43.000000005122274,True,2232,292.4918999997317,False
salt_and_pepper_10pct,impulse,,19,True,84151,48.869800004467834,True,2208,311.14729999535484,False
salt_and_pepper_10pct,impulse,,20,True,83806,45.587199994770344,True,2169,311.248500001966,False
salt_and_pepper_10pct,impulse,,21,True,83802,48.545600002398714,True,2233,278.9257999975234,False
salt_and_pepper_10pct,impulse,,22,True,84057,45.198800005891826,True,2258,282.12799999892013,False
salt_and_pepper_10pct,impulse,,23,True,83966,47.14329999842448,True,2165,319.70360000559594,False
salt_and_pepper_10pct,impulse,,24,True,83944,51.725199999054894,True,2171,282.69259999797214,False
salt_and_pepper_10pct,impulse,,25,True,83981,49.36989999987418,True,2252,322.5858999940101,False
salt_and_pepper_10pct,impulse,,26,True,84171,47.7047000094899,True,2216,336.5849999972852,False
salt_and_pepper_10pct,impulse,,27,True,83944,50.63249999511754,True,2137,403.94430000014836,False
salt_and_pepper_10pct,impulse,,28,True,83937,54.499900004884694,True,2231,322.47949999873526,False
salt_and_pepper_10pct,impulse,,29,True,83989,51.322600003913976,True,2212,364.4464000026346,False
salt_and_pepper_10pct,impulse,,30,True,84165,44.71919999923557,True,2251,407.7469000039855,False
salt_and_pepper_10pct,impulse,,31,True,83935,66.10019999789074,True,2206,368.95280000317143,False
salt_and_pepper_10pct,impulse,,32,True,83990,62.11220000113826,True,2165,299.4875000003958,False
salt_and_pepper_10pct,impulse,,33,True,83979,49.08070000237785,True,2229,293.4915000005276,False
salt_and_pepper_10pct,impulse,,34,True,84021,47.497899999143556,True,2156,319.283800003177,False
salt_and_pepper_10pct,impulse,,35,True,84102,49.82069999095984,True,2207,294.33399999834364,False
salt_and_pepper_10pct,impulse,,36,True,84052,51.84529999678489,True,2227,315.43970000348054,False
salt_and_pepper_10pct,impulse,,37,True,84149,46.9745000009425,True,2161,307.4038999984623,False
salt_and_pepper_10pct,impulse,,38,True,83871,51.43429999588989,True,2214,282.9150999968988,False
salt_and_pepper_10pct,impulse,,39,True,84011,46.05799999990268,True,2218,293.4229000020423,False
salt_and_pepper_10pct,impulse,,40,True,83802,56.455599995388184,True,2267,279.71509999770205,False
salt_and_pepper_10pct,impulse,,41,True,84144,50.829300002078526,True,2222,300.35090000455966,False
salt_and_pepper_10pct,impulse,,42,True,83999,53.5435999991023,True,2217,366.88589999539545,False
salt_and_pepper_10pct,impulse,,43,True,84022,49.174400002812035,True,2216,321.9234999996843,False
salt_and_pepper_10pct,impulse,,44,True,83780,52.854900000966154,True,2248,365.69340000278316,False
salt_and_pepper_10pct,impulse,,45,True,84050,51.82719999720575,True,2221,314.9072999949567,False
salt_and_pepper_10pct,impulse,,46,True,83805,53.244799993990455,True,2172,249.2528000002494,False
salt_and_pepper_10pct,impulse,,47,True,84028,45.803800006979145,True,2125,323.3626000001095,False
salt_and_pepper_10pct,impulse,,48,True,83885,52.21420000452781,True,2250,254.5964000019012,False
salt_and_pepper_10pct,impulse,,49,True,83802,44.01500000676606,True,2184,255.63229999534087,False
gradient_2d,gradient,15.0,0,True,35006,62.07909999648109,False,0,63.750299996172544,False
gradient_2d,gradient,15.0,1,True,35330,60.85490000259597,False,0,62.17859999742359,False
gradient_2d,gradient,15.0,2,True,34853,55.63019998953678,False,0,60.41659999755211,False
gradient_2d,gradient,15.0,3,True,34708,51.371999994444195,False,0,63.51339999673655,False
gradient_2d,gradient,15.0,4,True,35176,54.68589999509277,False,0,65.98490000033053,False
gradient_2d,gradient,15.0,5,True,34938,61.818400004995055,False,0,63.35719999333378,False
gradient_2d,gradient,15.0,6,True,34695,56.44249999750173,False,0,62.247000001661945,False
gradient_2d,gradient,15.0,7,True,34897,52.91820000275038,False,0,60.99230000108946,False
gradient_2d,gradient,15.0,8,True,35262,54.06629999924917,False,0,56.73459999525221,False
gradient_2d,gradient,15.0,9,True,35014,55.3211000005831,False,0,65.80759999633301,False
gradient_2d,gradient,15.0,10,True,35047,55.750899999111425,False,0,60.58699999994133,False
gradient_2d,gradient,15.0,11,True,34922,52.985200003604405,False,0,55.99019999499433,False
gradient_2d,gradient,15.0,12,True,35158,56.689799996092916,False,0,66.28750000527361,False
gradient_2d,gradient,15.0,13,True,34909,53.45869999291608,False,0,69.32760000199778,False
gradient_2d,gradient,15.0,14,True,35002,53.44379999587545,False,0,63.393600001290906,False
gradient_2d,gradient,15.0,15,True,34736,52.29230000259122,False,0,61.79349999729311,False
gradient_2d,gradient,15.0,16,True,34917,52.12629999732599,False,0,66.5551999991294,False
gradient_2d,gradient,15.0,17,True,35112,59.65470000228379,False,0,65.98459999804618,False
gradient_2d,gradient,15.0,18,True,34724,51.97999999654712,False,0,63.638200001150835,False
gradient_2d,gradient,15.0,19,True,34877,52.47139999846695,False,0,60.391100007109344,False
gradient_2d,gradient,15.0,20,True,34998,52.7345999944373,False,0,67.57150000339607,False
gradient_2d,gradient,15.0,21,True,34923,56.80220000067493,False,0,67.62089999392629,False
gradient_2d,gradient,15.0,22,True,35033,50.0229000026593,False,0,62.86470000486588,False
gradient_2d,gradient,15.0,23,True,35030,52.26550000224961,False,0,60.19720000040252,False
gradient_2d,gradient,15.0,24,True,35241,55.16300000454066,False,0,68.53810000029625,False
gradient_2d,gradient,15.0,25,True,34822,57.785999997577164,False,0,67.0758999985992,False
gradient_2d,gradient,15.0,26,True,34964,56.20160000398755,False,0,62.455599996610545,False
gradient_2d,gradient,15.0,27,True,35202,54.54920000192942,False,0,60.62039999960689,False
gradient_2d,gradient,15.0,28,True,35050,53.0495999919367,False,0,67.23000000056345,False
gradient_2d,gradient,15.0,29,True,34985,60.53370000154246,False,0,66.95860000036191,False
gradient_2d,gradient,15.0,30,True,34867,55.12109999108361,False,0,59.65499999729218,False
gradient_2d,gradient,15.0,31,True,35053,52.12839999148855,False,0,61.88800000381889,False
gradient_2d,gradient,15.0,32,True,34955,52.111999997578096,False,0,62.3836000013398,False
gradient_2d,gradient,15.0,33,True,34710,58.7695999929565,False,0,68.31919999967795,False
gradient_2d,gradient,15.0,34,True,34851,57.01319999207044,False,0,62.75439999444643,False
gradient_2d,gradient,15.0,35,True,34913,54.055599990533665,False,0,62.673399996128865,False
gradient_2d,gradient,15.0,36,True,34935,57.502400006342214,False,0,66.61370000074385,False
gradient_2d,gradient,15.0,37,True,35050,60.137300002679694,False,0,66.91229999705683,False
gradient_2d,gradient,15.0,38,True,34843,54.001799995603506,False,0,61.07770000380697,False
gradient_2d,gradient,15.0,39,True,35097,51.16990000533406,False,0,61.32989999605343,False
gradient_2d,gradient,15.0,40,True,34986,52.29199999303091,False,0,63.75390000175685,False
gradient_2d,gradient,15.0,41,True,34990,58.36450000060722,False,0,67.87050000275485,False
gradient_2d,gradient,15.0,42,True,34846,56.2664000026416,False,0,61.76620000042021,False
gradient_2d,gradient,15.0,43,True,35172,49.419000002671964,False,0,62.181500004953705,False
gradient_2d,gradient,15.0,44,True,34797,50.01009999978123,False,0,60.08819999988191,False
gradient_2d,gradient,15.0,45,True,35068,56.12499999551801,False,0,73.92889999755425,False
gradient_2d,gradient,15.0,46,True,35074,55.51089999062242,False,0,63.75570000091102,False
gradient_2d,gradient,15.0,47,True,34989,53.7936000037007,False,0,60.94899999879999,False
gradient_2d,gradient,15.0,48,True,35046,51.43980000138981,False,0,65.58190000214381,False
gradient_2d,gradient,15.0,49,True,34790,54.61479999939911,False,0,66.13340000330936,False
saturation_b500,overexposure,,0,True,0,29.321000001800712,False,0,2.9757000011159107,True
saturation_b500,overexposure,,1,True,0,26.479700005438644,False,0,1.8315999986953102,True
saturation_b500,overexposure,,2,True,0,27.85310000035679,False,0,2.1961000020382926,True
saturation_b500,overexposure,,3,True,0,27.63470000354573,False,0,2.0409999997355044,True
saturation_b500,overexposure,,4,True,0,26.561500002571847,False,0,2.063800005998928,True
saturation_b500,overexposure,,5,True,0,26.770899996336084,False,0,3.124899994872976,True
saturation_b500,overexposure,,6,True,0,26.487300005101133,False,0,2.3056999998516403,True
saturation_b500,overexposure,,7,True,0,27.23100000002887,False,0,2.640300001075957,True
saturation_b500,overexposure,,8,True,0,28.787700000975747,False,0,2.9758999953628518,True
saturation_b500,overexposure,,9,True,0,26.189199998043478,False,0,2.364200001466088,True
saturation_b500,overexposure,,10,True,0,28.408500002115034,False,0,2.492899999197107,True
saturation_b500,overexposure,,11,True,0,28.885399988212157,False,0,3.17469999572495,True
saturation_b500,overexposure,,12,True,0,28.49440000136383,False,0,1.8302000025869347,True
saturation_b500,overexposure,,13,True,0,27.86070000001928,False,0,1.9746999969356693,True
saturation_b500,overexposure,,14,True,0,27.05499999865424,False,0,2.733799999987241,True
saturation_b500,overexposure,,15,True,0,26.389600003312808,False,0,1.9909999973606318,True
saturation_b500,overexposure,,16,True,0,26.458100001036655,False,0,1.9966000036220066,True
saturation_b500,overexposure,,17,True,0,27.099100007035304,False,0,2.716299997700844,True
saturation_b500,overexposure,,18,True,0,27.45689999574097,False,0,2.1348000009311363,True
saturation_b500,overexposure,,19,True,0,26.02850000403123,False,0,2.5279999972553924,True
saturation_b500,overexposure,,20,True,0,31.545299993013032,False,0,2.5941000058082864,True
saturation_b500,overexposure,,21,True,0,29.26860000297893,False,0,2.5759999989531934,True
saturation_b500,overexposure,,22,True,0,28.036299991072156,False,0,2.3897999999462627,True
saturation_b500,overexposure,,23,True,0,27.599999993981328,False,0,2.1100999947520904,True
saturation_b500,overexposure,,24,True,0,26.500900006794836,False,0,1.8245000028400682,True
saturation_b500,overexposure,,25,True,0,25.579200002539437,False,0,2.6943999982904643,True
saturation_b500,overexposure,,26,True,0,24.51019998989068,False,0,3.221599996322766,True
saturation_b500,overexposure,,27,True,0,25.683300002128817,False,0,1.9905000008293428,True
saturation_b500,overexposure,,28,True,0,25.744500002474524,False,0,2.282599998579826,True
saturation_b500,overexposure,,29,True,0,26.895600007264875,False,0,2.533800005039666,True
saturation_b500,overexposure,,30,True,0,27.53139999549603,False,0,2.2334000022965483,True
saturation_b500,overexposure,,31,True,0,26.901500001258682,False,0,2.009399999224115,True
saturation_b500,overexposure,,32,True,0,27.83830000407761,False,0,2.955399999336805,True
saturation_b500,overexposure,,33,True,0,27.21949999977369,False,0,2.935500000603497,True
saturation_b500,overexposure,,34,True,0,28.098100003262516,False,0,2.234799998404924,True
saturation_b500,overexposure,,35,True,0,27.852999992319383,False,0,2.7755999981309287,True
saturation_b500,overexposure,,36,True,0,26.0604999930365,False,0,2.2836999996798113,True
saturation_b500,overexposure,,37,True,0,26.32310000626603,False,0,1.8635000014910474,True
saturation_b500,overexposure,,38,True,0,26.242700005241204,False,0,2.3746000006212853,True
saturation_b500,overexposure,,39,True,0,24.93260000483133,False,0,1.8799000026774593,True
saturation_b500,overexposure,,40,True,0,27.065700000093784,False,0,2.3665999979129992,True
saturation_b500,overexposure,,41,True,0,24.858600001607556,False,0,2.161699994758237,True
saturation_b500,overexposure,,42,True,0,24.62999999988824,False,0,2.049400005489588,True
saturation_b500,overexposure,,43,True,0,27.29620000172872,False,0,2.323100001376588,True
saturation_b500,overexposure,,44,True,0,26.04280000377912,False,0,2.398399999947287,True
saturation_b500,overexposure,,45,True,0,24.663799995323643,False,0,2.128599997377023,True
saturation_b500,overexposure,,46,True,0,28.03239999775542,False,0,2.8164000032120384,True
saturation_b500,overexposure,,47,True,0,25.701099999423604,False,0,1.8774999989545904,True
saturation_b500,overexposure,,48,True,0,26.095599998370744,False,0,2.531700003601145,True
saturation_b500,overexposure,,49,True,0,25.093800002650823,False,0,1.8816000010701828,True
