Scenario,Trials,Classical P_D,Classical R_FA (cand/img),Classical Latency (ms),Reframed P_D,Reframed R_FA (cand/img),Reframed Latency (ms),Reframed Saturation %
gradient_2d,50,1.0,34971.26,54.89994799849228,0.0,0.0,63.793605999671854,0.0
salt_and_pepper_10pct,50,1.0,83993.04,49.358504000265384,1.0,2201.16,306.5640019996499,0.0
saturation_b500,50,1.0,0.0,26.945938000280876,0.0,0.0,2.3678079999808688,100.0
snr_0dB,50,1.0,153327.2,79.66462999931537,0.0,0.0,2.4837379998643883,100.0
snr_10dB,50,1.0,1549.96,8.53135600060341,0.98,2.88,211.68727799944463,0.0
snr_15dB,50,0.96,0.02,7.616662000946235,0.98,1.14,207.3992619998171,0.0
snr_20dB,50,0.86,0.0,7.521487999765668,1.0,0.22,217.1070080001664,0.0
snr_30dB,50,0.44,0.0,7.772429999895394,1.0,0.0,213.41182000061963,0.0
snr_5dB,50,1.0,65997.74,36.968764000193914,1.0,5.86,209.469209999952,0.0
