motion_type,strategy,method_id,total_trials,acquisitions,acquisition_probability,ci_lower,ci_upper,mean_acq_time_sec,mean_search_path_len_px,mean_angular_error_urad
constant_velocity,Method A — Fixed EAL,Method A,30,0,0.0,0.0,0.11351339317396876,5.0,2851.1724503958076,138543.65666990713
constant_velocity,Method B — Predictive Fixed EAL,Method B,30,0,0.0,0.0,0.11351339317396876,5.0,2851.1724503958076,74123.12281313605
constant_velocity,Method C — Uncertainty-Adaptive EAL,Method C,30,30,1.0,0.8864866068260312,0.9999999999999999,4.466666666666667,213.64389759738526,4868.520949616962
constant_velocity,Method D — Full Adaptive EAL,Method D,30,30,1.0,0.8864866068260312,0.9999999999999999,4.443333333333333,277.59936480211314,4134.050890203255
sinusoidal,Method A — Fixed EAL,Method A,30,0,0.0,0.0,0.11351339317396876,5.0,2851.1724503958076,132907.1723560929
sinusoidal,Method B — Predictive Fixed EAL,Method B,30,0,0.0,0.0,0.11351339317396876,5.0,1478.8662319963653,343617.8827314743
sinusoidal,Method C — Uncertainty-Adaptive EAL,Method C,30,0,0.0,0.0,0.11351339317396876,5.0,112.42699495604208,328386.22346920555
sinusoidal,Method D — Full Adaptive EAL,Method D,30,0,0.0,0.0,0.11351339317396876,5.0,624.2663967567802,338692.5944949258
random_maneuver,Method A — Fixed EAL,Method A,30,6,0.2,0.0950510717728987,0.3730569641314825,0.7777777777777778,2851.1724503958076,102553.86629708801
random_maneuver,Method B — Predictive Fixed EAL,Method B,30,4,0.13333333333333333,0.053096554840547455,0.296813266820363,1.0166666666666666,2851.1724503958076,85768.05027857126
random_maneuver,Method C — Uncertainty-Adaptive EAL,Method C,30,5,0.16666666666666666,0.0733654237184855,0.3356435050641603,2.046666666666667,213.64389759738515,52300.912730820215
random_maneuver,Method D — Full Adaptive EAL,Method D,30,3,0.1,0.03459988874733419,0.25621082579184085,1.0888888888888888,3492.597163599728,93526.13165782682
