trial_idx,motion_type,strategy,nis_stat,amplitude_1,amplitude_2,acquired,acq_frame,acq_time_sec,search_path_len_px,angular_error_urad
0,constant_velocity,Uncertainty-Only EAL,0.34283120669439865,11.25208516329013,11.25208516329013,True,69,2.3,213.87756818053464,3088.8982405782976
0,constant_velocity,Error-Adaptive EAL,0.04548303064957594,13.917929033248805,13.917929033248805,True,69,2.3,264.5494388410862,2989.1436342829857
1,constant_velocity,Uncertainty-Only EAL,0.35559915117458424,11.25208516329013,11.25208516329013,True,69,2.3,213.87756818053464,3041.9661394585432
1,constant_velocity,Error-Adaptive EAL,0.04497075500764707,13.90287381385148,13.90287381385148,True,69,2.3,264.26327199588457,2941.727803186957
2,constant_velocity,Uncertainty-Only EAL,0.3671793133934125,11.25208516329013,11.25208516329013,True,69,2.3,213.87756818053464,3113.871589903956
2,constant_velocity,Error-Adaptive EAL,0.07903972842252224,14.766335804041171,14.766335804041171,True,69,2.3,280.6757989185028,2989.769662484106
3,constant_velocity,Uncertainty-Only EAL,0.34776002627702407,11.25208516329013,11.25208516329013,True,69,2.3,213.87756818053464,3128.294173614212
3,constant_velocity,Error-Adaptive EAL,0.08407749690022405,14.876600150244938,14.876600150244938,True,69,2.3,282.7716833595497,2996.9961691728663
4,constant_velocity,Uncertainty-Only EAL,0.3307182239515051,11.25208516329013,11.25208516329013,True,69,2.3,213.87756818053464,3027.2109988141788
4,constant_velocity,Error-Adaptive EAL,0.05389875408129733,14.154098313708769,14.154098313708769,True,69,2.3,269.03850114826787,2920.5788079586837
5,constant_velocity,Uncertainty-Only EAL,0.36070455601527296,11.25208516329013,11.25208516329013,True,69,2.3,213.87756818053464,3096.4243596345455
5,constant_velocity,Error-Adaptive EAL,0.08070516545191712,14.803166984631629,14.803166984631629,True,69,2.3,281.37587923460353,2970.496347499773
6,constant_velocity,Uncertainty-Only EAL,0.3573917957998734,11.25208516329013,11.25208516329013,True,69,2.3,213.87756818053464,3078.0217414942304
6,constant_velocity,Error-Adaptive EAL,0.05834288252196372,14.271369084033067,14.271369084033067,True,69,2.3,271.26756241217026,2969.414781522009
7,constant_velocity,Uncertainty-Only EAL,0.35222073405370213,11.25208516329013,11.25208516329013,True,69,2.3,213.87756818053464,3094.499337314481
7,constant_velocity,Error-Adaptive EAL,0.10374067720157523,15.278185113955306,15.278185113955306,True,69,2.3,290.4049365930448,2944.944047035413
8,constant_velocity,Uncertainty-Only EAL,0.3518266324524381,11.25208516329013,11.25208516329013,True,69,2.3,213.87756818053464,3105.7135425167316
8,constant_velocity,Error-Adaptive EAL,0.04470764399349675,13.895107935417505,13.895107935417505,True,69,2.3,264.11565960492334,3008.552727737752
9,constant_velocity,Uncertainty-Only EAL,0.3515559184546583,11.25208516329013,11.25208516329013,True,69,2.3,213.87756818053464,3115.3645955664424
9,constant_velocity,Error-Adaptive EAL,0.058056190943993,14.263941706188366,14.263941706188366,True,69,2.3,271.1263841782401,2996.701132363771
10,constant_velocity,Uncertainty-Only EAL,0.3513626900008867,11.25208516329013,11.25208516329013,True,69,2.3,213.87756818053464,3097.080782339567
10,constant_velocity,Error-Adaptive EAL,0.03609183708488393,13.626816631164576,13.626816631164576,True,69,2.3,259.0160277691457,3004.988490946815
11,constant_velocity,Uncertainty-Only EAL,0.3470708455670744,11.25208516329013,11.25208516329013,True,69,2.3,213.87756818053464,3082.3307235324673
11,constant_velocity,Error-Adaptive EAL,0.12253542581514927,15.627717721402966,15.627717721402966,True,69,2.3,297.0487881988429,2915.8219636560516
12,constant_velocity,Uncertainty-Only EAL,0.35835978466422375,11.25208516329013,11.25208516329013,True,69,2.3,213.87756818053464,3065.0041990410573
12,constant_velocity,Error-Adaptive EAL,0.027030750159735363,13.30721404305866,13.30721404305866,True,69,2.3,252.94108047392746,2985.388632054531
13,constant_velocity,Uncertainty-Only EAL,0.34750255450540346,11.25208516329013,11.25208516329013,True,69,2.3,213.87756818053464,3089.874891459107
13,constant_velocity,Error-Adaptive EAL,0.021912032011747816,13.102424321886629,13.102424321886629,True,69,2.3,249.04847506639413,3017.823922005701
14,constant_velocity,Uncertainty-Only EAL,0.3411211863845628,11.25208516329013,11.25208516329013,True,69,2.3,213.87756818053464,3086.4011155057515
14,constant_velocity,Error-Adaptive EAL,0.06589790798896442,14.4609086428969,14.4609086428969,True,69,2.3,274.87029553545517,2964.1579165897497
15,constant_velocity,Uncertainty-Only EAL,0.3616292582759764,11.25208516329013,11.25208516329013,True,69,2.3,213.87756818053464,3108.33869922921
15,constant_velocity,Error-Adaptive EAL,0.031441711641984,13.468561520948835,13.468561520948835,True,69,2.3,256.0079436999357,3023.9929745966424
16,constant_velocity,Uncertainty-Only EAL,0.3518414966378527,11.25208516329013,11.25208516329013,True,69,2.3,213.87756818053464,3135.693816400997
16,constant_velocity,Error-Adaptive EAL,0.04256851530528567,13.83110251810783,13.83110251810783,True,69,2.3,262.89905638819386,3042.350705135699
17,constant_velocity,Uncertainty-Only EAL,0.35942799889148486,11.25208516329013,11.25208516329013,True,69,2.3,213.87756818053464,3090.7588432037946
17,constant_velocity,Error-Adaptive EAL,0.06412831052689817,14.417531185547947,14.417531185547947,True,69,2.3,274.0457847930446,2972.97988264845
18,constant_velocity,Uncertainty-Only EAL,0.35398327201371715,11.25208516329013,11.25208516329013,True,69,2.3,213.87756818053464,3066.170894689216
18,constant_velocity,Error-Adaptive EAL,0.11917579229938317,15.567316043182727,15.567316043182727,True,69,2.3,295.9006841928484,2924.2915364352552
19,constant_velocity,Uncertainty-Only EAL,0.333897344644126,11.25208516329013,11.25208516329013,True,69,2.3,213.87756818053464,3099.297481030705
19,constant_velocity,Error-Adaptive EAL,0.03563876209390588,13.611864088777176,13.611864088777176,True,69,2.3,258.7318125896897,3009.4929021483836
20,constant_velocity,Uncertainty-Only EAL,0.3613367119573466,11.25208516329013,11.25208516329013,True,69,2.3,213.87756818053464,3128.29571315865
20,constant_velocity,Error-Adaptive EAL,0.14487600769228476,16.009907795747072,16.009907795747072,True,69,2.3,304.3133869374079,2964.6112239512736
21,constant_velocity,Uncertainty-Only EAL,0.34865430119855817,11.25208516329013,11.25208516329013,True,69,2.3,213.87756818053464,3088.8728849111253
21,constant_velocity,Error-Adaptive EAL,0.042995107306862845,13.843992861626884,13.843992861626884,True,69,2.3,263.14407367031214,2992.1223080028813
22,constant_velocity,Uncertainty-Only EAL,0.3405539110114494,11.25208516329013,11.25208516329013,True,69,2.3,213.87756818053464,3098.299676396732
22,constant_velocity,Error-Adaptive EAL,0.045454463384452436,13.917091711841314,13.917091711841314,True,69,2.3,264.53352318955876,2996.8131492071993
23,constant_velocity,Uncertainty-Only EAL,0.36094089958943243,11.25208516329013,11.25208516329013,True,69,2.3,213.87756818053464,3108.6867303521753
23,constant_velocity,Error-Adaptive EAL,0.06843506366599693,14.522097196572581,14.522097196572581,True,69,2.3,276.0333563255857,2988.89138360541
24,constant_velocity,Uncertainty-Only EAL,0.3708644016595382,11.25208516329013,11.25208516329013,True,69,2.3,213.87756818053464,3082.621036422048
24,constant_velocity,Error-Adaptive EAL,0.1322173776296917,15.797298607633458,15.797298607633458,True,69,2.3,300.27215053840376,2922.9946500532265
25,constant_velocity,Uncertainty-Only EAL,0.3446794409799057,11.25208516329013,11.25208516329013,True,69,2.3,213.87756818053464,3078.120177036946
25,constant_velocity,Error-Adaptive EAL,0.0437942094754962,13.867968423404442,13.867968423404442,True,69,2.3,263.59979674513147,2982.494378796646
26,constant_velocity,Uncertainty-Only EAL,0.3685453605760802,11.25208516329013,11.25208516329013,True,69,2.3,213.87756818053464,3076.3844895254324
26,constant_velocity,Error-Adaptive EAL,0.04342210397558246,13.856831551364172,13.856831551364172,True,69,2.3,263.3881091268328,2975.7289757023245
27,constant_velocity,Uncertainty-Only EAL,0.35785005429470024,11.25208516329013,11.25208516329013,True,69,2.3,213.87756818053464,3075.7228935203725
27,constant_velocity,Error-Adaptive EAL,0.11758759650235304,15.538466148864401,15.538466148864401,True,69,2.3,295.35231070033365,2928.3465568970505
28,constant_velocity,Uncertainty-Only EAL,0.3602577715418239,11.25208516329013,11.25208516329013,True,69,2.3,213.87756818053464,3175.087569875603
28,constant_velocity,Error-Adaptive EAL,0.08531673472877264,14.903213728729963,14.903213728729963,True,69,2.3,283.2775493714363,3040.3680824757407
29,constant_velocity,Uncertainty-Only EAL,0.3564022361788028,11.25208516329013,11.25208516329013,True,69,2.3,213.87756818053464,3042.5191711624643
29,constant_velocity,Error-Adaptive EAL,0.011842316687493106,12.61236527503947,12.61236527503947,True,69,2.3,239.73352271014153,2991.3972583380164
0,sinusoidal,Uncertainty-Only EAL,418.13366824510246,11.25214729471934,11.25214729471934,False,-1,5.0,213.87874916332973,328201.557453122
0,sinusoidal,Error-Adaptive EAL,27.52263282459014,76.82966919698558,76.82966919698558,False,-1,5.0,1460.3642412497907,353583.4116085101
1,sinusoidal,Uncertainty-Only EAL,250.10610736191774,11.252282761285592,11.252282761285592,False,-1,5.0,213.881324086941,338492.5996766578
1,sinusoidal,Error-Adaptive EAL,30.725358890832894,80.54035768542127,80.54035768542127,False,-1,5.0,1530.8963265179823,365316.2788739707
2,sinusoidal,Uncertainty-Only EAL,403.34667036039036,11.252359990329387,11.252359990329387,False,-1,5.0,213.88279204242113,329688.67697712494
2,sinusoidal,Error-Adaptive EAL,19.842365930600508,66.9333233140393,66.9333233140393,False,-1,5.0,1272.2563163094944,351242.88268127467
3,sinusoidal,Uncertainty-Only EAL,402.06832223936874,11.252236048145619,11.252236048145619,False,-1,5.0,213.88043617215567,331445.34553206974
3,sinusoidal,Error-Adaptive EAL,14.41735752817392,58.7149805302884,58.7149805302884,False,-1,5.0,1116.0435660898963,349754.58531246183
4,sinusoidal,Uncertainty-Only EAL,316.9190351180652,11.252131884442258,11.252131884442258,False,-1,5.0,213.8784562476136,347960.7243364951
4,sinusoidal,Error-Adaptive EAL,37.68309143604681,87.98532572441164,87.98532572441164,False,-1,5.0,1672.4089116302926,377601.4528120822
5,sinusoidal,Uncertainty-Only EAL,413.84685237756054,11.252252821436912,11.252252821436912,False,-1,5.0,213.88075499579605,325411.87873357325
5,sinusoidal,Error-Adaptive EAL,46.52885084510293,96.51732740973088,96.51732740973088,False,-1,5.0,1834.583632643045,358183.02987586556
6,sinusoidal,Uncertainty-Only EAL,210.67169664127894,11.252202747216591,11.252202747216591,False,-1,5.0,213.87980319421268,342490.1531312483
6,sinusoidal,Error-Adaptive EAL,39.87970092184234,90.19017376901233,90.19017376901233,False,-1,5.0,1714.31825831079,373054.93825453153
7,sinusoidal,Uncertainty-Only EAL,287.8000821382807,11.252282761285592,11.252282761285592,False,-1,5.0,213.881324086941,348039.18221193994
7,sinusoidal,Error-Adaptive EAL,34.97447017695781,85.17630433174438,85.17630433174438,False,-1,5.0,1619.0155489146578,376705.7083740589
8,sinusoidal,Uncertainty-Only EAL,248.76401307047382,11.252119431220251,11.252119431220251,False,-1,5.0,213.87821953905683,336904.0214459298
8,sinusoidal,Error-Adaptive EAL,29.201086063137684,78.7996560063261,78.7996560063261,False,-1,5.0,1497.8093887060234,363171.6880165736
9,sinusoidal,Uncertainty-Only EAL,291.6696482268907,11.252244854183935,11.252244854183935,False,-1,5.0,213.88060355571486,344512.7806520802
9,sinusoidal,Error-Adaptive EAL,27.81659233543446,77.17904177631291,77.17904177631291,False,-1,5.0,1467.0050510704698,370120.4692133647
10,sinusoidal,Uncertainty-Only EAL,246.08276283172222,11.25217065869677,11.25217065869677,False,-1,5.0,213.87919326152172,337319.978228012
10,sinusoidal,Error-Adaptive EAL,25.930803447760148,74.90504206849668,74.90504206849668,False,-1,5.0,1423.7812822762444,362037.5209845177
11,sinusoidal,Uncertainty-Only EAL,689.4785663560822,11.252328907142795,11.252328907142795,False,-1,5.0,213.88220121891908,301231.2251277825
11,sinusoidal,Error-Adaptive EAL,33.14076064950852,83.21234455114963,83.21234455114963,False,-1,5.0,1581.6849621138767,328767.40610116295
12,sinusoidal,Uncertainty-Only EAL,250.84440597227558,11.252394980434428,11.252394980434428,False,-1,5.0,213.88345712791113,332508.89062708255
12,sinusoidal,Error-Adaptive EAL,21.156361953450578,68.7474517699242,68.7474517699242,False,-1,5.0,1306.7389368088157,354667.4866884334
13,sinusoidal,Uncertainty-Only EAL,252.32145923463025,11.252394980434428,11.252394980434428,False,-1,5.0,213.88345712791113,339441.06163898605
13,sinusoidal,Error-Adaptive EAL,32.629496691635744,82.65518804953003,82.65518804953003,False,-1,5.0,1571.0946336606985,366987.1557641268
14,sinusoidal,Uncertainty-Only EAL,212.3950519724781,11.252131884442258,11.252131884442258,False,-1,5.0,213.8784562476136,343482.95326534676
14,sinusoidal,Error-Adaptive EAL,28.22962453271301,77.66657935813889,77.66657935813889,False,-1,5.0,1476.272075882702,369380.0370862464
15,sinusoidal,Uncertainty-Only EAL,253.8242187610942,11.252282761285592,11.252282761285592,False,-1,5.0,213.881324086941,339913.6450178792
15,sinusoidal,Error-Adaptive EAL,27.976453368068512,77.36824784356133,77.36824784356133,False,-1,5.0,1470.6014452463792,365422.3260911203
16,sinusoidal,Uncertainty-Only EAL,366.6532306658281,11.252430614084277,11.252430614084277,False,-1,5.0,213.8841344457829,327109.90265979717
16,sinusoidal,Error-Adaptive EAL,43.32325741670432,93.52793712337323,93.52793712337323,False,-1,5.0,1777.7618511234202,358845.2121982536
17,sinusoidal,Uncertainty-Only EAL,419.1894940162854,11.252233148050616,11.252233148050616,False,-1,5.0,213.88038104768265,334961.15542521427
17,sinusoidal,Error-Adaptive EAL,6.377770379898432,42.82004304767985,42.82004304767985,False,-1,5.0,813.9155137487153,346965.61580332747
18,sinusoidal,Uncertainty-Only EAL,261.7447793339443,11.252252821436912,11.252252821436912,False,-1,5.0,213.88075499579583,343157.1994245939
18,sinusoidal,Error-Adaptive EAL,26.004926419125912,74.99603489458052,74.99603489458052,False,-1,5.0,1425.5108572023373,367757.989323786
19,sinusoidal,Uncertainty-Only EAL,289.7016245777003,11.252131884442258,11.252131884442258,False,-1,5.0,213.8784562476136,344189.0700694851
19,sinusoidal,Error-Adaptive EAL,37.10642201003786,87.39593293921241,87.39593293921241,False,-1,5.0,1661.2058418194792,373771.12881032645
20,sinusoidal,Uncertainty-Only EAL,319.5482608631893,11.252131884442258,11.252131884442258,False,-1,5.0,213.8784562476136,346536.1698523707
20,sinusoidal,Error-Adaptive EAL,34.34531639017389,84.50822846325727,84.50822846325727,False,-1,5.0,1606.3168855079593,374952.1213737075
21,sinusoidal,Uncertainty-Only EAL,396.59289025990125,11.252175848715398,11.252175848715398,False,-1,5.0,213.87929191244262,359965.2999906672
21,sinusoidal,Error-Adaptive EAL,14.102066453739226,58.193073618109985,58.193073618109985,False,-1,5.0,1106.123255358735,377858.13817916624
22,sinusoidal,Uncertainty-Only EAL,342.40702258579097,11.25217065869677,11.25217065869677,False,-1,5.0,213.87919326152172,326846.8551175416
22,sinusoidal,Error-Adaptive EAL,12.546080016112525,55.52772827819584,55.52772827819584,False,-1,5.0,1055.460860665708,344154.29554213287
23,sinusoidal,Uncertainty-Only EAL,387.46220256254327,11.252200089709689,11.252200089709689,False,-1,5.0,213.87975268080982,331423.3048381346
23,sinusoidal,Error-Adaptive EAL,13.636868186637653,57.412363154436115,57.412363154436115,False,-1,5.0,1091.2836542536502,349233.13632315013
24,sinusoidal,Uncertainty-Only EAL,372.31263963266264,11.252244854183935,11.252244854183935,False,-1,5.0,213.88060355571486,349737.8416880443
24,sinusoidal,Error-Adaptive EAL,15.050829583202603,59.74649319741952,59.74649319741952,False,-1,5.0,1135.6503694149535,368226.60392409837
25,sinusoidal,Uncertainty-Only EAL,743.5736163151555,11.252433246649712,11.252433246649712,False,-1,5.0,213.8841844851034,302746.89388866513
25,sinusoidal,Error-Adaptive EAL,27.690625971609744,77.02978731371464,77.02978731371464,False,-1,5.0,1464.1680496580775,328039.9421671713
26,sinusoidal,Uncertainty-Only EAL,311.13354906074596,11.252233148050616,11.252233148050616,False,-1,5.0,213.88038104768265,351285.51241717086
26,sinusoidal,Error-Adaptive EAL,26.783540643391262,75.94325436065697,75.94325436065697,False,-1,5.0,1443.515430843376,376234.00637746125
27,sinusoidal,Uncertainty-Only EAL,283.3978336614235,11.252160037002168,11.252160037002168,False,-1,5.0,213.87899136630165,349022.11538417434
27,sinusoidal,Error-Adaptive EAL,31.985336608076135,81.94663538700316,81.94663538700316,False,-1,5.0,1557.6265947870238,376288.2983598576
28,sinusoidal,Uncertainty-Only EAL,291.94673864281276,11.252244854183935,11.252244854183935,False,-1,5.0,213.88060355571486,331147.88597763533
28,sinusoidal,Error-Adaptive EAL,13.447451056470822,57.09070280788877,57.09070280788877,False,-1,5.0,1085.169593463913,348864.11653219815
29,sinusoidal,Uncertainty-Only EAL,296.9892422081504,11.252186628620498,11.252186628620498,False,-1,5.0,213.8794968148989,332935.6912425107
29,sinusoidal,Error-Adaptive EAL,30.579106292916343,80.37515935309305,80.37515935309305,False,-1,5.0,1527.7562669580786,359607.75334434916
0,random_maneuver,Uncertainty-Only EAL,28.696690142176006,11.25208516329013,11.25208516329013,False,-1,5.0,213.87756818053464,29182.556023465047
0,random_maneuver,Error-Adaptive EAL,6.7731493929599935,43.783678924586226,43.783678924586226,False,-1,5.0,832.2321275117054,31029.915927873928
1,random_maneuver,Uncertainty-Only EAL,25.82690089327136,11.25208516329013,11.25208516329013,False,-1,5.0,213.87756818053472,31143.66636089349
1,random_maneuver,Error-Adaptive EAL,58.80901028104563,107.11087639504612,107.11087639504612,False,-1,5.0,2035.9438661020408,54009.75436841169
2,random_maneuver,Uncertainty-Only EAL,96.18196999863473,11.25208516329013,11.25208516329013,True,124,4.133333333333334,213.8775681805347,14244.111979601395
2,random_maneuver,Error-Adaptive EAL,161.5023706210461,170.1065638837167,170.1065638837167,False,-1,5.0,3233.354323844983,66937.97591944135
3,random_maneuver,Uncertainty-Only EAL,25.784687019864005,11.25208516329013,11.25208516329013,False,-1,5.0,213.87756818053472,69488.17534394944
3,random_maneuver,Error-Adaptive EAL,67.1874211135424,113.71200195513123,113.71200195513123,False,-1,5.0,2161.4168483588287,33269.22309291722
4,random_maneuver,Uncertainty-Only EAL,23.514868557542894,11.25208516329013,11.25208516329013,True,63,2.1,213.87756818053464,76804.19826298722
4,random_maneuver,Error-Adaptive EAL,62.313686161287436,109.92585808548644,109.92585808548644,False,-1,5.0,2089.4505210630537,47947.76600331546
5,random_maneuver,Uncertainty-Only EAL,16.786974285205204,11.25208516329013,11.25208516329013,True,30,1.0,213.87756818053472,11282.339257415662
5,random_maneuver,Error-Adaptive EAL,26.859490645300923,76.03476350656543,76.03476350656543,True,16,0.5333333333333333,1445.2548198818654,6339.789167347943
6,random_maneuver,Uncertainty-Only EAL,35.075529356894236,11.25208516329013,11.25208516329013,False,-1,5.0,213.87756818053464,15391.171292984392
6,random_maneuver,Error-Adaptive EAL,18.900885688374053,65.59602124459036,65.59602124459036,True,49,1.6333333333333333,1246.8371241876944,2974.0037344105817
7,random_maneuver,Uncertainty-Only EAL,28.06604059490134,11.25208516329013,11.25208516329013,False,-1,5.0,213.87756818053464,111287.59266341066
7,random_maneuver,Error-Adaptive EAL,69.46807219434154,115.43647113530547,115.43647113530547,False,-1,5.0,2194.1952418126248,146428.26819389217
8,random_maneuver,Uncertainty-Only EAL,17.812434423435416,11.25208516329013,11.25208516329013,False,-1,5.0,213.8775681805347,15958.585589866067
8,random_maneuver,Error-Adaptive EAL,11.153601614848256,52.99834550263119,52.99834550263119,True,72,2.4,1007.382817424404,3046.7255428157496
9,random_maneuver,Uncertainty-Only EAL,62.15705075213866,11.25208516329013,11.25208516329013,False,-1,5.0,213.8775681805346,39345.63409518344
9,random_maneuver,Error-Adaptive EAL,49.668755834541145,99.34716504376391,99.34716504376391,False,-1,5.0,1888.3726666513667,46546.20252529383
10,random_maneuver,Uncertainty-Only EAL,66.04730377764223,11.25208516329013,11.25208516329013,True,47,1.5666666666666667,213.87756818053464,139827.67333652213
10,random_maneuver,Error-Adaptive EAL,192.18186001443502,184.53917535542035,184.53917535542035,False,-1,5.0,3507.686751947569,120122.28157767266
11,random_maneuver,Uncertainty-Only EAL,17.217714568041472,11.25208516329013,11.25208516329013,False,-1,5.0,213.87756818053464,85642.86667694637
11,random_maneuver,Error-Adaptive EAL,97.23575413802499,134.5123244299182,134.5123244299182,False,-1,5.0,2556.7855576885713,57511.933705449876
12,random_maneuver,Uncertainty-Only EAL,27.963269612773548,11.25208516329013,11.25208516329013,False,-1,5.0,213.87756818053464,90403.89031690756
12,random_maneuver,Error-Adaptive EAL,142.17657078768414,160.29935681083035,160.29935681083035,False,-1,5.0,3046.940733034713,52181.613777403945
13,random_maneuver,Uncertainty-Only EAL,18.223036657697158,11.25208516329013,11.25208516329013,False,-1,5.0,213.87756818053478,22514.554062584568
13,random_maneuver,Error-Adaptive EAL,29.335201099045413,78.95456053698564,78.95456053698564,False,-1,5.0,1500.753785574409,55364.710236605846
14,random_maneuver,Uncertainty-Only EAL,45.41369335206145,11.25208516329013,11.25208516329013,False,-1,5.0,213.87756818053478,14320.680655338314
14,random_maneuver,Error-Adaptive EAL,61.53887400549056,109.31048135330488,109.31048135330488,True,13,0.43333333333333335,2077.7535531603166,4035.0644472760623
15,random_maneuver,Uncertainty-Only EAL,70.22183835215978,11.25208516329013,11.25208516329013,True,67,2.2333333333333334,213.87756818053464,38388.10621783172
15,random_maneuver,Error-Adaptive EAL,94.65470674812964,132.86539828893135,132.86539828893135,False,-1,5.0,2525.481088081782,30539.189344501676
16,random_maneuver,Uncertainty-Only EAL,25.425714709843067,11.25208516329013,11.25208516329013,True,70,2.3333333333333335,213.87756818053478,4069.5535884726683
16,random_maneuver,Error-Adaptive EAL,3.67681934255085,35.22087783779859,35.22087783779859,True,71,2.3666666666666667,669.4719771325836,1821.6573473656583
17,random_maneuver,Uncertainty-Only EAL,30.813408610079442,11.25208516329013,11.25208516329013,False,-1,5.0,213.87756818053464,72513.65755010072
17,random_maneuver,Error-Adaptive EAL,111.21746483773605,143.07669925677519,143.07669925677519,False,-1,5.0,2719.5756214298917,104072.49487170177
18,random_maneuver,Uncertainty-Only EAL,17.275822912152552,11.25208516329013,11.25208516329013,False,-1,5.0,213.87756818053464,22540.73096602329
18,random_maneuver,Error-Adaptive EAL,22.821706312043823,70.96717212845202,70.96717212845202,True,73,2.433333333333333,1348.9309737009307,4474.060394460686
19,random_maneuver,Uncertainty-Only EAL,48.89934681987965,11.25208516329013,11.25208516329013,True,64,2.1333333333333333,213.87756818053475,8691.301945575911
19,random_maneuver,Error-Adaptive EAL,19.743836194475275,66.79463106628923,66.79463106628923,True,25,0.8333333333333334,1269.6200795370382,6204.846724935987
20,random_maneuver,Uncertainty-Only EAL,28.38217657337027,11.25208516329013,11.25208516329013,False,-1,5.0,213.87756818053475,18264.47917815426
20,random_maneuver,Error-Adaptive EAL,10.664471245580932,52.072712695482984,52.072712695482984,True,72,2.4,989.7885590315808,2003.9211277100562
21,random_maneuver,Uncertainty-Only EAL,50.02744020076397,11.25208516329013,11.25208516329013,True,44,1.4666666666666666,213.87756818053464,51392.76739106545
21,random_maneuver,Error-Adaptive EAL,91.50292275650895,130.82353527034755,130.82353527034755,False,-1,5.0,2486.6697308413272,16176.02352241192
22,random_maneuver,Uncertainty-Only EAL,28.80504278251118,11.25208516329013,11.25208516329013,False,-1,5.0,213.87756818053464,53248.06079538892
22,random_maneuver,Error-Adaptive EAL,5.0111914579161905,39.23419847339244,39.23419847339244,False,-1,5.0,745.7564386713184,43823.801638609046
23,random_maneuver,Uncertainty-Only EAL,53.919402763939885,11.25208516329013,11.25208516329013,False,-1,5.0,213.87756818053464,78270.45739836177
23,random_maneuver,Error-Adaptive EAL,130.6870306770365,154.15012064064354,154.15012064064354,False,-1,5.0,2930.057181305286,17010.508165481857
24,random_maneuver,Uncertainty-Only EAL,24.830729243815096,11.25208516329013,11.25208516329013,True,8,0.26666666666666666,213.87756818053475,6697.786079099506
24,random_maneuver,Error-Adaptive EAL,7.189266731285822,44.76809516990353,44.76809516990353,True,10,0.3333333333333333,850.9437307008436,5962.927438838577
25,random_maneuver,Uncertainty-Only EAL,90.37341313847716,11.25208516329013,11.25208516329013,False,-1,5.0,213.87756818053464,118198.27486208743
25,random_maneuver,Error-Adaptive EAL,77.50060770553394,121.29512198975036,121.29512198975036,False,-1,5.0,2305.5554012304983,100576.1830093968
26,random_maneuver,Uncertainty-Only EAL,48.37089970899457,11.25208516329013,11.25208516329013,True,45,1.5,213.87756818053472,59262.6931908888
26,random_maneuver,Error-Adaptive EAL,173.04973350126573,175.68754624019036,175.68754624019036,False,-1,5.0,3339.4366114511345,109059.2246158262
27,random_maneuver,Uncertainty-Only EAL,23.379294065488274,11.25208516329013,11.25208516329013,True,53,1.7666666666666666,213.87756818053478,9053.141953077602
27,random_maneuver,Error-Adaptive EAL,23.900947986590825,72.3628299051505,72.3628299051505,True,37,1.2333333333333334,1375.4593803882863,4504.6751963379575
28,random_maneuver,Uncertainty-Only EAL,88.53495630601695,11.25208516329013,11.25208516329013,True,92,3.066666666666667,213.87756818053464,40367.011837340535
28,random_maneuver,Error-Adaptive EAL,61.46753941563718,109.25363124136642,109.25363124136642,False,-1,5.0,2076.672956673911,13500.710996913378
29,random_maneuver,Uncertainty-Only EAL,36.29602685517872,11.25208516329013,11.25208516329013,True,74,2.466666666666667,213.87756818053478,53291.35711899636
29,random_maneuver,Error-Adaptive EAL,71.62980961445092,117.04507997985613,117.04507997985613,False,-1,5.0,2224.7713832862637,77738.15937901319
