scenario_id,method,baseline_method,common_trials,baseline_pd,method_pd,delta_pd,baseline_pfa,method_pfa,delta_pfa,paired_successful_localizations,mean_radial_error_diff_px,std_radial_error_diff_px,se_radial_error_diff_px,diff_ci_lower_px,diff_ci_upper_px,mean_latency_diff_ms
uniform_b0,gaussian_sub,none,1000,0.709,0.397,-0.31199999999999994,0.001,0.0,-0.001,397,0.1626671245122316,0.34896425798184233,0.017514014061204387,0.12833965695227098,0.1969945920721922,10.170887802960351
uniform_b0,tophat,none,1000,0.709,0.709,0.0,0.001,0.001,0.0,709,0.0,0.0,0.0,0.0,0.0,1.474851599545218
uniform_b50,gaussian_sub,none,1000,0.989,0.64,-0.349,1.0,0.005,-0.995,640,0.587274497906747,0.5415762577089808,0.021407681262883786,0.5453154426314948,0.6292335531819993,-16.983611198025756
uniform_b50,tophat,none,1000,0.989,0.984,-0.0050000000000000044,1.0,1.0,0.0,984,0.007978578840221932,0.09542144664583957,0.003041924615410155,0.0020164065940180284,0.013940751086425836,1.7751382016576827
uniform_b100,gaussian_sub,none,1000,0.993,0.0,-0.993,1.0,0.0,-1.0,0,,,,,,-92.8928462001495
uniform_b100,tophat,none,1000,0.993,0.872,-0.121,1.0,1.0,0.0,871,0.020506444390196478,0.28807173166980254,0.009760938259941806,0.0013750054007105397,0.039637883379682416,-8.801742704235949
uniform_b200,gaussian_sub,none,1000,1.0,0.0,-1.0,0.011,0.0,-0.011,0,,,,,,-106.77490749931894
uniform_b200,tophat,none,1000,1.0,0.0,-1.0,0.011,0.024,0.013000000000000001,0,,,,,,-160.88787060405593
uniform_b500,gaussian_sub,none,1000,1.0,0.0,-1.0,0.0,0.0,0.0,0,,,,,,-30.489100396400318
uniform_b500,tophat,none,1000,1.0,0.0,-1.0,0.0,0.0,0.0,0,,,,,,-77.82919849921018
uniform_b1000,gaussian_sub,none,1000,1.0,0.0,-1.0,0.0,0.0,0.0,0,,,,,,-35.219134796992876
uniform_b1000,tophat,none,1000,1.0,0.0,-1.0,0.0,0.0,0.0,0,,,,,,-79.79053669923451
gradient_horizontal,gaussian_sub,none,1000,0.0,0.0,0.0,1.0,0.0,-1.0,0,,,,,,-132.0635013995925
gradient_horizontal,tophat,none,1000,0.0,0.0,0.0,1.0,1.0,0.0,0,,,,,,-49.461576301488094
gradient_vertical,gaussian_sub,none,1000,0.0,0.0,0.0,1.0,0.0,-1.0,0,,,,,,-151.94625270250253
gradient_vertical,tophat,none,1000,0.0,0.002,0.002,1.0,1.0,0.0,0,,,,,,-50.534758205059916
gradient_twod,gaussian_sub,none,1000,0.0,0.0,0.0,1.0,0.0,-1.0,0,,,,,,-187.650860099704
gradient_twod,tophat,none,1000,0.0,0.0,0.0,1.0,1.0,0.0,0,,,,,,-51.33791249629576
