scenario_id,background_type,background_level,gradient_x,gradient_y,background_min,background_max,saturated_pixel_fraction,method,total_trials,correct_detections,missed_detections,detection_probability,pd_ci_lower,pd_ci_upper,false_alarm_images,false_alarm_rate_pfa,pfa_ci_lower,pfa_ci_upper,false_candidates_per_image_rfa,total_false_candidates,mean_candidate_count,median_candidate_count,max_candidate_count,zero_candidate_images,num_localizations,rmse_x,rmse_y,rmse_radial,rmse_radial_ci_lower,rmse_radial_ci_upper,bias_x,bias_y,mean_radial_error,mean_filter_latency_ms,median_filter_latency_ms,mean_detector_latency_ms,mean_total_latency_ms,median_total_latency_ms,p95_total_latency_ms,combined_fps
uniform_b0,uniform,0.0,0.0,0.0,0.0,0.0,0.0,none,1000,709,291,0.709,0.6800901976568503,0.7363102172961875,1,0.001,0.00017654637062607852,0.0056425585979579355,0.001,1,0.777,1.0,3,291,709,0.7508368861827892,0.7383506745643371,1.053051636094963,1.010870064480348,1.0958092415069094,0.3288359765969064,0.27615002261151955,0.9028163961992509,0.1282272976823151,0.12059998698532581,87.1983035011217,87.32653079880401,115.72875001002103,130.04992503556423,11.45127363760677
uniform_b0,uniform,0.0,0.0,0.0,0.0,0.0,0.0,gaussian_sub,1000,397,603,0.397,0.36712458560070244,0.42766372664732194,0,0.0,2.168404344971009e-19,0.0038267584855551234,0.0,0,0.413,0.0,2,603,397,0.7888087902577766,0.7586491465231724,1.0944258015545296,1.044390152050496,1.1448178281980113,0.4318797813083513,0.39711164772588936,0.9784519293387022,50.45110569812823,49.619600002188236,47.046312903636135,97.49741860176437,64.42760000936687,164.98333996278234,10.256681811080314
uniform_b0,uniform,0.0,0.0,0.0,0.0,0.0,0.0,tophat,1000,709,291,0.709,0.6800901976568503,0.7363102172961875,1,0.001,0.00017654637062607852,0.0056425585979579355,0.001,1,0.777,1.0,3,291,709,0.7508368861827892,0.7383506745643371,1.053051636094963,1.010870064480348,1.0958092415069094,0.3288359765969064,0.27615002261151955,0.9028163961992509,4.692884299671277,4.625400062650442,84.10849809867796,88.80138239834923,117.63360002078116,125.35129499156028,11.261085953754133
uniform_b50,uniform,50.0,0.0,0.0,50.0,50.0,2.0736882716049385e-08,none,1000,989,11,0.989,0.9804106042992137,0.9938468259019134,1000,1.0,0.996173241514445,1.0,35.345,35345,36.55,36.0,57,0,989,0.305168740868929,0.2923329439793021,0.4225949722123221,0.4044300755565029,0.44272055460212767,0.008138453484538335,-0.01208537075931507,0.36413528111345755,0.13106589729432017,0.12149999383836985,143.59232609998435,143.72339199727867,142.11304998025298,155.08495502290316,6.957809623773245
uniform_b50,uniform,50.0,0.0,0.0,50.0,50.0,2.0736882716049385e-08,gaussian_sub,1000,640,360,0.64,0.609766237395941,0.6691622702281036,5,0.005,0.0021375355273244596,0.011650955373375113,0.005,5,0.685,1.0,2,357,640,0.7786080940477078,0.7562922153247984,1.0854531215476306,1.0399943167341812,1.1341165922832275,0.33561914613373317,0.34719073663197086,0.9424947972027873,50.109346100711264,48.65204996895045,76.63043469854165,126.73978079925291,159.736699948553,174.93308506673202,7.890182495927866
uniform_b50,uniform,50.0,0.0,0.0,50.0,50.0,2.0736882716049385e-08,tophat,1000,984,16,0.984,0.97416793978826,0.9901277579977227,1000,1.0,0.996173241514445,1.0,33.957,33957,35.159,35.0,55,0,984,0.31480953661127875,0.3020636829819908,0.4362883369035353,0.4147845561793754,0.4565690969350174,0.005632834990469829,-0.011280468730187801,0.3723334788462245,4.780752999591641,4.6455999836325645,140.7177771993447,145.49853019893635,144.34080000501126,156.42985505983233,6.872921662045149
uniform_b100,uniform,100.0,0.0,0.0,100.0,100.0,8.04880401234568e-07,none,1000,993,7,0.993,0.9856216845342334,0.9966051315990092,1000,1.0,0.996173241514445,1.0,23069.59,23069590,23071.473,23064.0,23483,0,993,0.2841332683103056,0.2798279101498927,0.3987923939339272,0.38526027452850015,0.41226947830701705,-0.0021980530172855334,0.005827855706123441,0.3479536914549051,0.12984260183293372,0.12099999003112316,152.05687010055408,152.186712702387,150.63839999493212,164.26550500909795,6.570875881625605
uniform_b100,uniform,100.0,0.0,0.0,100.0,100.0,8.04880401234568e-07,gaussian_sub,1000,0,1000,0.0,2.168404344971009e-19,0.0038267584855551234,0,0.0,2.168404344971009e-19,0.0038267584855551234,0.0,0,0.0,0.0,0,1000,0,,,,,,,,,51.28558449889533,50.405449990648776,8.008282003342174,59.293866502237506,58.31115000182763,73.99481997126713,16.865150798729985
uniform_b100,uniform,100.0,0.0,0.0,100.0,100.0,8.04880401234568e-07,tophat,1000,872,128,0.872,0.8498604138497563,0.8912924778369906,1000,1.0,0.996173241514445,1.0,152.672,152672,153.851,154.0,196,0,872,0.3134136658460118,0.28416099774069153,0.42305507747339577,0.40004138741697964,0.44867559640802857,0.019522810080335486,0.00903651599492828,0.36445724010341884,4.658616200322285,4.586600000038743,138.72635379782878,143.38496999815106,142.4946499755606,149.80330001562834,6.974231678626392
uniform_b200,uniform,200.0,0.0,0.0,200.0,200.0,0.020532573784722223,none,1000,1000,0,1.0,0.996173241514445,1.0,11,0.011,0.006153174098086638,0.019589395700786275,0.011,11,1.011,1.0,2,0,1000,0.5045971341676025,0.5008785331181883,0.7109835249489157,0.7070289768504628,0.7147778364389815,-0.49878124635773474,-0.4990522621718244,0.7082159522258978,0.12201190122868866,0.11855002958327532,177.61031839973293,177.73233030096162,176.065550011117,188.64880502806042,5.626438354274982
uniform_b200,uniform,200.0,0.0,0.0,200.0,200.0,0.020532573784722223,gaussian_sub,1000,0,1000,0.0,2.168404344971009e-19,0.0038267584855551234,0,0.0,2.168404344971009e-19,0.0038267584855551234,0.0,0,0.0,0.0,0,1000,0,,,,,,,,,62.46954530081712,63.06719995336607,8.487877500825562,70.95742280164268,71.60459994338453,84.94399496703409,14.092958291276185
uniform_b200,uniform,200.0,0.0,0.0,200.0,200.0,0.020532573784722223,tophat,1000,0,1000,0.0,2.168404344971009e-19,0.0038267584855551234,24,0.024,0.016180168466636995,0.03546290561161149,0.025,25,0.025,0.0,2,976,0,,,,,,,,,5.209582499577664,5.183950008358806,11.634877197328024,16.844459696905687,13.764899980742484,15.558039938332511,59.36670086151229
uniform_b500,uniform,500.0,0.0,0.0,500.0,500.0,1.0,none,1000,1000,0,1.0,0.996173241514445,1.0,0,0.0,2.168404344971009e-19,0.0038267584855551234,0.0,0,1.0,1.0,1,0,1000,0.0,0.0,0.0,0.0,0.0,0.0,0.0,0.0,0.12781440082471818,0.12400001287460327,90.37488509877585,90.50269949960057,89.77970003616065,95.38945995736866,11.049394167567494
uniform_b500,uniform,500.0,0.0,0.0,500.0,500.0,1.0,gaussian_sub,1000,0,1000,0.0,2.168404344971009e-19,0.0038267584855551234,0,0.0,2.168404344971009e-19,0.0038267584855551234,0.0,0,0.0,0.0,0,1000,0,,,,,,,,,51.97047690115869,49.78524998296052,8.043122202041559,60.01359910320025,57.74399993242696,77.41283992654643,16.66288999398929
uniform_b500,uniform,500.0,0.0,0.0,500.0,500.0,1.0,tophat,1000,0,1000,0.0,2.168404344971009e-19,0.0038267584855551234,0,0.0,2.168404344971009e-19,0.0038267584855551234,0.0,0,0.0,0.0,0,1000,0,,,,,,,,,4.675391600118019,4.588100011460483,7.998109400272369,12.673501000390388,12.609500030521303,14.889534981921315,78.90479512876486
uniform_b1000,uniform,1000.0,0.0,0.0,1000.0,1000.0,1.0,none,1000,1000,0,1.0,0.996173241514445,1.0,0,0.0,2.168404344971009e-19,0.0038267584855551234,0.0,0,1.0,1.0,1,0,1000,0.0,0.0,0.0,0.0,0.0,0.0,0.0,0.0,0.12834689870942384,0.12419995618984103,92.32532709895167,92.4536739976611,92.06114994594827,97.38043503602967,10.816227811836857
uniform_b1000,uniform,1000.0,0.0,0.0,1000.0,1000.0,1.0,gaussian_sub,1000,0,1000,0.0,2.168404344971009e-19,0.0038267584855551234,0,0.0,2.168404344971009e-19,0.0038267584855551234,0.0,0,0.0,0.0,0,1000,0,,,,,,,,,49.08752999897115,49.038700002711266,8.147009201697074,57.23453920066822,57.08344996673986,72.56932504824363,17.471967346394305
uniform_b1000,uniform,1000.0,0.0,0.0,1000.0,1000.0,1.0,tophat,1000,0,1000,0.0,2.168404344971009e-19,0.0038267584855551234,0,0.0,2.168404344971009e-19,0.0038267584855551234,0.0,0,0.0,0.0,0,1000,0,,,,,,,,,4.650537498178892,4.523099982179701,8.012599800247699,12.66313729842659,12.59155001025647,15.116309968288988,78.96937199948476
gradient_horizontal,gradient,100.0,100.0,0.0,100.0,200.0,0.002024452642746914,none,1000,0,1000,0.0,2.168404344971009e-19,0.0038267584855551234,1000,1.0,0.996173241514445,1.0,52987.218,52987218,52987.701,52992.0,53640,0,0,,,,,,,,,0.12593150069005787,0.11719996109604836,197.01787719863933,197.14380869932938,193.8722999766469,215.2609800279606,5.072439284792014
gradient_horizontal,gradient,100.0,100.0,0.0,100.0,200.0,0.002024452642746914,gaussian_sub,1000,0,1000,0.0,2.168404344971009e-19,0.0038267584855551234,0,0.0,2.168404344971009e-19,0.0038267584855551234,0.0,0,0.0,0.0,0,1000,0,,,,,,,,,56.386722501483746,54.90089999511838,8.693584798253141,65.08030729973689,63.56495001818985,76.13384497235529,15.365631194615501
gradient_horizontal,gradient,100.0,100.0,0.0,100.0,200.0,0.002024452642746914,tophat,1000,0,1000,0.0,2.168404344971009e-19,0.0038267584855551234,1000,1.0,0.996173241514445,1.0,88.282,88282,88.574,88.0,125,0,0,,,,,,,,,5.2826838995097205,5.218600039370358,142.39954849833157,147.6822323978413,146.71024994459003,155.68315491545945,6.771295258498661
gradient_vertical,gradient,100.0,0.0,100.0,100.0,200.0,0.002028568672839506,none,1000,0,1000,0.0,2.168404344971009e-19,0.0038267584855551234,1000,1.0,0.996173241514445,1.0,52933.024,52933024,52933.5,52932.0,53645,0,0,,,,,,,,,0.14250030217226595,0.12350000906735659,227.37222830054816,227.51472860272042,195.6992499763146,327.7715049160179,4.395319837715522
gradient_vertical,gradient,100.0,0.0,100.0,100.0,200.0,0.002028568672839506,gaussian_sub,1000,0,1000,0.0,2.168404344971009e-19,0.0038267584855551234,0,0.0,2.168404344971009e-19,0.0038267584855551234,0.0,0,0.0,0.0,0,1000,0,,,,,,,,,65.57118710037321,58.66999999852851,9.997288799844682,75.56847590021789,67.68630002625287,108.34919014596379,13.233031208945112
gradient_vertical,gradient,100.0,0.0,100.0,100.0,200.0,0.002028568672839506,tophat,1000,2,998,0.002,0.000548643588120728,0.007262807863492177,1000,1.0,0.996173241514445,1.0,87.392,87392,87.681,88.0,120,0,2,0.3092375640771292,0.41149235681940344,0.5147366615631179,0.21907687903314874,0.6941995264960809,0.29871325355264844,-0.2846889267239021,0.4566382027646148,5.683108299621381,5.479049985297024,171.29686209803913,176.9799703976605,148.4519499936141,265.20480999024585,5.6503569175261825
gradient_twod,gradient,100.0,100.0,100.0,100.0,300.0,0.13840254340277777,none,1000,0,1000,0.0,2.168404344971009e-19,0.0038267584855551234,1000,1.0,0.996173241514445,1.0,16429.43,16429430,16429.43,16426.0,16749,0,0,,,,,,,,,0.1804342995164916,0.16865000361576676,282.59525469865184,282.77568899816833,302.7177500189282,328.45172997331247,3.5363718979621246
gradient_twod,gradient,100.0,100.0,100.0,100.0,300.0,0.13840254340277777,gaussian_sub,1000,0,1000,0.0,2.168404344971009e-19,0.0038267584855551234,0,0.0,2.168404344971009e-19,0.0038267584855551234,0.0,0,0.0,0.0,0,1000,0,,,,,,,,,82.5302870972082,85.5959000182338,12.594541801256128,95.12482889846433,98.94300001906231,114.74508496467023,10.512502483104532
gradient_twod,gradient,100.0,100.0,100.0,100.0,300.0,0.13840254340277777,tophat,1000,0,1000,0.0,2.168404344971009e-19,0.0038267584855551234,1000,1.0,0.996173241514445,1.0,25.398,25398,25.398,25.0,44,0,0,,,,,,,,,6.558772500487976,6.616149970795959,224.8790040013846,231.43777650187258,250.81345008220524,268.6976900440641,4.320815793837826
