psf_family,psf_mismatch_type,mismatch_strength,gaussian_baseline_rmse,gaussian_mismatch_rmse,absolute_mismatch_penalty,relative_mismatch_penalty_pct,psf_aware_rmse,psf_aware_improvement
aberrated,aberration,0.0,0.19251967882517299,0.1932027207394658,0.0006830419142928035,0.3547906990396932,0.1937367731105237,-0.0005340523710579137
aberrated,aberration,0.05,0.19251967882517299,0.26367789299211525,0.07115821416694226,36.961527570156086,0.19870228120336786,0.06497561178874739
aberrated,aberration,0.1,0.19251967882517299,0.21165469655181232,0.019135017726639336,9.939252882307079,0.21184379072511864,-0.0001890941733063145
aberrated,aberration,0.2,0.19251967882517299,0.8081346900594057,0.6156150112342328,319.7673167703923,0.20443674532174222,0.6036979447376636
asymmetric,asymmetry,0.0,0.19251967882517299,0.1899715555623888,-0.0025481232627841965,-1.3235650912851074,0.18478695471053058,0.0051846008518582065
asymmetric,asymmetry,0.1,0.19251967882517299,0.2032187745395711,0.010699095714398116,5.557403679295538,0.18771928203471036,0.01549949250486074
asymmetric,asymmetry,0.2,0.19251967882517299,0.22441997961036167,0.031900300785188684,16.56989092224558,0.15932018656503144,0.06509979304533023
asymmetric,asymmetry,0.3,0.19251967882517299,0.26738492944356157,0.07486525061838858,38.8870639486022,0.1600000905204074,0.10738483892315417
asymmetric,phase_grid,0.0,0.19251967882517299,0.2234689859224547,0.03094930709728172,16.075918724852418,0.15364011555924853,0.06982887036320617
asymmetric,phase_grid,0.125,0.19251967882517299,0.2843856401375504,0.09186596131237743,47.7176992362432,0.18626501197007103,0.09812062816747938
asymmetric,phase_grid,0.25,0.19251967882517299,0.23697546492173915,0.04445578609656617,23.091554259726582,0.19547334347373732,0.04150212144800183
asymmetric,phase_grid,0.375,0.19251967882517299,0.225744121493944,0.033224442668771004,17.257686524057682,0.15187589091723644,0.07386823057670755
asymmetric,phase_grid,0.5,0.19251967882517299,0.21442717000207565,0.02190749117690266,11.379351612567794,0.17385136598327175,0.040575804018803896
asymmetric,phase_grid,0.625,0.19251967882517299,0.23951947122104844,0.046999792395875456,24.412980887297213,0.17575271723682773,0.06376675398422071
asymmetric,phase_grid,0.75,0.19251967882517299,0.2294728961934084,0.036953217368235425,19.19451434457909,0.188107456142454,0.04136544005095441
asymmetric,phase_grid,0.875,0.19251967882517299,0.23995786393356394,0.04743818510839096,24.640694082743376,0.1616329076799577,0.07832495625360625
asymmetric,snr_sweep,0.0,0.19251967882517299,1.6172041015325862,1.4246844227074131,740.0201534728137,1.206830552229712,0.4103735493028742
asymmetric,snr_sweep,3.0,0.19251967882517299,0.7685687024639255,0.5760490236387525,299.2156579285915,0.7022582965119623,0.06631040595196325
asymmetric,snr_sweep,5.0,0.19251967882517299,0.9420574703936432,0.7495377915684702,389.33048098897206,0.6298160628956505,0.3122414074979927
asymmetric,snr_sweep,7.0,0.19251967882517299,0.564645452650182,0.372125773825009,193.29233047543997,0.45398752527344266,0.1106579273767393
asymmetric,snr_sweep,10.0,0.19251967882517299,0.35685712289793525,0.16433744407276227,85.36137452317122,0.2945639367619725,0.06229318613596274
asymmetric,snr_sweep,15.0,0.19251967882517299,0.21644817656773946,0.023928497742566474,12.4291178380242,0.15866455982978497,0.057783616737954485
asymmetric,snr_sweep,20.0,0.19251967882517299,0.18504730685090032,-0.007472371974272668,-3.8813548931059274,0.09067949687982946,0.09436780997107086
asymmetric,snr_sweep,25.0,0.19251967882517299,0.1718708399059507,-0.020648838919222284,-10.725573118150422,0.049295756096704516,0.12257508380924619
asymmetric,snr_sweep,30.0,0.19251967882517299,0.16912768223451696,-0.023391996590656022,-12.150444429059267,0.029007063269993586,0.14012061896452338
defocused,defocus,0.0,0.19251967882517299,0.21335505178219227,0.020835372957019288,10.822464012076335,0.21348413516074702,-0.00012908337855474517
defocused,defocus,0.5,0.19251967882517299,0.22278684450998826,0.030267165684815273,15.72159577115276,0.2204027617954943,0.002384082714493946
defocused,defocus,1.0,0.19251967882517299,0.21595652859281123,0.02343684976763824,12.173742399041311,0.21122144227699302,0.004735086315818204
defocused,defocus,2.0,0.19251967882517299,0.2100941851831585,0.01757450635798552,9.12868048878521,0.2095637327865455,0.000530452396613007
defocused,snr_sweep,0.0,0.19251967882517299,1.503156445633038,1.310636766807865,680.7806738541535,1.3113031373552089,0.1918533082778291
defocused,snr_sweep,3.0,0.19251967882517299,1.3280392279893054,1.1355195491641323,589.8199893608264,0.9223521336227968,0.4056870943665086
defocused,snr_sweep,5.0,0.19251967882517299,0.8186143255812016,0.6260946467560287,325.21072680813313,0.759008748899979,0.05960557668122257
defocused,snr_sweep,7.0,0.19251967882517299,0.5805601905277258,0.3880405117025528,201.55888170524747,0.5540258524481755,0.0265343380795503
defocused,snr_sweep,10.0,0.19251967882517299,0.39861919959085823,0.20609952076568525,107.05374225813253,0.38007347402092023,0.018545725569938
defocused,snr_sweep,15.0,0.19251967882517299,0.1948997305299292,0.0023800517047562197,1.2362641155855778,0.19135632612284123,0.0035434044070879744
defocused,snr_sweep,20.0,0.19251967882517299,0.10550715750645469,-0.0870125213187183,-45.19668942401173,0.10556016055239315,-5.300304593845728e-05
defocused,snr_sweep,25.0,0.19251967882517299,0.06101873016261455,-0.13150094866255843,-68.3051984425833,0.060955265840193555,6.346432242099187e-05
defocused,snr_sweep,30.0,0.19251967882517299,0.03575397643925254,-0.15676570238592044,-81.4284042766762,0.035717104283980845,3.687215527169163e-05
elliptical_gaussian,ellipticity,1.0,0.19251967882517299,0.21955723888218515,0.02703756005701216,14.044050053483081,0.21520583886449468,0.0043514000176904655
elliptical_gaussian,ellipticity,1.25,0.19251967882517299,0.21917757325507006,0.026657894429897078,13.846841316468794,0.2191284714739424,4.9101781127658395e-05
elliptical_gaussian,ellipticity,1.5,0.19251967882517299,0.21521858744019878,0.022698908615025798,11.79043553030164,0.2132880475492772,0.0019305398909215954
elliptical_gaussian,ellipticity,2.0,0.19251967882517299,0.20853343938959404,0.016013760564421053,8.317986328536907,0.20100615008407233,0.007527289305521712
elliptical_gaussian,phase_grid,0.0,0.19251967882517299,0.2102448836333423,0.017725204808169304,9.206957395906292,0.2046445504786499,0.005600333154692383
elliptical_gaussian,phase_grid,0.125,0.19251967882517299,0.19450644269987122,0.001986763874698233,1.0319796328469946,0.1983104420783968,-0.0038039993785255743
elliptical_gaussian,phase_grid,0.25,0.19251967882517299,0.2172144046586234,0.02469472583345042,12.82711771811945,0.2163824227020311,0.0008319819565923148
elliptical_gaussian,phase_grid,0.375,0.19251967882517299,0.21919470929136553,0.026675030466192545,13.855742243584421,0.22057146879324552,-0.0013767595018799872
elliptical_gaussian,phase_grid,0.5,0.19251967882517299,0.19025329924796186,-0.002266379577211125,-1.1772196956910692,0.19037694700015972,-0.00012364775219786406
elliptical_gaussian,phase_grid,0.625,0.19251967882517299,0.2129159979800626,0.020396319154889625,10.594407428557737,0.22143505483026488,-0.008519056850202267
elliptical_gaussian,phase_grid,0.75,0.19251967882517299,0.2643095245595993,0.07178984573442629,37.28961432541065,0.26207728191952284,0.0022322426400764317
elliptical_gaussian,phase_grid,0.875,0.19251967882517299,0.21581320364649573,0.023293524821322742,12.09929549200816,0.2168680050405365,-0.0010548013940407663
elliptical_gaussian,snr_sweep,0.0,0.19251967882517299,1.8659663934165298,1.6734467145913567,869.2341088471339,1.89653101670476,-0.030564623288230175
elliptical_gaussian,snr_sweep,3.0,0.19251967882517299,1.0544809017916383,0.8619612229664654,447.726293865892,0.9027315853228253,0.15174931646881307
elliptical_gaussian,snr_sweep,5.0,0.19251967882517299,0.8620372468337288,0.6695175680085559,347.7657827470949,0.9109978771578899,-0.04896063032416109
elliptical_gaussian,snr_sweep,7.0,0.19251967882517299,0.6073693005902612,0.4148496217650882,215.4842685675852,0.5906339189890553,0.016735381601205912
elliptical_gaussian,snr_sweep,10.0,0.19251967882517299,0.4197195054458746,0.22719982662070162,118.0138196817904,0.4019740345822236,0.017745470863651025
elliptical_gaussian,snr_sweep,15.0,0.19251967882517299,0.19882582642245916,0.006306147597286177,3.275585974259175,0.20131927070879865,-0.0024934442863394912
elliptical_gaussian,snr_sweep,20.0,0.19251967882517299,0.11094828239524751,-0.08157139642992547,-42.370419963145906,0.11132155442420415,-0.0003732720289566366
elliptical_gaussian,snr_sweep,25.0,0.19251967882517299,0.07328286587230544,-0.11923681295286755,-61.93487007691636,0.07314163263179575,0.0001412332405096861
elliptical_gaussian,snr_sweep,30.0,0.19251967882517299,0.0394308685328899,-0.15308881029228308,-79.51852570422318,0.03942651079283927,4.357740050628389e-06
gaussian,none,0.0,0.19251967882517299,0.19251967882517299,0.0,0.0,0.19050980689302352,0.002009871932149465
gaussian,phase_grid,0.0,0.19251967882517299,0.18071053334719597,-0.011809145477977012,-6.133993963651316,0.18443709786501794,-0.0037265645178219675
gaussian,phase_grid,0.125,0.19251967882517299,0.22353296001060804,0.03101328118543506,16.10914862038504,0.22052173546464438,0.00301122454596367
gaussian,phase_grid,0.25,0.19251967882517299,0.22407683443058746,0.03155715560541447,16.391651906957268,0.21937602494983632,0.004700809480751134
gaussian,phase_grid,0.375,0.19251967882517299,0.21309592049402717,0.02057624166885419,10.687864115719549,0.20935199883019448,0.0037439216638326944
gaussian,phase_grid,0.5,0.19251967882517299,0.2221553044062808,0.029635625581107827,15.39355652469165,0.21842133894272017,0.00373396546356064
gaussian,phase_grid,0.625,0.19251967882517299,0.18714978514986427,-0.005369893675308712,-2.7892700154487113,0.1869195246807078,0.00023026046915647358
gaussian,phase_grid,0.75,0.19251967882517299,0.21841203970713308,0.02589236088196009,13.449202201024308,0.221868400646162,-0.0034563609390289296
gaussian,phase_grid,0.875,0.19251967882517299,0.2370848856777109,0.044565206852537925,23.14839040065487,0.2436955668896303,-0.006610681211919378
gaussian,snr_sweep,0.0,0.19251967882517299,1.7565487234840222,1.5640290446588492,812.399570892253,1.3238721864456366,0.4326765370383856
gaussian,snr_sweep,3.0,0.19251967882517299,1.1495257893885154,0.9570061105633424,497.09521457928423,1.0249392466494127,0.12458654273910263
gaussian,snr_sweep,5.0,0.19251967882517299,0.837151364200684,0.6446316853755111,334.83937294581756,0.6938860241095592,0.1432653400911248
gaussian,snr_sweep,7.0,0.19251967882517299,0.4892994087660806,0.2967797299409076,154.15552932145349,0.4950190550641443,-0.0057196462980637075
gaussian,snr_sweep,10.0,0.19251967882517299,0.37273329395893484,0.18021361513376186,93.60789309097785,0.36648337568583556,0.006249918273099286
gaussian,snr_sweep,15.0,0.19251967882517299,0.18676584745082564,-0.005753831374347346,-2.9886977837587176,0.18687818954416932,-0.00011234209334368139
gaussian,snr_sweep,20.0,0.19251967882517299,0.12029353778926527,-0.07222614103590771,-37.51623806805549,0.11953883667846149,0.0007547011108037793
gaussian,snr_sweep,25.0,0.19251967882517299,0.06556443389391242,-0.12695524493126056,-65.94403528303647,0.06536209252073238,0.0002023413731800372
gaussian,snr_sweep,30.0,0.19251967882517299,0.03253321045528374,-0.15998646836988925,-83.10135844095858,0.032555463742532535,-2.225328724879405e-05
