method,factor_term,coefficient,std_error,t_statistic,p_value,ci_95_lower,ci_95_upper,r_squared,sample_size
Intensity-Weighted Centroid,Intercept,0.34609690079274247,0.023760811057927912,14.565870666155798,0.0,0.2995257111192038,0.39266809046628115,0.11765653015086264,552
Intensity-Weighted Centroid,PSF_sigma,-0.09123157337746238,0.023831927250000898,-3.8281240296023036,0.000144131175650708,-0.13794215078746414,-0.04452099596746062,0.11765653015086264,552
Intensity-Weighted Centroid,SNR_dB,-0.06775585765285917,0.025509903978423284,-2.656060866013774,0.008137888582330222,-0.1177552694505688,-0.017756445855149537,0.11765653015086264,552
Intensity-Weighted Centroid,Background_level,0.09333258976593206,0.024906164815931425,3.747368993006548,0.0001977993226469632,0.04451650672670647,0.14214867280515764,0.11765653015086264,552
Intensity-Weighted Centroid,PSF_x_SNR,-0.015075422156872811,0.02749893420658713,-0.5482184161618026,0.5837668271706904,-0.06897333320178359,0.03882248888803796,0.11765653015086264,552
Intensity-Weighted Centroid,PSF_x_Background,0.12398888581555581,0.02658596648787176,4.663696761677565,3.9130228990380544e-06,0.07188039149932716,0.17609738013178444,0.11765653015086264,552
Intensity-Weighted Centroid,SNR_x_Background,0.05348002182348856,0.014523917914879277,3.682203530543231,0.0002543036270326038,0.025013142710325176,0.08194690093665194,0.11765653015086264,552
Intensity-Weighted Centroid,PSF_x_SNR_x_Background,0.029324971935142885,0.01567186284842648,1.8711861007695862,0.0618558258128572,-0.001391879247773016,0.060041823118058786,0.11765653015086264,552
Gaussian Fitting,Intercept,0.14978481885646197,0.043784811441644984,3.420931001520709,0.0006709475815387389,0.0639665884308378,0.23560304928208614,0.08307593463582752,552
Gaussian Fitting,PSF_sigma,-0.06121924548424816,0.043915859538141866,-1.394012234488498,0.1638830359999115,-0.14729433017900623,0.024855839210509892,0.08307593463582752,552
Gaussian Fitting,SNR_dB,-0.14625974760609464,0.047007921272832896,-3.111385137777236,0.001959825817960059,-0.23839527330084712,-0.05412422191134217,0.08307593463582752,552
Gaussian Fitting,Background_level,0.22621287935243345,0.0458953916826099,4.928880026056018,1.0996498462922943e-06,0.13625791165451806,0.31616784705034884,0.08307593463582752,552
Gaussian Fitting,PSF_x_SNR,0.09810969241759958,0.05067317130489476,1.9361269462944133,0.053369818439723105,-0.0012097233399941398,0.1974291081751933,0.08307593463582752,552
Gaussian Fitting,PSF_x_Background,-0.12346054045672059,0.04899081629946982,-2.520075185153767,0.012018081285141147,-0.21948254040368143,-0.027438540509759732,0.08307593463582752,552
Gaussian Fitting,SNR_x_Background,0.01081641998156392,0.026763691093984715,0.4041453005708532,0.6862647077050283,-0.04164041456264612,0.06327325452577395,0.08307593463582752,552
Gaussian Fitting,PSF_x_SNR_x_Background,0.0011332360558354878,0.028879046177538798,0.03924077162620706,0.9687128239486194,-0.05546969445214056,0.05773616656381153,0.08307593463582752,552
PSF Fitting,Intercept,0.07554276386106173,0.007454973963582276,10.133202909908194,0.0,0.060931014892440474,0.090154512829683,0.30207396203567083,552
PSF Fitting,PSF_sigma,-0.010362172838149532,0.007477286727191257,-1.3858199125181794,0.16636973053357096,-0.025017654823444396,0.004293309147145333,0.30207396203567083,552
PSF Fitting,SNR_dB,-0.10150643372696545,0.008003753302401537,-12.682354127095385,0.0,-0.11719379019967247,-0.08581907725425844,0.30207396203567083,552
PSF Fitting,Background_level,0.02378147822285933,0.007814329644842084,3.0433164844224994,0.0024529092758029947,0.008465392118968846,0.039097564326749816,0.30207396203567083,552
PSF Fitting,PSF_x_SNR,0.037474676187257284,0.008627813168354308,4.343473306157057,1.6733759668596804e-05,0.02056416237728284,0.05438518999723173,0.30207396203567083,552
PSF Fitting,PSF_x_Background,-0.0008343208028704142,0.008341368797578366,-0.10002204951214133,0.9203636693589368,-0.017183403646124012,0.015514762040383183,0.30207396203567083,552
PSF Fitting,SNR_x_Background,-0.004823633216790635,0.004556891161697301,-1.0585359723610297,0.29028095104600427,-0.013755139893717344,0.004107873460136075,0.30207396203567083,552
PSF Fitting,PSF_x_SNR_x_Background,-0.010134102704481484,0.004917059826409829,-2.0610086234970333,0.03977694659514053,-0.01977153996424475,-0.0004966654447182191,0.30207396203567083,552
