snr_db,method,sigma_n,total_trials,correct_detections,detection_probability,pd_ci_lower,pd_ci_upper,false_alarm_images,false_alarm_rate,pfa_ci_lower,pfa_ci_upper,total_false_candidates,mean_candidate_count,num_localizations,rmse_x,rmse_y,rmse_radial,rmse_radial_ci_lower,rmse_radial_ci_upper,bias_x,bias_y,mean_radial_error,mean_filter_latency_ms,median_filter_latency_ms,mean_detector_latency_ms,mean_total_latency_ms,median_total_latency_ms,combined_fps
20.0,none,15.0,1000,1000,1.0,0.996173241514445,1.0,1000,1.0,0.996173241514445,1.0,56922,57.959,1000,0.16174589995282387,0.15522940664558668,0.2241827487544254,0.21834006850656948,0.23020538301050755,-0.003671375086028661,-0.004691870193482941,0.2001631158984234,0.2360820024041459,0.22505002561956644,183.33910140069202,183.57518340309616,180.87514996295795,5.447359395001612
20.0,gaussian,15.0,1000,1000,1.0,0.996173241514445,1.0,0,0.0,2.168404344971009e-19,0.0038267584855551234,0,1.0,1000,0.07117435194135983,0.07053761882655413,0.10020650699427057,0.09715152186232134,0.10328706546565189,-0.0007725560869098444,-0.00046953170126346323,0.08960048292626306,1.1742963035358116,1.1176999541930854,153.8032603986794,154.97755670221522,153.52764999261126,6.452547202828022
20.0,median,15.0,1000,1000,1.0,0.996173241514445,1.0,0,0.0,2.168404344971009e-19,0.0038267584855551234,0,1.0,1000,0.10577486055679944,0.10395525685069167,0.14830716959305656,0.1429998603720584,0.1538775638757438,-0.0011093831354567101,-3.7612168878240483e-06,0.1275521720643012,0.9998185011791065,0.9458999847993255,157.37134999793489,158.371168499114,157.40259998710826,6.314280619869232
20.0,bilateral,15.0,1000,1000,1.0,0.996173241514445,1.0,80,0.08,0.06474803809836388,0.09846643902950242,84,1.086,1000,0.12382892339731091,0.11854255501203853,0.17142327618651815,0.1655813086658623,0.17688068773331492,0.0018488105585479388,-0.0025425986670858263,0.15003947965270897,4.628460303065367,4.362449981272221,159.363780300715,163.99224060378037,162.50675002811477,6.097849485550281
15.0,none,26.674191150583844,1000,990,0.99,0.9816905311296853,0.9945592455544707,1000,1.0,0.996173241514445,1.0,23068923,23070.738,990,0.2805834852631671,0.28005106044930866,0.3964286678094917,0.38273484199618407,0.4114156754954073,0.003969069167151522,0.012787988437173681,0.3455791616238362,0.25097280100453645,0.23560004774481058,203.98371979710646,204.234692598111,202.35120004508644,4.896327784857689
15.0,gaussian,26.674191150583844,1000,1000,1.0,0.996173241514445,1.0,0,0.0,2.168404344971009e-19,0.0038267584855551234,0,1.0,1000,0.14601189293518047,0.1386761344553509,0.20137165427634834,0.19496528649734945,0.20856592635981341,0.00338961910480225,-0.0023266699667623242,0.17392250562229056,1.1843040018575266,1.15280004683882,162.718635201687,163.90293920354452,162.78869996313006,6.101171857315749
15.0,median,26.674191150583844,1000,1000,1.0,0.996173241514445,1.0,103,0.103,0.08565481000508716,0.1233836362324436,109,1.109,1000,0.19462705441354325,0.19453239053010277,0.2751772906237881,0.266769185370485,0.2844305656549711,-0.00093845895149434,0.009619309322138633,0.24092772037532867,1.0054040985414758,0.9541499894112349,168.648234599852,169.65363869839348,168.27520000515506,5.894362229258036
15.0,bilateral,26.674191150583844,1000,760,0.76,0.7325666107750539,0.7854434748124575,1000,1.0,0.996173241514445,1.0,2392509,2393.651,760,0.24211745582656674,0.24285447621546546,0.34292733783385887,0.3308481598996914,0.3565972026776401,0.004486789062073476,0.008877178371202669,0.300255338936578,5.26890219876077,5.229500005953014,183.74109740066342,189.0099995994242,187.52534996019676,5.290725369659471
10.0,none,47.434164902525694,1000,987,0.987,0.9778855576244203,0.9923871796106489,1000,1.0,0.996173241514445,1.0,133466701,133469.327,987,0.6465378694141305,0.6365787395174195,0.9073277843162029,0.8648184690697346,0.9470462932231132,0.01196318767875021,-0.0031594066331150764,0.7700088208185546,0.2562360967276618,0.23799994960427284,293.9044442010345,294.16068029776216,292.40365006262437,3.3995026085327136
10.0,gaussian,47.434164902525694,1000,1000,1.0,0.996173241514445,1.0,1000,1.0,0.996173241514445,1.0,7179,8.179,1000,0.2844230658133003,0.2936529684173952,0.4088135837114328,0.39572399871365566,0.422437548736877,0.011155888450416797,0.012437353421173043,0.36062996873647996,1.0924199995351955,1.0764000471681356,175.56002159893978,176.65244159847498,175.62749999342486,5.660833164553514
10.0,median,47.434164902525694,1000,981,0.981,0.9705155440876868,0.9878031142492091,1000,1.0,0.996173241514445,1.0,1313228,1314.284,981,0.3603611454671087,0.3616262757767779,0.5105229852754417,0.49471484264364324,0.5251986204547545,0.006954913412351339,0.012934103277746797,0.45191163911595855,1.0051120010903105,0.955799943767488,179.60396119998768,180.609073201078,179.2530999518931,5.5368203948794275
10.0,bilateral,47.434164902525694,1000,1,0.001,0.00017654637062607852,0.0056425585979579355,1000,1.0,0.996173241514445,1.0,79938762,79940.975,1,1.9302683856320755,0.5563123327657422,2.0088353471994465,,,1.9302683856320755,-0.5563123327657422,2.0088353471994465,5.318244201713242,5.170000018551946,252.1150062972447,257.43325049895793,255.8692500460893,3.8845020915588675
5.0,none,84.35119877855236,1000,11,0.011,0.006153174098086638,0.019589395700786275,1000,1.0,0.996173241514445,1.0,135695320,135697.452,11,2.5761355109985002,2.036900618947817,3.284119106015722,2.696438034837034,3.826487112134704,-0.09832796299176814,0.04165324099530856,3.137532027380313,0.2765981996199116,0.255199964158237,330.3072656012373,330.5838638008572,349.2872500210069,3.024951032099973
5.0,gaussian,84.35119877855236,1000,666,0.666,0.6361818350568,0.6945476811259959,1000,1.0,0.996173241514445,1.0,3869101,3870.197,666,0.5699147813284059,0.5586225150291252,0.7980363226533427,0.7572811919631562,0.841174519962114,-0.04194870919752002,-0.010874239809942088,0.6863267832810009,1.1178639028221369,1.0940999491140246,209.92696599918418,211.0448299020063,224.11895007826388,4.738329768439844
5.0,median,84.35119877855236,1000,431,0.431,0.4006284437674723,0.4618996489035343,1000,1.0,0.996173241514445,1.0,28618571,28619.979,431,0.8197360558704632,0.7917562843948722,1.1396689059427905,1.0598649382644652,1.2288761720700587,0.015088420349500533,0.02093430922067605,0.9469287632226447,1.1342660975642502,1.1039000237360597,231.52190330100711,232.65616939857136,249.20510000083596,4.2981881915491575
5.0,bilateral,84.35119877855236,1000,0,0.0,2.168404344971009e-19,0.0038267584855551234,1000,1.0,0.996173241514445,1.0,127739312,127741.454,0,,,,,,,,,5.482984701986425,5.583300022408366,321.25598399864975,326.7389687006362,349.79060001205653,3.0605470904703047
