scenario_id,experiment_sub_id,method_name,snr_db,background_level,psf_type,psf_condition,roi_size,subpixel_offset,total_trials,success_count,success_rate,mean_radial_error,median_radial_error,std_radial_error,radial_rmse,p95_radial_error,max_radial_error,bias_x,bias_y,bias_magnitude,angular_rmse_urad,mean_latency_ms,median_latency_ms,p95_latency_ms,rmse_ci_lower,rmse_ci_upper
7A_snr_0dB,7A,Binary Centroid,0.0,10.0,gaussian,nominal,31,0.0,50,0,0.0,,,,,,,,,,,0.0633439957164228,0.05124998278915882,0.08852497558109461,,
7A_snr_0dB,7A,Bounding Box Center,0.0,10.0,gaussian,nominal,31,0.0,50,0,0.0,,,,,,,,,,,0.1315820124000311,0.12260000221431255,0.2063349937088787,,
7A_snr_0dB,7A,Gaussian Fitting,0.0,10.0,gaussian,nominal,31,0.0,50,50,1.0,1.2701598311649835,0.9175803071578907,1.049855946605187,1.647878486214118,3.163885809325349,5.162729601079696,0.06888296192693588,0.09266115557953611,0.11545974275548467,803.4808614254681,14.213258000090718,11.663699988275766,28.52755501517094,1.2246878761676514,2.0552449855484984
7A_snr_0dB,7A,Intensity-Weighted Centroid,0.0,10.0,gaussian,nominal,31,0.0,50,50,1.0,0.8191410807872153,0.748153190911165,0.4131075403745797,0.917414819014595,1.6219611834889474,1.8391134079626903,0.07444850263956311,0.031880586567863245,0.08098735299529215,439.41180577399274,0.18119398970156908,0.152449996676296,0.2510399848688394,0.7875027188525004,1.039707711830113
7A_snr_0dB,7A,PSF Fitting (Known PSF),0.0,10.0,gaussian,nominal,31,0.0,50,50,1.0,1.1534237710606856,0.9289890888092551,0.8687148216101482,1.443970857369706,2.6060300193972115,4.370798056415383,-0.07920943182374827,-0.08829619199877953,0.11861851293675184,695.9054679390863,6.090882001444697,5.0476500182412565,12.219274998642502,1.0908528205348234,1.7573613614998718
7A_snr_10dB,7A,Binary Centroid,10.0,10.0,gaussian,nominal,31,0.0,50,50,1.0,1.6204497087259213,1.5383384046027384,0.8360187735570678,1.8233992015600389,3.41039500660518,4.138286154415539,-0.020960717045830107,0.040696653417503795,0.04577738806943638,877.0631074941404,0.0994460005313158,0.09494996629655361,0.14017501962371165,1.560157769049001,2.1002780682222184
7A_snr_10dB,7A,Bounding Box Center,10.0,10.0,gaussian,nominal,31,0.0,50,50,1.0,1.9374947216099994,1.613817553288513,1.5739701717830066,2.4962507682380863,4.950570973081306,7.689478619285838,0.3683217842714606,-0.044702731403961596,0.37102462312343515,1188.7772986992645,0.19205400720238686,0.18990004900842905,0.26378502952866256,1.8583719213955798,3.1209176767906435
7A_snr_10dB,7A,Gaussian Fitting,10.0,10.0,gaussian,nominal,31,0.0,50,50,1.0,0.33581900378587926,0.34280934537389174,0.13746213640571925,0.36286394454253096,0.5279496068825238,0.7197078927436136,0.06049490895826495,-0.0006317027773792461,0.060498207066554566,175.78282453602583,7.250909998547286,7.283349987119436,9.757739992346613,0.3273782975797681,0.40063543847522237
7A_snr_10dB,7A,Intensity-Weighted Centroid,10.0,10.0,gaussian,nominal,31,0.0,50,50,1.0,0.6222592486480345,0.563286348174279,0.3395357507083274,0.708866065302243,1.2504937565464538,1.4819159759515077,-0.09995337095320962,-0.05657428388160241,0.11485349782059781,340.89537933180407,0.20441200118511915,0.1998000079765916,0.3086749464273451,0.6046217851080836,0.805307192976242
7A_snr_10dB,7A,PSF Fitting (Known PSF),10.0,10.0,gaussian,nominal,31,0.0,50,50,1.0,0.34013211209382194,0.3533685259157653,0.12623567171217026,0.3628020100413269,0.5190212245130883,0.7141925626243715,0.06635585778509182,0.0060984831855518,0.06663551125008188,175.84565839360684,4.222380009014159,4.1737499996088445,6.055120052769778,0.3287900165580122,0.39854430040954836
7A_snr_15dB,7A,Binary Centroid,15.0,10.0,gaussian,nominal,31,0.0,50,50,1.0,0.9447110993687713,0.8607898819164543,0.4438919137013257,1.0438003124735966,1.8485789103814612,2.019555451071168,0.07293539776295291,-0.11615813133246775,0.13715787881667965,498.88087161569484,0.0941360043361783,0.0924500054679811,0.12183499638922513,0.9158026270951926,1.1738402394554865
7A_snr_15dB,7A,Bounding Box Center,15.0,10.0,gaussian,nominal,31,0.0,50,50,1.0,2.85024041320688,2.270825500481825,1.823625832900902,3.3837082604003013,6.605793748884421,7.935637146899008,-0.03562670532773438,0.05753364386479433,0.06767113349774927,1634.515702855891,0.1971960044465959,0.18785003339871764,0.27791995671577746,2.822427176456117,3.9599632503715134
7A_snr_15dB,7A,Gaussian Fitting,15.0,10.0,gaussian,nominal,31,0.0,50,50,1.0,0.18715185234097814,0.1691499026708635,0.09411835970431516,0.2094852774494908,0.3437218411245289,0.41546933736443625,-0.022741328241922362,-0.014260683176082693,0.02684278478205016,100.53546653836544,6.023795986548066,5.79224998364225,8.383879979373887,0.18325070510635108,0.235909170374282
7A_snr_15dB,7A,Intensity-Weighted Centroid,15.0,10.0,gaussian,nominal,31,0.0,50,50,1.0,0.5383760095681452,0.5298393230936289,0.233152580578929,0.586693151067177,0.8773222556890083,1.055139614660521,-0.027586336823616192,-0.04067651748373919,0.04914860174970335,282.62434880986734,0.19617200829088688,0.1928000128827989,0.25226994184777135,0.5236804489244268,0.6427387981259293
7A_snr_15dB,7A,PSF Fitting (Known PSF),15.0,10.0,gaussian,nominal,31,0.0,50,50,1.0,0.18606650509022912,0.17310245372174488,0.09288727377839527,0.20796343415724508,0.3391374491773413,0.4108879988623891,-0.02137923910317795,-0.012844168698975124,0.0249408206400388,99.83694075073007,3.882706006988883,3.7448499933816493,5.054710002150386,0.18189836439249582,0.23306868540708317
7A_snr_20dB,7A,Binary Centroid,20.0,10.0,gaussian,nominal,31,0.0,50,50,1.0,0.5774968771024048,0.5648575154379682,0.3178659630025397,0.6591975527097793,1.1419679338715227,1.3548164395314566,0.012861023493951507,-0.044997818996894236,0.046799675637649765,319.78143268116054,0.09500200394541025,0.0932500115595758,0.12334000784903763,0.5642074593726176,0.7478296333732567
7A_snr_20dB,7A,Bounding Box Center,20.0,10.0,gaussian,nominal,31,0.0,50,50,1.0,3.2110571254327795,2.897433552809959,2.016857558809337,3.791912746269221,6.72238887686387,7.274174754507647,-0.1522297373882384,-0.1017211834498744,0.18308766235804919,1847.5699345516248,0.19144599791616201,0.18940004520118237,0.28198998770676553,3.2096332253064377,4.31371529857445
7A_snr_20dB,7A,Gaussian Fitting,20.0,10.0,gaussian,nominal,31,0.0,50,50,1.0,0.10253385414645028,0.10035475425885629,0.0567184070707477,0.11717580358917357,0.1960794296582809,0.2523537891082451,-0.019643851547867255,-0.010577537463446448,0.022310652218733094,56.7794549317873,5.332072002347559,5.437550018541515,6.775134953204542,0.10005703474456677,0.13307255078108546
7A_snr_20dB,7A,Intensity-Weighted Centroid,20.0,10.0,gaussian,nominal,31,0.0,50,50,1.0,0.39360649244687596,0.39830396521154043,0.19167642199689355,0.4377966670109126,0.73335314573334,0.8245802064167412,0.038272518111167525,-0.005598726062220862,0.03867985749830831,212.0911368588464,0.19717600429430604,0.1881999778561294,0.2658950455952436,0.3868974221138943,0.492282684375035
7A_snr_20dB,7A,PSF Fitting (Known PSF),20.0,10.0,gaussian,nominal,31,0.0,50,50,1.0,0.10262389746439864,0.09862282657850809,0.05727031349808365,0.11752256438213121,0.19509023356308614,0.25563762810291696,-0.020186943826431047,-0.01114519732345002,0.023059230785742183,56.95927370844306,3.7739120004698634,3.6210499820299447,5.215264938306063,0.10055586461412744,0.13334063112474864
7A_snr_25dB,7A,Binary Centroid,25.0,10.0,gaussian,nominal,31,0.0,50,50,1.0,0.4006184266361745,0.34787042689682157,0.23619286369564832,0.4650614933760857,0.8462927047980658,1.070601685204286,0.02145036941726886,0.01522558761802003,0.02630469285985503,226.81892729440773,0.10313000762835145,0.10184996062889695,0.15300000086426735,0.39167026520391596,0.5390650626766902
7A_snr_25dB,7A,Bounding Box Center,25.0,10.0,gaussian,nominal,31,0.0,50,50,1.0,3.5015411035063306,3.441627488742486,1.7894816179388355,3.9323065191418283,5.9138667976203125,6.930611713242175,-0.026287064769334165,0.31411480669813696,0.3152128194747084,1899.886282244602,0.2044699969701469,0.20255002891644835,0.2708600193727761,3.4909083224404185,4.3503604887328615
7A_snr_25dB,7A,Gaussian Fitting,25.0,10.0,gaussian,nominal,31,0.0,50,50,1.0,0.058650019410469385,0.05589884631363899,0.03265407381159167,0.06712758980733118,0.1154912301977982,0.1532788329919638,0.012250532327326766,-0.004263223381706495,0.012971145512452133,32.53243921714808,5.163529994897544,5.09594997856766,6.666455022059381,0.05691147403425802,0.07679386499683326
7A_snr_25dB,7A,Intensity-Weighted Centroid,25.0,10.0,gaussian,nominal,31,0.0,50,50,1.0,0.2853287726022483,0.26040972733310525,0.14364471176360769,0.31944688399224597,0.5332097036807246,0.6224553915265675,-0.0025276794505634825,0.03700304437303686,0.03708927683681276,155.13429190103687,0.1972160069271922,0.19494997104629874,0.25254006031900644,0.2772847321687106,0.3583681113685182
7A_snr_25dB,7A,PSF Fitting (Known PSF),25.0,10.0,gaussian,nominal,31,0.0,50,50,1.0,0.058704269882424,0.056960009427420175,0.03249028439664987,0.06709552803729667,0.11452221281458083,0.15355336023332303,0.012308877346235363,-0.0043016349100588516,0.013038885091299145,32.519872593518436,3.867904015351087,3.7132499855943024,5.399849999230355,0.05708279619822141,0.07679987224875251
7A_snr_30dB,7A,Binary Centroid,30.0,10.0,gaussian,nominal,31,0.0,50,50,1.0,0.2356126241610419,0.2173044052158954,0.1433921808956561,0.2758162906828836,0.4623503437542333,0.6757831211142398,0.043618116030895916,0.01749067774169248,0.04699429597247347,132.25795400160155,0.10035799583420157,0.09765004506334662,0.14008501893840727,0.23086848373994132,0.320691251421385
7A_snr_30dB,7A,Bounding Box Center,30.0,10.0,gaussian,nominal,31,0.0,50,50,1.0,2.287566560840685,1.3983238605693376,2.1275900248118718,3.124035864703774,6.296225119573129,7.010509189401308,0.11264246250173215,-0.03612212422084667,0.11829257042046391,1504.563572118665,0.20505799911916256,0.19559997599571943,0.27965998160652816,2.5180938785508915,3.7111577798860247
7A_snr_30dB,7A,Gaussian Fitting,30.0,10.0,gaussian,nominal,31,0.0,50,50,1.0,0.030151837127890574,0.028119442133092892,0.01696453488598644,0.03459665772996998,0.06172939586456413,0.0749825355937096,0.004874211440883585,0.0005124325736579749,0.004901073791832374,16.79730060183727,4.932389997411519,4.911450028885156,6.5309249446727335,0.029326463178475776,0.03993878302188508
7A_snr_30dB,7A,Intensity-Weighted Centroid,30.0,10.0,gaussian,nominal,31,0.0,50,50,1.0,0.2020692704885716,0.1856279581456134,0.09369531640448896,0.2227348252786726,0.37004534210675644,0.4233831648059006,0.024048344426454378,-0.013282990166417222,0.027472908426566633,108.33681487698561,0.21025400375947356,0.1868000254034996,0.31721501145511855,0.1954539928891772,0.2478152517238991
7A_snr_30dB,7A,PSF Fitting (Known PSF),30.0,10.0,gaussian,nominal,31,0.0,50,50,1.0,0.030203476701338716,0.028079438911502243,0.017010997891480223,0.03466444942750794,0.061846819254543585,0.07452087418830983,0.004970719072708789,0.0005803116820175091,0.005004478968691637,16.831340461026322,3.6240739980712533,3.6985999904572964,4.731285007437691,0.029368119874387144,0.03997183347302597
7A_snr_3dB,7A,Binary Centroid,3.0,10.0,gaussian,nominal,31,0.0,50,42,0.84,2.15083820002013,1.7802075036495046,1.3305631584494986,2.529130933994707,4.6374971030513645,7.099489242518531,-0.07253012430625731,-0.11138619949914859,0.13291916479855442,1227.1753819947623,0.10798998642712831,0.10055000893771648,0.1524500490631908,2.045296730522709,3.0373406568172876
7A_snr_3dB,7A,Bounding Box Center,3.0,10.0,gaussian,nominal,31,0.0,50,42,0.84,1.79306288518938,1.3540630080326723,1.1817887728673164,2.147486720312585,3.908256949275511,5.3229710172583875,-0.03905751077715536,0.02540467902140992,0.04659277695403519,1036.50212923454,0.1940199895761907,0.19364996114745736,0.2697500749491155,1.737308323791137,2.5427280156652077
7A_snr_3dB,7A,Gaussian Fitting,3.0,10.0,gaussian,nominal,31,0.0,50,50,1.0,1.0130310083156024,0.8794678819487693,0.7077608110079637,1.2357820153277748,2.45405854338865,3.8091450799789874,0.006062689504263403,-0.023324422695502278,0.0240994792081399,591.9112092646943,13.289785997476429,10.551299958024174,23.035164986504242,0.9698939085547233,1.5074864273338044
7A_snr_3dB,7A,Intensity-Weighted Centroid,3.0,10.0,gaussian,nominal,31,0.0,50,50,1.0,0.7419007929799633,0.7180471310926714,0.3752761974721638,0.8314138626541325,1.349063578574019,1.7102440129562415,-0.07447238423640158,-0.014383297748806001,0.07584863392299852,404.54433852810456,0.19767799647524953,0.19925000378862023,0.254439958371222,0.7242736157294861,0.9359733818422528
7A_snr_3dB,7A,PSF Fitting (Known PSF),3.0,10.0,gaussian,nominal,31,0.0,50,50,1.0,0.9152029602782973,0.8798302228475574,0.6140531104381578,1.1021150942351416,1.6797225531812239,3.8255972159438225,0.11870025724339882,-0.03996863336501349,0.1252487234374703,532.090715352232,5.906496001407504,5.65659994026646,7.993679982610047,0.8703192287492342,1.3872956371741296
7A_snr_5dB,7A,Binary Centroid,5.0,10.0,gaussian,nominal,31,0.0,50,50,1.0,2.455726501330866,2.0694280312005766,1.3667825564948888,2.810460319249756,5.513142756348729,6.324259675616978,-0.3378406764226804,-0.42716337089760487,0.5446144214784796,1354.5230057279337,0.1010559918358922,0.09569997200742364,0.14696000725962216,2.3538129788028233,3.2434391091236945
7A_snr_5dB,7A,Bounding Box Center,5.0,10.0,gaussian,nominal,31,0.0,50,50,1.0,1.977330424944443,1.8707634762483636,1.3858947202763774,2.4146510690161653,4.571126996819469,5.867707411605199,-0.03224069105384046,-0.4630999004550162,0.46422083102880585,1160.991284614753,0.19109399523586035,0.1889999839477241,0.27599500608630473,1.9551317793234142,2.8180907635304107
7A_snr_5dB,7A,Gaussian Fitting,5.0,10.0,gaussian,nominal,31,0.0,50,50,1.0,0.7443514215245806,0.6134444967751591,0.47801845412583804,0.8846245990308659,1.6818605816631569,2.1061273336146002,-0.08601101694349439,0.06152102515670123,0.10574843531696129,424.68110142185526,11.34646400809288,9.89934999961406,22.661840030923486,0.7256504798645644,1.0296984119504393
7A_snr_5dB,7A,Intensity-Weighted Centroid,5.0,10.0,gaussian,nominal,31,0.0,50,50,1.0,0.6934146712962375,0.5774743523187651,0.3744088185825975,0.788039256510287,1.229975602179303,1.676447391755438,-0.049793288831156135,-0.0027350799807376804,0.049868349432520526,377.41497492504186,0.20897199399769306,0.18835003720596433,0.30742500093765546,0.6821853085079996,0.8927688772028535
7A_snr_5dB,7A,PSF Fitting (Known PSF),5.0,10.0,gaussian,nominal,31,0.0,50,50,1.0,0.6519472866120664,0.574698866408484,0.3907955752543787,0.760102918136246,1.4285756660947557,1.9162980227891406,-0.06307210259641238,0.04049932917282803,0.07495522523067655,364.86785741932016,5.152619986329228,4.89209993975237,7.900494924979284,0.6303450362212737,0.8917386773821496
7A_snr_7dB,7A,Binary Centroid,7.0,10.0,gaussian,nominal,31,0.0,50,50,1.0,2.02318935391648,1.9152843036053468,0.973935166230432,2.2454052796369037,3.510417153805087,4.728413647206558,0.16281741807064407,0.4300526828853469,0.4598421704064077,1087.835369255504,0.10222000069916248,0.09355001384392381,0.14706995571032166,1.9817438857971488,2.514814729964648
7A_snr_7dB,7A,Bounding Box Center,7.0,10.0,gaussian,nominal,31,0.0,50,50,1.0,2.016951161520086,1.5607395411922858,1.460219744332522,2.490046925199555,5.185876665561734,6.91018154211505,-0.09648040619449005,0.43160797562998765,0.4422600065649954,1207.2074329559616,0.19727800274267793,0.18939998699352145,0.2815299842040985,1.9621909826248314,3.021302125261047
7A_snr_7dB,7A,Gaussian Fitting,7.0,10.0,gaussian,nominal,31,0.0,50,50,1.0,0.47213676291188134,0.42437072376386265,0.22614784910132088,0.523503555428293,0.8468111204462554,1.1635397569414367,0.016593667070404196,-0.04300103381824897,0.046091633690742706,253.1020907994149,10.022777991835028,8.860249945428222,18.676459952257563,0.45358785226863574,0.5919638285637063
7A_snr_7dB,7A,Intensity-Weighted Centroid,7.0,10.0,gaussian,nominal,31,0.0,50,50,1.0,0.7007799788016769,0.6591574600431545,0.345690714579251,0.7814055597675204,1.2736880308311902,1.6352402980528487,0.020052016199562386,0.10064267413025163,0.10262081275138847,378.1337615744024,0.19539000000804663,0.19225000869482756,0.26803994551301,0.6726604538182545,0.8788261594039593
7A_snr_7dB,7A,PSF Fitting (Known PSF),7.0,10.0,gaussian,nominal,31,0.0,50,50,1.0,0.44824920806715157,0.40474867516425395,0.2030999076929061,0.4921147478360057,0.7832895567953853,1.0027882675134256,0.003552130923885386,-0.0341501302796803,0.03433437100369774,237.6856111299428,4.703533996362239,4.431699984706938,6.833539961371571,0.4311107996194642,0.5475827598678067
7B_bg_uniform_0,7B_uniform,Binary Centroid,15.0,0.0,gaussian,nominal,31,0.0,50,50,1.0,0.9852310138763254,0.9566249152828528,0.46702021417639167,1.0903155649412397,1.7764666383466525,1.9118903777227312,0.09764375356709706,-0.15376152432762524,0.18214529632748377,525.4361487992174,0.08664599154144526,0.07675000233575702,0.12081498862244189,0.9557144032413982,1.215937529282985
7B_bg_uniform_0,7B_uniform,Bounding Box Center,15.0,0.0,gaussian,nominal,31,0.0,50,50,1.0,1.1513610877295257,0.9683969137553731,0.8224840342406029,1.4149601905772524,2.373892599725417,4.730985020290099,0.05051800533351525,-0.07174252186310696,0.08774427791118607,677.1214966172996,0.1651899958960712,0.1568499719724059,0.24158497690223157,1.0740729279508878,1.7906577540612625
7B_bg_uniform_0,7B_uniform,Gaussian Fitting,15.0,0.0,gaussian,nominal,31,0.0,50,50,1.0,0.15910010110716816,0.14622910399603783,0.08846068364353321,0.18203882751488046,0.3403337393108963,0.3786957006758622,-0.005134300897919389,-0.0006751355537335257,0.0051784991770097745,86.8936109361051,5.272844007704407,4.9172500148415565,7.456985034514218,0.15357611363138632,0.20771308864308408
7B_bg_uniform_0,7B_uniform,Intensity-Weighted Centroid,15.0,0.0,gaussian,nominal,31,0.0,50,50,1.0,0.5467039017223877,0.5343857753469796,0.2823041834616369,0.615289206925023,1.0105990396673268,1.2388537568007845,0.07794977064812997,0.005070927068337028,0.07811453799023878,294.0651023104714,0.1702939998358488,0.16250001499429345,0.22371002123691142,0.5327455587309522,0.6900467689374873
7B_bg_uniform_0,7B_uniform,PSF Fitting (Known PSF),15.0,0.0,gaussian,nominal,31,0.0,50,50,1.0,0.15805554477827707,0.158328746561626,0.08802485505505012,0.18091415185833454,0.3222598840305907,0.39427290531857856,-0.002928713090694828,-0.007533959583552985,0.00808318670910286,86.4468750920017,3.7213600077666342,3.50979994982481,5.125995026901363,0.1540813179475914,0.20706456562683917
7B_bg_uniform_10,7B_uniform,Binary Centroid,15.0,10.0,gaussian,nominal,31,0.0,50,50,1.0,1.1312879023645313,1.160601550935075,0.5355243987667004,1.2516384061344463,2.0397782627502896,2.661867427145707,-0.024772299618263674,-0.06603781006401135,0.07053126389359166,606.9855503122901,0.08614399237558246,0.07839995669201016,0.12051998637616634,1.0970289797423898,1.398557773296715
7B_bg_uniform_10,7B_uniform,Bounding Box Center,15.0,10.0,gaussian,nominal,31,0.0,50,50,1.0,2.621888822944976,1.932788233748163,1.6029421602291807,3.073064361337716,5.62495778504517,6.688862583363902,0.009827824861836233,-0.011966818043338207,0.015485182452825387,1485.3093610590008,0.16905599972233176,0.16184995183721185,0.24483505403622982,2.5655552497761525,3.56367546287602
7B_bg_uniform_10,7B_uniform,Gaussian Fitting,15.0,10.0,gaussian,nominal,31,0.0,50,50,1.0,0.17547810137218012,0.17935990781705535,0.07418531745954551,0.19051515789500498,0.2979156079874661,0.3643068544981011,-0.026882601522703452,0.007602463193299514,0.027936923796902404,92.97585585298317,5.20328399958089,4.875599988736212,7.726400048704818,0.16910744795753516,0.2119064184369397
7B_bg_uniform_10,7B_uniform,Intensity-Weighted Centroid,15.0,10.0,gaussian,nominal,31,0.0,50,50,1.0,0.47388140005973184,0.43952142408883277,0.24815815744753364,0.5349262121361474,0.9050391589301338,1.2356623548212213,0.0012324116105168058,-0.094785069080163,0.09479308075439372,259.46528951978183,0.17829400021582842,0.16754999523982406,0.24936503614299,0.4513242807889788,0.6088182420132977
7B_bg_uniform_10,7B_uniform,PSF Fitting (Known PSF),15.0,10.0,gaussian,nominal,31,0.0,50,50,1.0,0.17230790823619072,0.16989912174097077,0.07440965099781198,0.18768806941930993,0.2989275331830229,0.35694320851247363,-0.03163464330053614,0.00643766757853598,0.03228303301432332,91.61660142821292,3.524057997856289,3.251750022172928,4.7519500309135765,0.16684841348077614,0.20911080535199958
7B_bg_uniform_100,7B_uniform,Binary Centroid,15.0,100.0,gaussian,nominal,31,0.0,50,50,1.0,0.618472834937847,0.5397378826292039,0.39452023122675384,0.7335903900701458,1.2941791224259556,1.6534076144350098,0.09537433166743427,0.030834158807758458,0.10023476687453223,355.26866739630714,0.09370400803163648,0.08650001836940646,0.13227507588453588,0.6191552479956625,0.8486393186384217
7B_bg_uniform_100,7B_uniform,Bounding Box Center,15.0,100.0,gaussian,nominal,31,0.0,50,50,1.0,3.4544798293840007,3.234495426300642,2.4914261154636885,4.2591824309878294,7.252178769784539,7.848406641569662,0.20289963894221785,-0.0845174813511528,0.21979869912450536,2048.1807303372593,0.1684519904665649,0.16084994422271848,0.2499599242582917,3.637416982436743,4.805416638877339
7B_bg_uniform_100,7B_uniform,Gaussian Fitting,15.0,100.0,gaussian,nominal,31,0.0,50,50,1.0,0.17529017359888355,0.18156622626386862,0.0886909602675978,0.19645032805652252,0.35158856201432187,0.3954440575803903,-0.01628163969525758,0.006639685879075614,0.017583435948044495,95.19246419822807,5.399680000264198,5.279499979224056,7.608619937673211,0.1701474769911132,0.2231205756203181
7B_bg_uniform_100,7B_uniform,Intensity-Weighted Centroid,15.0,100.0,gaussian,nominal,31,0.0,50,50,1.0,0.5238338200665265,0.4805514738233582,0.2581177194342237,0.5839748523107948,0.9949796671545451,1.202690245787919,0.0027670823670149503,0.0027565595641220854,0.0039058117538353027,280.52837034463647,0.1765459985472262,0.16709999181330204,0.2554950187914073,0.5133934462839692,0.6556383027224068
7B_bg_uniform_100,7B_uniform,PSF Fitting (Known PSF),15.0,100.0,gaussian,nominal,31,0.0,50,50,1.0,0.17301933644650913,0.17525558979797623,0.09051538340306045,0.1952657814799955,0.35364158051864186,0.37813064184064665,-0.013463260476946175,0.007042223394556117,0.015193824173292727,94.5199567717172,3.5121760051697493,3.1828999635763466,4.959770024288446,0.1689944120361011,0.22083998299290283
7B_bg_uniform_200,7B_uniform,Binary Centroid,15.0,200.0,gaussian,nominal,31,0.0,50,0,0.0,,,,,,,,,,,0.060669996310025454,0.05475006764754653,0.08139998535625637,,
7B_bg_uniform_200,7B_uniform,Bounding Box Center,15.0,200.0,gaussian,nominal,31,0.0,50,0,0.0,,,,,,,,,,,0.13098999857902527,0.12280000373721123,0.19814993138425047,,
7B_bg_uniform_200,7B_uniform,Gaussian Fitting,15.0,200.0,gaussian,nominal,31,0.0,50,50,1.0,0.28156293643776376,0.26779513523549503,0.14108308425879726,0.3149319352486043,0.6039257923170972,0.6571789607791242,0.06160758082169537,-0.015493154500823322,0.06352583609121654,149.87130102594818,7.535308003425598,7.1770999929867685,11.220340034924446,0.2670291762396745,0.35817719966928474
7B_bg_uniform_200,7B_uniform,Intensity-Weighted Centroid,15.0,200.0,gaussian,nominal,31,0.0,50,50,1.0,0.5199964750061522,0.47876580906010907,0.2700514548964424,0.5859386677038043,1.0634160230833918,1.3721991043599522,0.016677839343367397,0.09484468513255905,0.09629986824008349,282.9348183499344,0.16831200337037444,0.15104998601600528,0.21481000585481524,0.49677384669473346,0.6773522309413375
7B_bg_uniform_200,7B_uniform,PSF Fitting (Known PSF),15.0,200.0,gaussian,nominal,31,0.0,50,50,1.0,0.24068781958319568,0.24301785011837848,0.1201252746181785,0.2689994574303186,0.43317322660517404,0.6192260708543945,0.06382014132548079,-0.015154658881112084,0.06559477208289705,128.06331031890403,4.096871996298432,3.798249992541969,6.093529937788844,0.23135937533895012,0.3077063216542439
7B_bg_uniform_50,7B_uniform,Binary Centroid,15.0,50.0,gaussian,nominal,31,0.0,50,50,1.0,0.735536261552102,0.6357991019302316,0.4818472297770333,0.8793124273555124,1.5682383721699438,2.3547575197910513,0.06414695995490263,0.15296820139909073,0.16587375654614164,419.02513608080193,0.0848859897814691,0.0754999928176403,0.12281500385142857,0.7175955734791172,1.0390294142206031
7B_bg_uniform_50,7B_uniform,Bounding Box Center,15.0,50.0,gaussian,nominal,31,0.0,50,50,1.0,3.585402591473598,3.496915520162072,2.519283329876615,4.381997288810183,7.844069801928898,8.70451488111855,0.309749963963946,1.14887164313055,1.1898954124481511,2094.1077091277393,0.15758800087496638,0.1562500256113708,0.21663501975126562,3.6806703455519165,5.055198032155059
7B_bg_uniform_50,7B_uniform,Gaussian Fitting,15.0,50.0,gaussian,nominal,31,0.0,50,50,1.0,0.1749291271759062,0.1620350631507629,0.09037277855044731,0.19689448605141932,0.32815861101979676,0.3871517453600175,0.023265420333576686,0.030508816362761877,0.03836753392068261,94.64940116878273,5.201919991523027,4.658650024794042,7.711604970972985,0.17215399030161982,0.22134697280012028
7B_bg_uniform_50,7B_uniform,Intensity-Weighted Centroid,15.0,50.0,gaussian,nominal,31,0.0,50,50,1.0,0.537823357427346,0.5325880294844438,0.23912375269385278,0.5885865551444525,0.9182535130099237,1.1459128025567342,0.09661157306671782,0.0053502852723153185,0.09675960729003043,285.48884350314813,0.17590799136087298,0.16280001727864146,0.23466504062525928,0.5186380623136189,0.6450387874681311
7B_bg_uniform_50,7B_uniform,PSF Fitting (Known PSF),15.0,50.0,gaussian,nominal,31,0.0,50,50,1.0,0.1701315739511254,0.16005975708497094,0.08878337239629205,0.19190424609462378,0.33584608488172807,0.36844223843940704,0.020599220146925744,0.02995816302590072,0.03635683433067236,92.08434890022187,3.5073820082470775,3.1227500294335186,5.303254962200298,0.16654277637878767,0.2153843081115435
7B_bg_uniform_500,7B_uniform,Binary Centroid,15.0,500.0,gaussian,nominal,31,0.0,50,0,0.0,,,,,,,,,,,0.058549989480525255,0.05124998278915882,0.08512994972988962,,
7B_bg_uniform_500,7B_uniform,Bounding Box Center,15.0,500.0,gaussian,nominal,31,0.0,50,0,0.0,,,,,,,,,,,0.12173799565061927,0.11570000788196921,0.16202000551857054,,
7B_bg_uniform_500,7B_uniform,Gaussian Fitting,15.0,500.0,gaussian,nominal,31,0.0,50,50,1.0,0.8108318675488575,0.8885243431103256,0.3188258296152348,0.8712624329457862,1.2718427127778127,1.365304438582197,0.5487279059509836,0.5221524421890166,0.7574598917786379,423.83662724473345,23.732514001894742,21.77370002027601,31.57419503550045,0.7966952327696856,0.9473310174483813
7B_bg_uniform_500,7B_uniform,Intensity-Weighted Centroid,15.0,500.0,gaussian,nominal,31,0.0,50,0,0.0,,,,,,,,,,,0.1522760046645999,0.13880000915378332,0.2095600182656198,,
7B_bg_uniform_500,7B_uniform,PSF Fitting (Known PSF),15.0,500.0,gaussian,nominal,31,0.0,50,50,1.0,1.0702455714366406,1.1202846355567622,0.31034660623248134,1.1143341505938695,1.5269166533917364,1.6297286110366014,0.5785661348159391,0.8494993157234458,1.027807306731402,544.3851558367916,16.51128399418667,16.018050024285913,21.844090020749718,1.0356710899248893,1.1920355649450582
7B_gradient_horizontal,7B_gradient,Binary Centroid,15.0,10.0,gaussian,nominal,31,0.0,50,50,1.0,0.7375994345190354,0.6546650729860027,0.46548573175233304,0.8721983101725235,1.5821664542528673,2.289814374107034,0.02751300421532335,-0.13161087908829586,0.13445589944419112,415.1893082701667,0.08994799107313156,0.08230004459619522,0.13556498452089727,0.7288194121233746,1.0169715083929551
7B_gradient_horizontal,7B_gradient,Bounding Box Center,15.0,10.0,gaussian,nominal,31,0.0,50,50,1.0,3.5256834172643106,3.122766721400235,2.2366017645733054,4.175264184703162,7.194247579089405,7.469527763116913,-0.11975434266321372,-0.4581558223513656,0.47354816031862534,2018.2480077724397,0.16488800989463925,0.1545000122860074,0.25270499754697084,3.5970653284005216,4.7349191521408835
7B_gradient_horizontal,7B_gradient,Gaussian Fitting,15.0,10.0,gaussian,nominal,31,0.0,50,50,1.0,0.15184715846742394,0.15061690255824633,0.06993971360728249,0.16717991229241522,0.28041521631562044,0.30878382523251435,0.009447131684602254,-0.019307935722667934,0.02149522456121109,81.08279977996722,5.134207992814481,4.6225999831222,7.772169972304253,0.14635408221811058,0.1861636228286867
7B_gradient_horizontal,7B_gradient,Intensity-Weighted Centroid,15.0,10.0,gaussian,nominal,31,0.0,50,50,1.0,0.49465343375539234,0.46254286675982287,0.24757948150025053,0.553152437566656,0.9641829672227918,1.1432191403665277,0.199848939686525,-0.011222854705103487,0.20016381081893944,269.6837546869201,0.1739500043913722,0.15139998868107796,0.27127502253279084,0.47962634674272947,0.6282581908680172
7B_gradient_horizontal,7B_gradient,PSF Fitting (Known PSF),15.0,10.0,gaussian,nominal,31,0.0,50,50,1.0,0.14626487942374122,0.1384011504272185,0.07276371688841556,0.1633645415880051,0.2705508894912411,0.30839935337276175,0.011671485383040477,-0.016687341429598063,0.020363961673370616,79.20099875950781,3.5038259997963905,3.102749993558973,5.186459992546588,0.14125418094355136,0.18247465806631671
7B_gradient_twod,7B_gradient,Binary Centroid,15.0,10.0,gaussian,nominal,31,0.0,50,50,1.0,0.6825387545079984,0.6375955629716561,0.35992915869410996,0.7716269504647821,1.3487510805461091,1.5830623584487502,0.07453071647418369,0.0750564819161292,0.10577477570659928,371.90249081636387,0.08493799017742276,0.07209996692836285,0.12222493533045052,0.6605147222738801,0.8694054398181675
7B_gradient_twod,7B_gradient,Bounding Box Center,15.0,10.0,gaussian,nominal,31,0.0,50,50,1.0,3.891371771408293,4.355093868765581,2.418891558049865,4.581900329876047,7.35405115279121,8.894729171528486,0.12008913967703677,0.373810775083366,0.39262691838028335,2213.9346371712513,0.1590800122357905,0.14560006093233824,0.21965504274703562,4.003813293021546,5.072731684015358
7B_gradient_twod,7B_gradient,Gaussian Fitting,15.0,10.0,gaussian,nominal,31,0.0,50,50,1.0,0.19557727491820423,0.1868457681052433,0.08841658417109223,0.21463448656009285,0.35161208748457223,0.3856185475145494,0.017812828798019497,-0.01169162690000121,0.021307064775711943,104.15673040848617,4.842421996872872,4.5629500527866185,7.1126900031231335,0.18971264832906062,0.2375890426895601
7B_gradient_twod,7B_gradient,Intensity-Weighted Centroid,15.0,10.0,gaussian,nominal,31,0.0,50,50,1.0,0.5262225178587022,0.4807924204998708,0.25416329835992474,0.5843878168945246,0.897152614821625,1.1396732395846791,0.05015175278727042,0.11799202731699608,0.12820809965836885,280.55472928624476,0.1807039976119995,0.15430001076310873,0.23295501596294335,0.5153333155117428,0.6583714594211
7B_gradient_twod,7B_gradient,PSF Fitting (Known PSF),15.0,10.0,gaussian,nominal,31,0.0,50,50,1.0,0.19395571487318528,0.18694707693591736,0.08643766360779291,0.21234474098018608,0.35071996655359106,0.3878995310742929,0.015898332647942083,-0.009511333895146095,0.018526263882649847,103.11561510131203,3.3364100009202957,3.103800059761852,5.380159994820133,0.18754739691087943,0.2354004491484352
7B_gradient_vertical,7B_gradient,Binary Centroid,15.0,10.0,gaussian,nominal,31,0.0,50,50,1.0,0.9849911741453995,0.9573347475625082,0.6042504865463678,1.1555631802873674,1.853690437584391,2.9595309247309185,0.270667380714454,0.2238221577581396,0.35122242138897214,555.2997641501529,0.08529199752956629,0.07135001942515373,0.12449501664377748,0.9723826129767511,1.345082890806073
7B_gradient_vertical,7B_gradient,Bounding Box Center,15.0,10.0,gaussian,nominal,31,0.0,50,50,1.0,4.154170623890168,4.4077191159566205,2.6753207054012678,4.941100530159325,8.388126523166523,8.824196646471199,1.1462427185404345,0.44784575226104467,1.2306251206704772,2366.34434792869,0.15978800365701318,0.1481499639339745,0.23183995508588845,4.267222387206386,5.5510128113485315
7B_gradient_vertical,7B_gradient,Gaussian Fitting,15.0,10.0,gaussian,nominal,31,0.0,50,50,1.0,0.1893409024063134,0.17459274762432891,0.10345886960829094,0.21576309931186674,0.35125784910048463,0.5513591562895396,0.026335121247317943,0.014342565940646637,0.029987460860712,104.30384662599839,5.553459995426238,5.046500009484589,7.913105026818811,0.18454897114953664,0.2471108335779598
7B_gradient_vertical,7B_gradient,Intensity-Weighted Centroid,15.0,10.0,gaussian,nominal,31,0.0,50,50,1.0,0.46064241573069553,0.40505482376596535,0.24332183537272847,0.520957724522215,0.9370496992898322,1.2693174295099048,-0.01165909450156704,0.06947780245976219,0.07044926911781418,251.1451029633356,0.168914005625993,0.14910002937540412,0.21757996291853485,0.445331500217101,0.6024038248315795
7B_gradient_vertical,7B_gradient,PSF Fitting (Known PSF),15.0,10.0,gaussian,nominal,31,0.0,50,50,1.0,0.1906586033421258,0.17636187166644968,0.10506783625158132,0.21769233620630554,0.35223220068624345,0.5665231218473799,0.022840188842728537,0.016040515311915728,0.027910076277991504,105.25041255815223,3.6149679985828698,3.26475000474602,5.453260015929118,0.185125505841938,0.2509179908121788
7C_psf_elliptical,7C_psf,Binary Centroid,15.0,10.0,elliptical,elliptical,31,0.0,50,50,1.0,0.7616202201313778,0.697373326829134,0.4277722183324218,0.8735298681155723,1.7594190257961135,1.8829528012922438,0.018385413332490542,0.0014213037211229108,0.018440269186598083,421.1577897122272,0.09080200921744108,0.07690000347793102,0.12360500986687838,0.7412465057078886,1.0126475805812347
7C_psf_elliptical,7C_psf,Bounding Box Center,15.0,10.0,elliptical,elliptical,31,0.0,50,50,1.0,2.226789208624745,1.9955860213811423,1.293222211479805,2.575075507225436,4.379935787022496,5.413879492667457,0.09366868919425202,0.22626382406137538,0.24488597635276385,1251.6363803940753,0.16648000804707408,0.15059998258948326,0.2401750185526907,2.191823806804929,2.9381627393815664
7C_psf_elliptical,7C_psf,Gaussian Fitting,15.0,10.0,elliptical,elliptical,31,0.0,50,50,1.0,0.1805431364275966,0.17548313725440084,0.0950021584125001,0.20401282855288172,0.3147482864605186,0.5581476840567609,0.006556763843509259,-0.012636921455540745,0.014236675734631884,99.55928777040974,5.430424001533538,5.0363000482320786,7.90030502830632,0.17380293968568597,0.2354745696748726
7C_psf_elliptical,7C_psf,Intensity-Weighted Centroid,15.0,10.0,elliptical,elliptical,31,0.0,50,50,1.0,0.46435439203784545,0.4569502500966372,0.1963996901190729,0.5041803642385381,0.743386792282518,1.0142617528951658,0.010791433433013538,-0.009198871326151164,0.01418006591008125,243.21268720805662,0.17332799034193158,0.1537000061944127,0.23137495154514906,0.4459889537446819,0.5632982899336462
7C_psf_elliptical,7C_psf,PSF Fitting (Known PSF),15.0,10.0,elliptical,elliptical,31,0.0,50,50,1.0,0.17953241441533016,0.17153230601917668,0.09406139067492132,0.202680618317337,0.3201852636716559,0.5213194964099691,0.008182886503437885,-0.014739325529199902,0.0168584503612838,98.85409880506054,3.6103919986635447,3.301400050986558,5.432295001810416,0.17462860446197306,0.23172590012466177
7C_psf_narrow,7C_psf,Binary Centroid,15.0,10.0,gaussian,narrow,31,0.0,50,50,1.0,2.1953078958907373,1.991495588029493,1.1517964270705825,2.4791151177734316,4.365890617687585,5.347321265810973,0.47969867897628093,-0.5034244479380027,0.6953754362883922,1196.9457217938614,0.09375000139698386,0.07935002213343978,0.14685005880892268,2.142749725232612,2.8344593178385913
7C_psf_narrow,7C_psf,Bounding Box Center,15.0,10.0,gaussian,narrow,31,0.0,50,50,1.0,3.1720555364998653,2.607440645384842,2.193078754811414,3.8563623729422303,7.174429028982033,8.178610768698993,0.524618332832066,-0.8303187274265497,0.9821677984228262,1875.4466277057077,0.16834600362926722,0.16075005987659097,0.22164999390952286,3.1913711027905416,4.486712664679204
7C_psf_narrow,7C_psf,Gaussian Fitting,15.0,10.0,gaussian,narrow,31,0.0,50,50,1.0,0.18987596965024203,0.1624915159709192,0.11584003800538807,0.22242256687600154,0.3591368450326928,0.7371072459205971,-0.006168505953918952,0.0007599431167886905,0.006215141128267971,107.54842690423168,9.042875999584794,8.554250001907349,13.271099957637489,0.17994521704237967,0.26998389882210333
7C_psf_narrow,7C_psf,Intensity-Weighted Centroid,15.0,10.0,gaussian,narrow,31,0.0,50,50,1.0,0.6699556004883305,0.645416737562782,0.3451713064782579,0.7536469580921739,1.2551910737092167,1.5689769751417233,0.15542924177069437,-0.02051371799011406,0.15677710873463285,362.839117905751,0.16667800256982446,0.1550000160932541,0.21672995644621548,0.6587250800630651,0.8505918257768003
7C_psf_narrow,7C_psf,PSF Fitting (Known PSF),15.0,10.0,gaussian,narrow,31,0.0,50,50,1.0,0.183552005826947,0.15088070930002517,0.10983794599138243,0.21390585130543163,0.35182280266202026,0.7026544041789755,-0.004620847822976657,0.004138610756560865,0.0062032518566820585,103.34634070622559,4.56751199439168,4.360100021585822,6.57667999039404,0.17417796491940582,0.25917478910464714
7C_psf_nominal,7C_psf,Binary Centroid,15.0,10.0,gaussian,nominal,31,0.0,50,50,1.0,0.9891285910802269,0.9193946743573872,0.5969725893329648,1.1553145208588265,2.136969386494912,2.8715299317672196,0.053610625729882885,-0.02132383511552007,0.0576957982454829,555.0343293258486,0.0789239932782948,0.07105001714080572,0.11620495351962744,0.9650018816181017,1.3482749965700767
7C_psf_nominal,7C_psf,Bounding Box Center,15.0,10.0,gaussian,nominal,31,0.0,50,50,1.0,2.5778801682598083,1.9416243308857164,1.7325627322775576,3.1060006090122223,6.078519427493558,7.659693879921584,0.3034010069400719,-0.37396290803282395,0.48156040908344605,1488.263492472791,0.14585600700229406,0.13085000682622194,0.19750999053940177,2.505182935448451,3.6624727333107137
7C_psf_nominal,7C_psf,Gaussian Fitting,15.0,10.0,gaussian,nominal,31,0.0,50,50,1.0,0.20104732823507088,0.20919768751326034,0.10704121172124967,0.22776709419319932,0.389974022882986,0.4754988340851437,-0.007904463884564734,-0.034910744691089804,0.03579442197031324,108.47216115696052,4.91507800295949,4.577799991238862,7.021660043392329,0.19423639924410577,0.2602076077002707
7C_psf_nominal,7C_psf,Intensity-Weighted Centroid,15.0,10.0,gaussian,nominal,31,0.0,50,50,1.0,0.6225509427801589,0.6046410304965661,0.2604805148671816,0.6748479643459975,1.0339015627744388,1.245750158230437,-0.06013844025302546,-0.08210358484860364,0.10177244539195553,322.06398150580816,0.15553599456325173,0.14065002324059606,0.20645500626415014,0.5999636060350314,0.7444893992312779
7C_psf_nominal,7C_psf,PSF Fitting (Known PSF),15.0,10.0,gaussian,nominal,31,0.0,50,50,1.0,0.19858062455027492,0.20077462617977315,0.10846024693825804,0.22626950659044878,0.3991136432256407,0.4544331176479073,-0.005309264967100944,-0.03417087155535626,0.03458087270939733,107.769250478134,3.4580060141161084,3.2142000272870064,5.321020056726411,0.19251693630534697,0.25886115222732137
7C_psf_wide,7C_psf,Binary Centroid,15.0,10.0,gaussian,wide,31,0.0,50,50,1.0,0.612035288159482,0.616119875867899,0.29390909145809513,0.6789475296325801,1.0575727323438042,1.366708899196619,0.14406692370570626,-0.10755182788747021,0.17978507776776637,329.97616487887996,0.08596999105066061,0.07459998596459627,0.1193649775814265,0.5915065956735887,0.7572478800154461
7C_psf_wide,7C_psf,Bounding Box Center,15.0,10.0,gaussian,wide,31,0.0,50,50,1.0,2.1385478885849922,1.717592534202404,1.3334261664518166,2.520200867619428,4.305337506923747,4.548198592720059,0.40888606874525835,-0.18010006848850396,0.44679285120010137,1221.4580843845206,0.1606840011663735,0.14590000500902534,0.2243600261863321,2.122671789679362,2.8456271196085394
7C_psf_wide,7C_psf,Gaussian Fitting,15.0,10.0,gaussian,wide,31,0.0,50,50,1.0,0.19735808461118254,0.17433459242535862,0.08992165947644752,0.21687811877732818,0.3536637654705922,0.42385390884313223,-0.017346432600120636,-0.035481786921587,0.0394950114204241,105.0465248458678,5.424549991730601,4.919799976050854,7.51691001933068,0.18916194445150822,0.24180988291536545
7C_psf_wide,7C_psf,Intensity-Weighted Centroid,15.0,10.0,gaussian,wide,31,0.0,50,50,1.0,0.4115002853888168,0.3792372282394165,0.1692582416774379,0.44495037616661876,0.7056174335370868,0.8964255975883498,0.04298879443476892,-0.05839167874516505,0.07250947933638317,215.76839109678951,0.1769319991581142,0.1489499700255692,0.24739007349126038,0.3947464844565887,0.4977240825346493
7C_psf_wide,7C_psf,PSF Fitting (Known PSF),15.0,10.0,gaussian,wide,31,0.0,50,50,1.0,0.19576199300017574,0.17816154306767223,0.09005383052118875,0.21548190247661134,0.3362551932906899,0.4233039377257726,-0.016085332012865196,-0.038398120885889286,0.04163116132816226,104.34554079522722,3.711438002064824,3.4765999880619347,5.245234974427149,0.1889293240555738,0.24025268143282644
7D_roi_11px,7D_roi,Binary Centroid,15.0,10.0,gaussian,nominal,11,0.0,50,50,1.0,0.34388863320812063,0.3247244991069045,0.20456655490261316,0.40013356199458344,0.6050722271567714,1.1725956260472157,0.03926027177528283,0.038900300940516386,0.055268457126391814,194.43411445298196,0.08657799568027258,0.07905001984909177,0.11426000273786485,0.3319777449839583,0.47294355892100787
7D_roi_11px,7D_roi,Bounding Box Center,15.0,10.0,gaussian,nominal,11,0.0,50,50,1.0,0.6382673649272868,0.5596589072023221,0.47351295297414303,0.7947324995025151,1.580099645608623,2.18176210490901,0.11217380320504163,-0.04888773904705232,0.1223641007592345,384.44602825498055,0.16118800500407815,0.1470500137656927,0.22294006776064634,0.6243914256172283,0.9386522432762631
7D_roi_11px,7D_roi,Gaussian Fitting,15.0,10.0,gaussian,nominal,11,0.0,50,50,1.0,0.17785273137330568,0.1570929622858649,0.09310453424807598,0.2007487194342628,0.3729256811740995,0.4525071138589038,0.01760862125111828,0.01963234914587133,0.026372195118168094,97.39864643439459,4.718902008607984,4.454549984075129,7.283075014129278,0.1697818958382678,0.23326379188142712
7D_roi_11px,7D_roi,Intensity-Weighted Centroid,15.0,10.0,gaussian,nominal,11,0.0,50,50,1.0,0.20946631210553193,0.19026632874708982,0.09807102274878396,0.23128783238658407,0.37117891332169045,0.45189585796379567,0.005905453105126526,0.010694087827167494,0.01221629611756446,111.46312207743539,0.16365200281143188,0.16105000395327806,0.2237450098618865,0.20210321492853403,0.2586965078973753
7D_roi_11px,7D_roi,PSF Fitting (Known PSF),15.0,10.0,gaussian,nominal,11,0.0,50,50,1.0,0.17249984383172282,0.15453236786788005,0.09362757129830661,0.1962710325778826,0.3724834313686993,0.458473786903928,0.015174401734420827,0.016997092365221816,0.022785162208539916,95.25753065401267,3.139063981361687,2.745900012087077,4.487365047680214,0.16548729829929348,0.2287071928507334
7D_roi_15px,7D_roi,Binary Centroid,15.0,10.0,gaussian,nominal,15,0.0,50,50,1.0,0.40184177281940736,0.37611575877286363,0.21141564297163548,0.45406319436368575,0.7218604926899875,0.9949161510914148,-0.04622667925957842,-0.04196636700701788,0.062434620485237645,218.95374010341294,0.0879379897378385,0.08029997115954757,0.1277499774005264,0.3889885562937685,0.5171337762819896
7D_roi_15px,7D_roi,Bounding Box Center,15.0,10.0,gaussian,nominal,15,0.0,50,50,1.0,1.6406938907497999,1.7490502859136958,0.7722571934143914,1.813355347394434,2.747436139634395,3.0050033264594718,0.15512386854986546,-0.16886550822361585,0.22930105638983875,874.8441056138223,0.15452598920091987,0.14429999282583594,0.22005997016094614,1.6342745132665946,1.9974492470189669
7D_roi_15px,7D_roi,Gaussian Fitting,15.0,10.0,gaussian,nominal,15,0.0,50,50,1.0,0.20519934123060007,0.1992093478801395,0.09874640950264117,0.2277226888808745,0.3806416397397825,0.48293116039696976,-0.009923163835786682,-0.04721950319799987,0.04825091359526557,110.85091831590175,5.088218003511429,4.5232999837026,8.010104997083543,0.19899998340122502,0.25604323741194307
7D_roi_15px,7D_roi,Intensity-Weighted Centroid,15.0,10.0,gaussian,nominal,15,0.0,50,50,1.0,0.2931242971351038,0.2756824383311983,0.1453200719677492,0.32716933977324403,0.5199354032173477,0.6645866607464531,-0.014020242588611892,-0.026961524895545496,0.03038899516168059,157.81622437197103,0.17350400099530816,0.16354996478185058,0.2377649478148669,0.28537040224974985,0.36493622705941936
7D_roi_15px,7D_roi,PSF Fitting (Known PSF),15.0,10.0,gaussian,nominal,15,0.0,50,50,1.0,0.2005797289115231,0.19774302653963474,0.09642927289336037,0.22255523431490498,0.37925047171339366,0.44731535445291826,-0.012168395508145692,-0.04535901102901846,0.0469628547979494,108.31986955364849,3.3421440050005913,3.077800036408007,5.040629982249811,0.19401504166916292,0.24882543979141505
7D_roi_21px,7D_roi,Binary Centroid,15.0,10.0,gaussian,nominal,21,0.0,50,50,1.0,0.5625310410549411,0.5667679830906361,0.25134779313850697,0.6161305748507807,0.9535086956171488,1.169391244678174,0.016525497164310253,0.007331713126804687,0.018078884752699385,295.7052080834545,0.08290399331599474,0.06864994065836072,0.1232850074302405,0.5464402503799427,0.6782947027924658
7D_roi_21px,7D_roi,Bounding Box Center,15.0,10.0,gaussian,nominal,21,0.0,50,50,1.0,2.5088942455595373,2.3235360579406903,1.1367228644897032,2.7543945262172294,4.300201303251458,4.726276180715989,-0.10365509489729817,0.13120556174076967,0.167210281172776,1323.7817769665735,0.1556880003772676,0.13925001258030534,0.24405499571003017,2.430160990044548,3.049751313511579
7D_roi_21px,7D_roi,Gaussian Fitting,15.0,10.0,gaussian,nominal,21,0.0,50,50,1.0,0.18047945356194936,0.16656110815880149,0.08762051150592452,0.20062449300765764,0.36348122673780037,0.43284663961530156,0.008711276818850991,-0.028038121444697594,0.02936022135410872,97.31942731849357,4.894479997456074,4.336000012699515,7.47442502179183,0.17358151853813608,0.22827380589439678
7D_roi_21px,7D_roi,Intensity-Weighted Centroid,15.0,10.0,gaussian,nominal,21,0.0,50,50,1.0,0.34807978215539637,0.31144265807899946,0.1779812078719897,0.39094353185712194,0.6695163128548769,0.9884538453723102,-0.024269268826720918,0.06676454001366608,0.07103873037027102,188.2060554110807,0.15843200031667948,0.1413499703630805,0.21279004286043343,0.33480844332545445,0.44846359266142966
7D_roi_21px,7D_roi,PSF Fitting (Known PSF),15.0,10.0,gaussian,nominal,21,0.0,50,50,1.0,0.1767164021808154,0.1692884405099731,0.08514502455762274,0.196159022241267,0.3526578556612306,0.42611723291539294,0.006269598759352278,-0.027006887256001165,0.02772507579541722,95.19910066404313,3.3181240037083626,3.068949969019741,4.796335054561495,0.16964352479399233,0.22215572485852572
7D_roi_31px,7D_roi,Binary Centroid,15.0,10.0,gaussian,nominal,31,0.0,50,50,1.0,1.139182580510962,1.0921269218788663,0.6163471117563099,1.2952299849486035,2.070215817894382,3.218765226493546,0.07346076873073201,-0.07658348337472745,0.10612028302034088,621.5164651800848,0.08774199290201068,0.07604999700561166,0.12021498405374587,1.1005447984966208,1.4899079106793782
7D_roi_31px,7D_roi,Bounding Box Center,15.0,10.0,gaussian,nominal,31,0.0,50,50,1.0,2.7312024503630723,1.9544515509185005,1.8183155321053273,3.281118437235195,5.944843468461127,8.440108108246175,0.220919472150332,0.17120098031204692,0.279490945890895,1567.925181450092,0.15685399994254112,0.14760001795366406,0.20240502781234682,2.682071204825905,3.845092836627648
7D_roi_31px,7D_roi,Gaussian Fitting,15.0,10.0,gaussian,nominal,31,0.0,50,50,1.0,0.19465415887881427,0.19848472020387897,0.10939859987749861,0.22328971141540693,0.370345966502461,0.47749804924206335,0.033667424436653735,-0.014317951247665803,0.03658550527365071,107.18360055216372,5.526819997467101,5.128449993208051,8.100970007944852,0.19212142290939432,0.2521188914138056
7D_roi_31px,7D_roi,Intensity-Weighted Centroid,15.0,10.0,gaussian,nominal,31,0.0,50,50,1.0,0.5155120632950891,0.48191429552818343,0.26493654738171074,0.5796068163344021,0.9777718321257021,1.1075835237895064,-0.01340567184862806,0.04851670995367385,0.05033471150649435,280.5802006079635,0.16627999488264322,0.14834996545687318,0.21531994570977983,0.5059013687980178,0.6562547163420873
7D_roi_31px,7D_roi,PSF Fitting (Known PSF),15.0,10.0,gaussian,nominal,31,0.0,50,50,1.0,0.19459192629305214,0.20330025174338945,0.10821843530397328,0.22265948782407835,0.3640738703287732,0.47475806197832976,0.030528066520640208,-0.013427600343239022,0.03335061163556654,106.81730716081275,3.818286000750959,3.470049996394664,5.317355028819293,0.19183308416610534,0.25113394712936676
7D_roi_41px,7D_roi,Binary Centroid,15.0,10.0,gaussian,nominal,41,0.0,50,50,1.0,1.4324111377962947,1.3054826723928543,0.760958084227455,1.621992254492602,2.994887997410271,3.36410214668178,0.3055023446973888,-0.14168763396309003,0.33675965945115927,781.4963855892503,0.10457199532538652,0.09929999941959977,0.13305996544659138,1.3739217374727564,1.8562609797128693
7D_roi_41px,7D_roi,Bounding Box Center,15.0,10.0,gaussian,nominal,41,0.0,50,50,1.0,2.0574206883860353,1.6668741928773307,1.479884669347929,2.5343714257326013,4.560242437122203,7.697754112381347,0.28104378865656315,-0.16053569141404325,0.3236623539434573,1216.2060632849573,0.17894200049340725,0.17844996182247996,0.24690001737326384,1.9302099182667667,3.1583945247153595
7D_roi_41px,7D_roi,Gaussian Fitting,15.0,10.0,gaussian,nominal,41,0.0,50,50,1.0,0.18514480586020718,0.1767971822257161,0.08198689747306366,0.20248567972642528,0.30704088707738053,0.4486837622024351,-0.016761926527935317,-0.03045427716268108,0.03476241042317549,97.88834369984994,7.361569998320192,7.162049936596304,9.47337499819696,0.1748658516437825,0.229649983335091
7D_roi_41px,7D_roi,Intensity-Weighted Centroid,15.0,10.0,gaussian,nominal,41,0.0,50,50,1.0,0.6522555784832283,0.621374603890112,0.25621335030331216,0.7007728737159699,1.1024429715094246,1.2767208180783107,-0.057229817148000565,0.03740756614778945,0.06837088544033068,336.3684083136023,0.18484201282262802,0.18144998466596007,0.2540350600611418,0.6286073462616105,0.7732137661904459
7D_roi_41px,7D_roi,PSF Fitting (Known PSF),15.0,10.0,gaussian,nominal,41,0.0,50,50,1.0,0.18610728042351635,0.17623629053624895,0.0823389709412045,0.20350829457860892,0.31326972731022573,0.44219480467420125,-0.019213013695380424,-0.03051193811261072,0.036057152725175935,98.33931461696106,4.425550003070384,4.415450035594404,6.192299979738891,0.17679954795823558,0.23021909170464905
7E_subpixel_0.25px,7E_subpixel,Binary Centroid,15.0,10.0,gaussian,nominal,31,0.25,50,50,1.0,1.0319389836554123,0.863571673674824,0.570105523924542,1.1789479947805335,1.9999311495010166,2.4676799720475766,-0.17468538554404175,0.07186760231789321,0.18889133433165578,589.4738979572644,0.09157199412584305,0.07479998748749495,0.14534504734911013,1.017127995640449,1.3367671891756434
7E_subpixel_0.25px,7E_subpixel,Bounding Box Center,15.0,10.0,gaussian,nominal,31,0.25,50,50,1.0,2.1217564317992528,1.7677669529663689,1.4741606574992099,2.583602136552763,4.911720676097125,6.254998001598402,-0.56,-0.58,0.806225774829855,1291.7994675167902,0.15758999856188893,0.15094998525455594,0.19979500793851912,2.1010710237045345,3.0274163792823225
7E_subpixel_0.25px,7E_subpixel,Gaussian Fitting,15.0,10.0,gaussian,nominal,31,0.25,50,50,1.0,0.1933964447016868,0.18093466168609443,0.09970990848276423,0.21758734033232224,0.3714958152236102,0.4790986516980702,0.00887073887071665,-0.016397808464771516,0.01864344738935843,108.79366817947846,5.261612010654062,5.034750036429614,7.472660025814548,0.18773525807400862,0.24717474139645834
7E_subpixel_0.25px,7E_subpixel,Intensity-Weighted Centroid,15.0,10.0,gaussian,nominal,31,0.25,50,50,1.0,0.5330927833343355,0.545571688187247,0.28886702017136473,0.6063267031772824,0.9929974756615737,1.1884463820094073,-0.15404320877326655,-0.18670383767696422,0.2420488239435804,303.1633419297863,0.1673079957254231,0.15780003741383553,0.22259006509557366,0.520018746073368,0.6806483588596668
7E_subpixel_0.25px,7E_subpixel,PSF Fitting (Known PSF),15.0,10.0,gaussian,nominal,31,0.25,50,50,1.0,0.19540291247680477,0.17686323883225263,0.09805051854264323,0.21862342598838544,0.37936347887222743,0.4808425738412657,0.009190343326486073,-0.015576902400075596,0.018085969668230895,109.31171098002415,3.4416399989277124,3.1731000053696334,4.931239987490699,0.18841356814664595,0.2486284231373788
7E_subpixel_0.5px,7E_subpixel,Binary Centroid,15.0,10.0,gaussian,nominal,31,0.5,50,50,1.0,0.9025276470979081,0.8508153445503688,0.50196277258982,1.0327258972458013,1.6429907430066943,2.8053338409508313,-0.12451278774828552,-0.07612668045832152,0.1459407612370615,516.3628707870054,0.08670999901369214,0.07755000842735171,0.11736502638086677,0.865850553900942,1.2044502599116231
7E_subpixel_0.5px,7E_subpixel,Bounding Box Center,15.0,10.0,gaussian,nominal,31,0.5,50,50,1.0,2.4217675989611553,2.0,1.5248087409973485,2.8618176042508368,4.991102156545869,6.946221994724902,0.01,-0.25,0.2501999200639361,1430.906887703266,0.15488200122490525,0.1383500057272613,0.23894000914879138,2.4176176235966067,3.3213323564415105
7E_subpixel_0.5px,7E_subpixel,Gaussian Fitting,15.0,10.0,gaussian,nominal,31,0.5,50,50,1.0,0.17943603119787052,0.15647984534345735,0.09303966984752425,0.20212290681013742,0.35943854163057487,0.4725559981724146,-0.019861269993562018,-0.02222632186836563,0.029807372067214434,101.06144639654315,5.112399987410754,4.486149991862476,7.641715049976483,0.17209744187394344,0.23202260507963116
7E_subpixel_0.5px,7E_subpixel,Intensity-Weighted Centroid,15.0,10.0,gaussian,nominal,31,0.5,50,50,1.0,0.6533549943891351,0.6199775819972358,0.28709070892798766,0.7136482493820057,1.1510291773612056,1.2683964026313677,-0.38586339418767013,-0.33022790988538875,0.507878953532534,356.82411513225185,0.16364600276574492,0.1471999567002058,0.21257498883642256,0.6343696057641551,0.7955243679502435
7E_subpixel_0.5px,7E_subpixel,PSF Fitting (Known PSF),15.0,10.0,gaussian,nominal,31,0.5,50,50,1.0,0.1778659648797481,0.161583071228985,0.09377448997191898,0.20107201802363578,0.34917086638386213,0.47285018760971365,-0.023160559938376082,-0.023300657217123443,0.032853191068890064,100.53600222049509,3.235112007241696,2.921000006608665,4.7757350315805525,0.17182577717619854,0.23060656643626345
7E_subpixel_0.75px,7E_subpixel,Binary Centroid,15.0,10.0,gaussian,nominal,31,0.75,50,50,1.0,1.1532423438490815,1.011797946360186,0.6283754505784966,1.313325401618446,2.26723060571709,3.2034628468655977,0.11599690355042867,0.2950711597802024,0.31705247352342353,656.6623896384768,0.09069199906662107,0.08620001608505845,0.11944497819058597,1.1156404935629087,1.4982399342485837
7E_subpixel_0.75px,7E_subpixel,Bounding Box Center,15.0,10.0,gaussian,nominal,31,0.75,50,50,1.0,3.122618922055775,2.7613402542968153,1.8450612639203143,3.6269822166644268,6.5533771955394124,7.458216945088149,0.16,0.8,0.8158431221748457,1813.4868700724671,0.15426600351929665,0.14745001681149006,0.20641999435611066,3.0355806584301956,4.140772806129732
7E_subpixel_0.75px,7E_subpixel,Gaussian Fitting,15.0,10.0,gaussian,nominal,31,0.75,50,50,1.0,0.20646549677411893,0.19412024257622196,0.08635325259347243,0.22379652721089255,0.39493387769968613,0.459798495952498,-0.015340000192200023,-0.007095185972821128,0.016901398459465252,111.89824888660765,5.515730008482933,5.3392500267364085,7.544280024012549,0.19815151879727985,0.2517008316768642
7E_subpixel_0.75px,7E_subpixel,Intensity-Weighted Centroid,15.0,10.0,gaussian,nominal,31,0.75,50,50,1.0,0.5400573142525079,0.5220454782529484,0.2640123876632147,0.6011359609250336,1.0446139227684612,1.2222974432487712,0.16744056180949657,0.2509860329383332,0.3017123306548838,300.56788875671896,0.1685200002975762,0.16000005416572094,0.22615996422246093,0.5205203029711993,0.6765181112296075
7E_subpixel_0.75px,7E_subpixel,PSF Fitting (Known PSF),15.0,10.0,gaussian,nominal,31,0.75,50,50,1.0,0.2060314369936711,0.19595829624782435,0.0818338578132208,0.22168836982185489,0.3873597181277795,0.44823387971196443,-0.014657630880108172,-0.0065209393420923335,0.01604271775357119,110.84417028207785,3.8357700034976006,3.4849499934352934,5.38121503777802,0.19577162376581614,0.24858748038901587
7E_subpixel_0px,7E_subpixel,Binary Centroid,15.0,10.0,gaussian,nominal,31,0.0,50,50,1.0,1.0703209373353628,1.072251733226603,0.4796020499922402,1.172861899481439,1.8386764785324927,2.1131488172572235,0.043026404464139884,0.13512837214798765,0.14181307570346538,586.4308649978665,0.08692198898643255,0.08730002446100116,0.11328499531373382,1.0426232755079403,1.299768344828616
7E_subpixel_0px,7E_subpixel,Bounding Box Center,15.0,10.0,gaussian,nominal,31,0.0,50,50,1.0,2.996371346656308,2.621046080181822,1.7282241616575842,3.4590461112855952,6.064204735722799,8.200609733428363,0.18,-0.21,0.2765863337187866,1729.5202988582716,0.16100400360301137,0.15694997273385525,0.23201507283374662,2.9520543427482377,4.016839553678987
7E_subpixel_0px,7E_subpixel,Gaussian Fitting,15.0,10.0,gaussian,nominal,31,0.0,50,50,1.0,0.1949096848914422,0.18220876325650648,0.10041456356120687,0.21925526182892152,0.38238288365537915,0.46742670746233655,0.029813012234069448,0.004204519741463173,0.030108033557924834,109.62763035687915,5.605146002490073,5.33884996548295,7.388669985812157,0.19050247968558226,0.2474607150425024
7E_subpixel_0px,7E_subpixel,Intensity-Weighted Centroid,15.0,10.0,gaussian,nominal,31,0.0,50,50,1.0,0.44128988650628,0.4089120962467605,0.22518220031428396,0.49542283684859323,0.8562215513357836,1.1399041390263351,-0.05548857605728017,0.03781008150982643,0.0671459927072665,247.71141162425516,0.17405199585482478,0.1724000321701169,0.21728001302108166,0.42904660546115897,0.569160178065073
7E_subpixel_0px,7E_subpixel,PSF Fitting (Known PSF),15.0,10.0,gaussian,nominal,31,0.0,50,50,1.0,0.19416908834510405,0.1844888278221914,0.10226267738577355,0.2194522500565342,0.37662048325969,0.4377895305431872,0.028654137831854314,0.004367696525912379,0.028985106310472138,109.72612446338069,3.703536002431065,3.627949976362288,5.249770008958876,0.19120480943489587,0.247143758939456
