horizon_sec,nominal_confidence,total_evaluations,successful_coverages,empirical_coverage,ci_lower,ci_upper,rmse_pred_px,mean_sigma_u_px,mean_sigma_v_px
0.5,0.5,2400,800,0.3333333333333333,0.3147531061325134,0.3524462438643563,488.58823546747345,0.16404005432279534,0.16404005432279534
0.5,0.9,2400,801,0.33375,0.3151632362414767,0.35286811538040086,488.58823546747345,0.16404005432279534,0.16404005432279534
0.5,0.95,2400,802,0.33416666666666667,0.3155733828662977,0.3532899703805877,488.58823546747345,0.16404005432279534,0.16404005432279534
1.0,0.5,2400,802,0.33416666666666667,0.3155733828662977,0.3532899703805877,509.71846343919185,0.42657669641746165,0.42657669641746165
1.0,0.9,2400,804,0.335,0.31639372560207,0.3541336308948311,509.71846343919185,0.42657669641746165,0.42657669641746165
1.0,0.95,2400,804,0.335,0.31639372560207,0.3541336308948311,509.71846343919185,0.42657669641746165,0.42657669641746165
2.0,0.5,2400,800,0.3333333333333333,0.3147531061325134,0.3524462438643563,548.6702963666633,1.1750045358106804,1.1750045358106804
2.0,0.9,2400,802,0.33416666666666667,0.3155733828662977,0.3532899703805877,548.6702963666633,1.1750045358106804,1.1750045358106804
2.0,0.95,2400,803,0.33458333333333334,0.31598354599160017,0.3537118088802931,548.6702963666633,1.1750045358106804,1.1750045358106804
3.0,0.5,2400,802,0.33416666666666667,0.3155733828662977,0.3532899703805877,599.5913176883042,2.1441483848674103,2.1441483848674103
3.0,0.9,2400,807,0.33625,0.31762436319227455,0.35539899817964987,599.5913176883042,2.1441483848674103,2.1441483848674103
3.0,0.95,2400,807,0.33625,0.31762436319227455,0.35539899817964987,599.5913176883042,2.1441483848674103,2.1441483848674103
4.0,0.5,2400,800,0.3333333333333333,0.3147531061325134,0.3524462438643563,671.3394910212483,3.2912273836370565,3.2912273836370565
4.0,0.9,2400,804,0.335,0.31639372560207,0.3541336308948311,671.3394910212483,3.2912273836370565,3.2912273836370565
4.0,0.95,2400,804,0.335,0.31639372560207,0.3541336308948311,671.3394910212483,3.2912273836370565,3.2912273836370565
5.0,0.5,2400,805,0.33541666666666664,0.31680392168245536,0.3545554364394535,746.2459797585394,4.591846236454743,4.591846236454743
5.0,0.9,2400,814,0.33916666666666667,0.32049642506601905,0.3583509476809602,746.2459797585394,4.591846236454743,4.591846236454743
5.0,0.95,2400,815,0.33958333333333335,0.3209067850202099,0.3587725893517772,746.2459797585394,4.591846236454743,4.591846236454743
