scenario_id,threshold_method,baseline_method,matching_image_count,baseline_pd,method_pd,detection_rate_difference,baseline_pfa,method_pfa,false_alarm_rate_difference,paired_successful_localizations,mean_radial_error_diff_px,std_radial_error_diff_px,se_radial_error_diff_px,diff_ci_lower_px,diff_ci_upper_px,runtime_difference_ms
factorial_snr30_bg0,otsu,global,1000,0.021,1.0,0.979,0.0,1.0,1.0,21,-0.3723476022734306,0.24316084112584882,0.05306204573849206,-0.47634921192087504,-0.2683459926259862,69.36718640092295
factorial_snr30_bg0,adaptive,global,1000,0.021,1.0,0.979,0.0,0.994,0.994,21,0.08684399841453104,0.4443027621735073,0.09695481138752664,-0.10318743190502118,0.2768754287340833,54.51185899809934
factorial_snr30_bg0,mu_plus_2sigma,global,1000,0.021,1.0,0.979,0.0,1.0,1.0,21,-0.6095468236846072,0.0577791061498349,0.012608434643738425,-0.6342593555863345,-0.5848342917828799,46.8336180022452
factorial_snr30_bg0,mu_plus_3sigma,global,1000,0.021,1.0,0.979,0.0,1.0,1.0,21,-0.6372558246319159,0.037964500992401805,0.00828453331042416,-0.6534935099203473,-0.6210181393434845,7.324786301585846
factorial_snr30_bg0,mu_plus_4sigma,global,1000,0.021,1.0,0.979,0.0,1.0,1.0,21,-0.654924553969961,0.03361249358706447,0.007334847436140032,-0.6693008549447954,-0.6405482529951265,-0.20743339881300926
factorial_snr30_bg0,mu_plus_5sigma,global,1000,0.021,1.0,0.979,0.0,1.0,1.0,21,-0.6617242438955936,0.03555212266003537,0.0077581092002841365,-0.6769301379281505,-0.6465183498630367,-1.9161073029972613
factorial_snr30_bg0,mu_plus_6sigma,global,1000,0.021,1.0,0.979,0.0,1.0,1.0,21,-0.6421490522010027,0.052179727746059335,0.011386550101833542,-0.6644666904005965,-0.619831414001409,-2.186999997822568
factorial_snr30_bg50,otsu,global,1000,1.0,1.0,0.0,0.0,1.0,1.0,1000,0.6065546255915983,0.07898988383711276,0.0024978794503739705,0.6016587818688653,0.6114504693143313,56.43894841312431
factorial_snr30_bg50,adaptive,global,1000,1.0,1.0,0.0,0.0,0.949,0.949,1000,0.6065546255915983,0.07898988383711276,0.0024978794503739705,0.6016587818688653,0.6114504693143313,54.68534670560621
factorial_snr30_bg50,mu_plus_2sigma,global,1000,1.0,1.0,0.0,0.0,1.0,1.0,1000,0.04391911462602081,0.10548927671188775,0.003335863831333231,0.037380821516607675,0.05045740773543394,12.471228208160028
factorial_snr30_bg50,mu_plus_3sigma,global,1000,1.0,1.0,0.0,0.0,1.0,1.0,1000,-0.03138179673847326,0.07243041151752702,0.002290450722586782,-0.03587108015474335,-0.026892513322203167,-1.3816404903773218
factorial_snr30_bg50,mu_plus_4sigma,global,1000,1.0,1.0,0.0,0.0,1.0,1.0,1000,-0.021491029939560584,0.07633865897176283,0.00241404035873618,-0.026222549042683497,-0.01675951083643767,-2.73199459630996
factorial_snr30_bg50,mu_plus_5sigma,global,1000,1.0,1.0,0.0,0.0,0.518,0.518,1000,0.0015473645226085698,0.07479267385945823,0.002365152016900243,-0.0030883334305159063,0.006183062475733046,-2.4375895898556337
factorial_snr30_bg50,mu_plus_6sigma,global,1000,1.0,1.0,0.0,0.0,0.004,0.004,1000,-0.05325893549871448,0.0657383475300349,0.002078829078106145,-0.05733344049180252,-0.04918443050562644,-2.581018897239119
