scenario_id,background_type,background_level,gradient_x,gradient_y,snr_db,threshold_method,k,total_trials,correct_detections,missed_detections,detection_probability,pd_ci_lower,pd_ci_upper,false_alarm_images,false_alarm_rate_pfa,pfa_ci_lower,pfa_ci_upper,false_candidates_per_image_rfa,total_false_candidates,num_localizations,rmse_radial,rmse_radial_ci_lower,rmse_radial_ci_upper,rmse_x,rmse_y,bias_x,bias_y,mean_radial_error,mean_candidate_count,median_candidate_count,max_candidate_count,zero_candidate_images,pct_zero_candidates,pct_one_candidate,pct_gt10_candidates,mean_threshold_latency_ms,mean_component_latency_ms,mean_localization_latency_ms,mean_total_latency_ms,median_total_latency_ms,p95_total_latency_ms,combined_fps,saturated_pixel_fraction
factorial_snr30_bg0,uniform,0.0,0.0,0.0,30.0,global,,1000,21,979,0.021,0.013775739567924286,0.03189029506123752,0,0.0,2.168404344971009e-19,0.0038267584855551234,0.0,0,21,0.7071067811865476,0.7071067811865476,0.7071067811865476,0.5,0.5,0.5,0.5,0.7071067811865477,0.021,0.0,1,979,97.89999999999999,2.1,0.0,6.580696098972112,9.924610500689596,0.0016281999414786696,16.506934799603187,16.265599988400936,22.314575052587315,60.580599132434884,0.0
factorial_snr30_bg0,uniform,0.0,0.0,0.0,30.0,otsu,,1000,1000,0,1.0,0.996173241514445,1.0,1000,1.0,0.996173241514445,1.0,138563.062,138563062,1000,0.4766214791153513,0.4499485851147349,0.5064650647573837,0.3298761179380651,0.3440200301846057,0.00028394869442229263,-0.009959573583790984,0.3708791026512001,138564.062,138565.5,139394,0,0.0,0.0,100.0,3.0065675999503583,82.6272237993544,0.24032980122137815,85.87412120052613,86.80195000488311,103.9559548953548,11.644951773828145,0.0
factorial_snr30_bg0,uniform,0.0,0.0,0.0,30.0,adaptive,,1000,1000,0,1.0,0.996173241514445,1.0,994,0.994,0.9869718317581478,0.9972473308581237,6.262,6262,1000,0.9443923815386314,0.9198553064342333,0.9711236220697732,0.7440360867979123,0.5816246829792019,-0.4995499101501547,-0.485636850731849,0.8564440490403358,7.267,7.0,21,0,0.0,0.6,12.6,7.379936398472637,11.771023100125603,51.86783429910429,71.01879379770253,71.59939996199682,85.61528004938737,14.080779840453305,0.0
factorial_snr30_bg0,uniform,0.0,0.0,0.0,30.0,mu_plus_2sigma,2.0,1000,1000,0,1.0,0.996173241514445,1.0,1000,1.0,0.996173241514445,1.0,92715.745,92715745,1000,0.1023539460415741,0.09875600392260793,0.10605525916659186,0.07220763679920149,0.0725423149489735,-0.0009927654896108606,0.0016682213676679112,0.08941272762761401,92716.745,92722.0,93453,0,0.0,0.0,100.0,4.3635910004377365,58.75584300083574,0.22111880057491362,63.34055280184839,64.22645004931837,77.46956989285536,15.787674021860104,0.0
factorial_snr30_bg0,uniform,0.0,0.0,0.0,30.0,mu_plus_3sigma,3.0,1000,1000,0,1.0,0.996173241514445,1.0,1000,1.0,0.996173241514445,1.0,26371.702,26371702,1000,0.08511339915432888,0.08260105618864916,0.08783671315671614,0.059896715547771734,0.06047044056556421,0.0009082036381448688,-0.0007903189806099817,0.07621865672317069,26372.702,26372.0,26878,0,0.0,0.0,100.0,4.353841999429278,19.269178499584086,0.20870060217566788,23.831721101189032,23.499099886976182,31.439964892342683,41.960880448122865,0.0
factorial_snr30_bg0,uniform,0.0,0.0,0.0,30.0,mu_plus_4sigma,4.0,1000,1000,0,1.0,0.996173241514445,1.0,1000,1.0,0.996173241514445,1.0,4550.37,4550370,1000,0.0697607138817962,0.06736922247705464,0.0723024561731886,0.048638506486800626,0.05000852815301892,-0.0014922106757352368,0.0003052543355305488,0.06056190068423345,4551.37,4551.0,4750,0,0.0,0.0,100.0,4.369874700438231,11.712825998314656,0.21680070203728974,16.299501400790177,16.03560009971261,21.375574788544327,61.35156992909742,0.0
factorial_snr30_bg0,uniform,0.0,0.0,0.0,30.0,mu_plus_5sigma,5.0,1000,1000,0,1.0,0.996173241514445,1.0,1000,1.0,0.996173241514445,1.0,1123.037,1123037,1000,0.05981520244221041,0.05738703159159392,0.06245365772729186,0.04260927205191767,0.04197985681738662,-1.4427538762220137e-05,-0.001071504976105075,0.050289758317271255,1124.04,1123.0,1240,0,0.0,0.0,100.0,4.355336498003453,10.020962398848496,0.21452859975397587,14.590827496605925,14.402650122065097,19.015505077550188,68.53620880876133,0.0
factorial_snr30_bg0,uniform,0.0,0.0,0.0,30.0,mu_plus_6sigma,6.0,1000,1000,0,1.0,0.996173241514445,1.0,1000,1.0,0.996173241514445,1.0,99.687,99687,1000,0.07823964570525767,0.07498443356673916,0.08125656080458661,0.054873171133940656,0.0557707562239343,0.0018625678297565856,0.0012243191051936719,0.06316541873534245,100.69,101.0,137,0,0.0,0.0,100.0,4.380473001045175,9.72302980220411,0.2164319985313341,14.319934801780619,14.018600108101964,18.668089981656518,69.83272017940016,0.0
factorial_snr30_bg50,uniform,50.0,0.0,0.0,30.0,global,,1000,1000,0,1.0,0.996173241514445,1.0,0,0.0,2.168404344971009e-19,0.0038267584855551234,0.0,0,1000,0.1162310787209311,0.11296125273671925,0.11941625399607222,0.08385870101582772,0.0804821838953771,0.0036054846058018483,-0.0019120789187412584,0.10468546002195513,1.0,1.0,1,0,0.0,100.0,0.0,6.388263997272588,11.111841999460012,0.21632429701276124,17.71643029374536,17.784949974156916,23.572895082179457,56.44477941772738,0.0
factorial_snr30_bg50,uniform,50.0,0.0,0.0,30.0,otsu,,1000,1000,0,1.0,0.996173241514445,1.0,1000,1.0,0.996173241514445,1.0,11834.523,11834523,1000,0.7139177110160739,0.710202679934034,0.7177674050618776,0.5083214108283207,0.5012861871186319,-0.5026586461468908,-0.4994138133804881,0.7112400856135533,11835.523,13589.0,14047,0,0.0,0.0,100.0,2.3715429031290114,21.54493740410544,50.23889839963522,74.15537870686967,76.1859999038279,89.70448501640931,13.485198477010288,0.0
factorial_snr30_bg50,uniform,50.0,0.0,0.0,30.0,adaptive,,1000,1000,0,1.0,0.996173241514445,1.0,949,0.949,0.9335645136552383,0.9609990572247332,2.956,2956,1000,0.7139177110160739,0.710202679934034,0.7177674050618776,0.5083214108283207,0.5012861871186319,-0.5026586461468908,-0.4994138133804881,0.7112400856135533,3.956,4.0,11,0,0.0,5.1,0.1,7.244657600414939,15.022459699423052,50.13465969951358,72.40177699935157,73.79890006268397,89.03531500254756,13.811815696304746,0.0
factorial_snr30_bg50,uniform,50.0,0.0,0.0,30.0,mu_plus_2sigma,2.0,1000,1000,0,1.0,0.996173241514445,1.0,1000,1.0,0.996173241514445,1.0,42732.617,42732617,1000,0.17442508978397558,0.16745129056511782,0.18138012886172006,0.12295084873901184,0.12372227261291549,-0.0033185888419063757,-0.0006691983418174914,0.14860457464797594,42733.617,42735.0,43348,0,0.0,0.0,100.0,4.314441501395777,25.66452729946468,0.208689701044932,30.18765850190539,30.206299968995154,39.869470044504844,33.12612006449198,0.0
factorial_snr30_bg50,uniform,50.0,0.0,0.0,30.0,mu_plus_3sigma,3.0,1000,1000,0,1.0,0.996173241514445,1.0,1000,1.0,0.996173241514445,1.0,2307.588,2307588,1000,0.09056866450176158,0.08673119142860977,0.09419965453591085,0.06201035314451322,0.06601059833485383,-0.0005488831559841855,-0.000862338668142911,0.07330366328348188,2308.593,2307.0,2469,0,0.0,0.0,100.0,4.315738002071157,11.805195799679495,0.21385600161738694,16.33478980336804,16.59464999102056,21.30408502416685,61.21903079486287,0.0
factorial_snr30_bg50,uniform,50.0,0.0,0.0,30.0,mu_plus_4sigma,4.0,1000,1000,0,1.0,0.996173241514445,1.0,1000,1.0,0.996173241514445,1.0,40.866,40866,1000,0.10144095280717204,0.09768614247086531,0.10505441780092155,0.07115344315439327,0.07230113715358442,-0.0015255631528624462,-0.002823650415139582,0.08319443008239455,41.869,42.0,70,0,0.0,0.0,100.0,4.248867099871859,10.521520699607208,0.21404789795633405,14.984435697435401,15.236600011121482,19.894899905193597,66.7359131963275,0.0
factorial_snr30_bg50,uniform,50.0,0.0,0.0,30.0,mu_plus_5sigma,5.0,1000,1000,0,1.0,0.996173241514445,1.0,518,0.518,0.48702069136344844,0.5488415453310715,0.735,735,1000,0.12087723865112535,0.11761539880455085,0.12385892834334572,0.08859167005828357,0.08223638379820292,-0.00357625272070959,0.0013143281389075127,0.1062328245445637,1.735,2.0,6,0,0.0,48.199999999999996,0.0,4.29083730163984,10.769448900828138,0.2185545014217496,15.278840703889728,15.640600060578436,19.957154931034893,65.44999187964682,0.0
factorial_snr30_bg50,uniform,50.0,0.0,0.0,30.0,mu_plus_6sigma,6.0,1000,1000,0,1.0,0.996173241514445,1.0,4,0.004,0.0015565881404084308,0.010239556277262253,0.004,4,1000,0.06559883993791202,0.062364666351116003,0.06876231699445878,0.04759100291967283,0.04514758290650222,-0.00038927983172663973,-0.0015123285674915224,0.05142652452324066,1.004,1.0,2,0,0.0,99.6,0.0,4.248516798834316,10.669799599563703,0.21709499810822308,15.135411396506242,15.57340013096109,19.573800027137622,66.07022259274918,0.0
