sub_exp_id,range_km,method,total_trials,detected_trials,p_detection_pct,successful_trials,p_success_pct,beam_radius_m,captured_power_ratio,transmittance,received_amplitude,psf_sigma_eff,rmse_pos_px,rmse_angular_urad,is_fully_compliant
13A_geometric,1.0,Gaussian Fitting,50,50,100.0,50,100.0,0.0509643959787643,0.6833022434815653,1.0,150.0,2.0,0.03930811262159016,19.654056307303367,True
13A_geometric,1.0,Intensity-Weighted Centroid,50,50,100.0,50,100.0,0.0509643959787643,0.6833022434815653,1.0,150.0,2.0,0.21014908977522098,105.07454441879689,False
13A_geometric,1.0,PSF Fitting,50,50,100.0,50,100.0,0.0509643959787643,0.6833022434815653,1.0,150.0,2.0,0.03920833052834841,19.60416526067,True
13A_geometric,2.0,Gaussian Fitting,50,50,100.0,50,100.0,0.05375387083663042,0.6582314574112086,1.0,150.0,2.0,0.03717200045128775,18.586000222440596,True
13A_geometric,2.0,Intensity-Weighted Centroid,50,50,100.0,50,100.0,0.05375387083663042,0.6582314574112086,1.0,150.0,2.0,0.19155007329282053,95.77503625701102,True
13A_geometric,2.0,PSF Fitting,50,50,100.0,50,100.0,0.05375387083663042,0.6582314574112086,1.0,150.0,2.0,0.03710483008624263,18.552415039913615,True
13A_geometric,5.0,Gaussian Fitting,50,50,100.0,50,100.0,0.07024415589219622,0.5095926064849347,1.0,150.0,2.0,0.03768617279592727,18.84308639480801,True
13A_geometric,5.0,Intensity-Weighted Centroid,50,50,100.0,50,100.0,0.07024415589219622,0.5095926064849347,1.0,150.0,2.0,0.22108890097500303,110.54444986884616,False
13A_geometric,5.0,PSF Fitting,50,50,100.0,50,100.0,0.07024415589219622,0.5095926064849347,1.0,150.0,2.0,0.037586167123432435,18.79308355860486,True
13A_geometric,10.0,Gaussian Fitting,50,50,100.0,50,100.0,0.11062081968611812,0.26833493943685727,1.0,150.0,2.0,0.03238029227186128,16.190146133712556,True
13A_geometric,10.0,Intensity-Weighted Centroid,50,50,100.0,50,100.0,0.11062081968611812,0.26833493943685727,1.0,150.0,2.0,0.19774803306759284,98.87401607966297,True
13A_geometric,10.0,PSF Fitting,50,50,100.0,50,100.0,0.11062081968611812,0.26833493943685727,1.0,150.0,2.0,0.032415074727405485,16.207537361486896,True
13A_geometric,20.0,Gaussian Fitting,50,50,100.0,50,100.0,0.20358748240526636,0.09091298620868216,1.0,150.0,2.0,0.035067991591551766,17.53399579331327,True
13A_geometric,20.0,Intensity-Weighted Centroid,50,50,100.0,50,100.0,0.20358748240526636,0.09091298620868216,1.0,150.0,2.0,0.19560343791576532,97.80171847055298,True
13A_geometric,20.0,PSF Fitting,50,50,100.0,50,100.0,0.20358748240526636,0.09091298620868216,1.0,150.0,2.0,0.0349810299242084,17.49051495965539,True
13B_optical_power,1.0,Gaussian Fitting,50,50,100.0,50,100.0,0.0509643959787643,0.6833022434815653,0.9999000049998332,149.98500074997503,2.0,0.0358693239234882,17.93466195884228,True
13B_optical_power,1.0,Intensity-Weighted Centroid,50,50,100.0,50,100.0,0.0509643959787643,0.6833022434815653,0.9999000049998332,149.98500074997503,2.0,0.19177027588566845,95.88513753929531,True
13B_optical_power,1.0,PSF Fitting,50,50,100.0,50,100.0,0.0509643959787643,0.6833022434815653,0.9999000049998332,149.98500074997503,2.0,0.03577471726905191,17.887358631655225,True
13B_optical_power,2.0,Gaussian Fitting,50,50,100.0,50,100.0,0.05375387083663042,0.6582314574112086,0.9998000199986666,144.4675099258398,2.0,0.033328685162984616,16.664342578907867,True
13B_optical_power,2.0,Intensity-Weighted Centroid,50,50,100.0,50,100.0,0.05375387083663042,0.6582314574112086,0.9998000199986666,144.4675099258398,2.0,0.21023729890682413,105.11864884407356,False
13B_optical_power,2.0,PSF Fitting,50,50,100.0,50,100.0,0.05375387083663042,0.6582314574112086,0.9998000199986666,144.4675099258398,2.0,0.03323450050483295,16.61725024985114,True
13B_optical_power,5.0,Gaussian Fitting,50,50,100.0,50,100.0,0.07024415589219622,0.5095926064849347,0.9995001249791694,111.81096185378485,2.0,0.032457151744276665,16.228575870437552,True
13B_optical_power,5.0,Intensity-Weighted Centroid,50,50,100.0,50,100.0,0.07024415589219622,0.5095926064849347,0.9995001249791694,111.81096185378485,2.0,0.20322256250798215,101.61128074932421,False
13B_optical_power,5.0,PSF Fitting,50,50,100.0,50,100.0,0.07024415589219622,0.5095926064849347,0.9995001249791694,111.81096185378485,2.0,0.03253331201346226,16.26665600501737,True
13B_optical_power,10.0,Gaussian Fitting,50,50,100.0,50,100.0,0.11062081968611812,0.26833493943685727,0.9990004998333749,58.8465955975039,2.0,0.03085736463786935,15.428682317031058,True
13B_optical_power,10.0,Intensity-Weighted Centroid,50,50,100.0,50,100.0,0.11062081968611812,0.26833493943685727,0.9990004998333749,58.8465955975039,2.0,0.21908062287653451,109.54031087037195,False
13B_optical_power,10.0,PSF Fitting,50,50,100.0,50,100.0,0.11062081968611812,0.26833493943685727,0.9990004998333749,58.8465955975039,2.0,0.030950044733187278,15.47502236466559,True
13B_optical_power,20.0,Gaussian Fitting,50,50,100.0,50,100.0,0.20358748240526636,0.09091298620868216,0.9980019986673331,19.917542231118464,2.0,0.039430271830377984,19.715135911867513,True
13B_optical_power,20.0,Intensity-Weighted Centroid,50,50,100.0,50,100.0,0.20358748240526636,0.09091298620868216,0.9980019986673331,19.917542231118464,2.0,0.23455406310978938,117.27703060403147,False
13B_optical_power,20.0,PSF Fitting,50,50,100.0,50,100.0,0.20358748240526636,0.09091298620868216,0.9980019986673331,19.917542231118464,2.0,0.039359256498231104,19.679628245805006,True
13C_spot_size,1.0,Gaussian Fitting,50,50,100.0,50,100.0,0.0509643959787643,0.6833022434815653,1.0,150.0,2.0099751242241783,0.03762693500875156,18.81346750094217,True
13C_spot_size,1.0,Intensity-Weighted Centroid,50,50,100.0,50,100.0,0.0509643959787643,0.6833022434815653,1.0,150.0,2.0099751242241783,0.22059352602444748,110.29676228065128,False
13C_spot_size,1.0,PSF Fitting,50,50,100.0,50,100.0,0.0509643959787643,0.6833022434815653,1.0,150.0,2.0099751242241783,0.03761208017234534,18.806040082750794,True
13C_spot_size,2.0,Gaussian Fitting,50,50,100.0,50,100.0,0.05375387083663042,0.6582314574112086,1.0,150.0,2.039607805437114,0.036191374610757165,18.095687302080954,True
13C_spot_size,2.0,Intensity-Weighted Centroid,50,50,100.0,50,100.0,0.05375387083663042,0.6582314574112086,1.0,150.0,2.039607805437114,0.19694094995484226,98.47047452578016,True
13C_spot_size,2.0,PSF Fitting,50,50,100.0,50,100.0,0.05375387083663042,0.6582314574112086,1.0,150.0,2.039607805437114,0.03624569902380263,18.12284950856754,True
13C_spot_size,5.0,Gaussian Fitting,50,50,100.0,50,100.0,0.07024415589219622,0.5095926064849347,1.0,150.0,2.23606797749979,0.03729708096367273,18.64854047953374,True
13C_spot_size,5.0,Intensity-Weighted Centroid,50,50,100.0,50,100.0,0.07024415589219622,0.5095926064849347,1.0,150.0,2.23606797749979,0.18872102902894675,94.36051418404135,True
13C_spot_size,5.0,PSF Fitting,50,50,100.0,50,100.0,0.07024415589219622,0.5095926064849347,1.0,150.0,2.23606797749979,0.037247056899644145,18.62352844751414,True
13C_spot_size,10.0,Gaussian Fitting,50,50,100.0,50,100.0,0.11062081968611812,0.26833493943685727,1.0,150.0,2.8284271247461903,0.032696425126753165,16.34821256123899,True
13C_spot_size,10.0,Intensity-Weighted Centroid,50,50,100.0,50,100.0,0.11062081968611812,0.26833493943685727,1.0,150.0,2.8284271247461903,0.1189058122382383,59.4529060005221,True
13C_spot_size,10.0,PSF Fitting,50,50,100.0,50,100.0,0.11062081968611812,0.26833493943685727,1.0,150.0,2.8284271247461903,0.03274768908307483,16.373844539397734,True
13C_spot_size,20.0,Gaussian Fitting,50,50,100.0,50,100.0,0.20358748240526636,0.09091298620868216,1.0,150.0,4.47213595499958,0.036926854798457955,18.463427395362302,True
13C_spot_size,20.0,Intensity-Weighted Centroid,50,50,100.0,50,100.0,0.20358748240526636,0.09091298620868216,1.0,150.0,4.47213595499958,0.06757411230132625,33.78705613039995,True
13C_spot_size,20.0,PSF Fitting,50,50,100.0,50,100.0,0.20358748240526636,0.09091298620868216,1.0,150.0,4.47213595499958,0.03695378675808228,18.47689337515576,True
13E_combined,1.0,Gaussian Fitting,50,50,100.0,50,100.0,0.0509643959787643,0.6833022434815653,0.9999000049998332,150.15891651100736,2.015564437074637,0.0353692968653771,17.684648139188383,True
13E_combined,1.0,Intensity-Weighted Centroid,50,50,100.0,50,100.0,0.0509643959787643,0.6833022434815653,0.9999000049998332,150.15891651100736,2.015564437074637,0.2317089831688327,115.85448902720532,False
13E_combined,1.0,PSF Fitting,50,50,100.0,50,100.0,0.0509643959787643,0.6833022434815653,0.9999000049998332,150.15891651100736,2.015564437074637,0.03536608591814558,17.683042665113607,True
13E_combined,2.0,Gaussian Fitting,50,50,100.0,50,100.0,0.05375387083663042,0.6582314574112086,0.9998000199986666,143.8018294093223,2.045116133621756,0.034995765052412274,17.497882168146393,True
13E_combined,2.0,Intensity-Weighted Centroid,50,50,100.0,50,100.0,0.05375387083663042,0.6582314574112086,0.9998000199986666,143.8018294093223,2.045116133621756,0.23007037847547934,115.03518799258835,False
13E_combined,2.0,PSF Fitting,50,50,100.0,50,100.0,0.05375387083663042,0.6582314574112086,0.9998000199986666,143.8018294093223,2.045116133621756,0.03492337058813554,17.46168493580215,True
13E_combined,5.0,Gaussian Fitting,50,50,100.0,50,100.0,0.07024415589219622,0.5095926064849347,0.9995001249791694,111.84455979015907,2.2410934831014973,0.03841796557945562,19.208982457177846,True
13E_combined,5.0,Intensity-Weighted Centroid,50,50,100.0,50,100.0,0.07024415589219622,0.5095926064849347,0.9995001249791694,111.84455979015907,2.2410934831014973,0.1808700844200923,90.4350402081249,True
13E_combined,5.0,PSF Fitting,50,50,100.0,50,100.0,0.07024415589219622,0.5095926064849347,0.9995001249791694,111.84455979015907,2.2410934831014973,0.03841459518979746,19.207297261869495,True
13E_combined,10.0,Gaussian Fitting,50,50,100.0,50,100.0,0.11062081968611812,0.26833493943685727,0.9990004998333749,59.15896456820661,2.8324018076537087,0.03639633554926397,18.19816755339017,True
13E_combined,10.0,Intensity-Weighted Centroid,50,50,100.0,50,100.0,0.11062081968611812,0.26833493943685727,0.9990004998333749,59.15896456820661,2.8324018076537087,0.12789589205205,63.94794512630512,True
13E_combined,10.0,PSF Fitting,50,50,100.0,50,100.0,0.11062081968611812,0.26833493943685727,0.9990004998333749,59.15896456820661,2.8324018076537087,0.036413355623377754,18.206677590693147,True
13E_combined,20.0,Gaussian Fitting,50,50,100.0,50,100.0,0.20358748240526636,0.09091298620868216,0.9980019986673331,19.875822301491997,4.474650824366076,0.03617794803796079,18.08897367226781,True
13E_combined,20.0,Intensity-Weighted Centroid,50,50,100.0,50,100.0,0.20358748240526636,0.09091298620868216,0.9980019986673331,19.875822301491997,4.474650824366076,0.09065053334284924,45.32526586500358,True
13E_combined,20.0,PSF Fitting,50,50,100.0,50,100.0,0.20358748240526636,0.09091298620868216,0.9980019986673331,19.875822301491997,4.474650824366076,0.036231683626074325,18.115841466597796,True
