sub_exp_id,range_km,attenuation_alpha,transmittance,turbulence_strength,scattering_fraction,halo_sigma,method,total_trials,detected_trials,p_detection_pct,successful_trials,p_success_pct,received_amplitude,rmse_pos_px,rmse_angular_urad,avg_detector_latency_ms,avg_estimator_latency_ms
12A_distance,0.0,0.0001,1.0,0.0,0.0,10.0,Gaussian Fitting,50,50,100.0,50,100.0,150.0,0.035612854687061594,17.80642734105255,1326.2867860170081,3.8730560149997473
12A_distance,0.0,0.0001,1.0,0.0,0.0,10.0,Intensity-Weighted Centroid,50,50,100.0,50,100.0,150.0,0.22357896779137748,111.78948329261941,1326.2867860170081,0.2212680084630847
12A_distance,0.0,0.0001,1.0,0.0,0.0,10.0,PSF Fitting,50,50,100.0,50,100.0,150.0,0.03559285821770998,17.796429106374426,1326.2867860170081,3.068251982331276
12A_distance,1.0,0.0001,0.9999000049998333,0.0,0.0,10.0,Gaussian Fitting,50,50,100.0,50,100.0,149.98500074997503,0.03333163028204007,16.6658151390401,1258.6107600014657,3.815626008436084
12A_distance,1.0,0.0001,0.9999000049998333,0.0,0.0,10.0,Intensity-Weighted Centroid,50,50,100.0,50,100.0,149.98500074997503,0.1921585908005254,96.07929492878762,1258.6107600014657,0.20825399551540613
12A_distance,1.0,0.0001,0.9999000049998333,0.0,0.0,10.0,PSF Fitting,50,50,100.0,50,100.0,149.98500074997503,0.033329791798380956,16.664895897220784,1258.6107600014657,2.853413983248174
12A_distance,2.0,0.0001,0.9998000199986667,0.0,0.0,10.0,Gaussian Fitting,50,50,100.0,50,100.0,149.97000299980004,0.03777393225187569,18.88696612212793,1246.1238620290533,3.9170739892870188
12A_distance,2.0,0.0001,0.9998000199986667,0.0,0.0,10.0,Intensity-Weighted Centroid,50,50,100.0,50,100.0,149.97000299980004,0.20020596732498164,100.10298321042117,1246.1238620290533,0.20653400104492903
12A_distance,2.0,0.0001,0.9998000199986667,0.0,0.0,10.0,PSF Fitting,50,50,100.0,50,100.0,149.97000299980004,0.037800098725383806,18.900049358875528,1246.1238620290533,2.8369979839771986
12A_distance,5.0,0.0001,0.9995001249791693,0.0,0.0,10.0,Gaussian Fitting,50,50,100.0,50,100.0,149.92501874687537,0.03420074137164348,17.100370683531235,1249.434189996682,3.758403998799622
12A_distance,5.0,0.0001,0.9995001249791693,0.0,0.0,10.0,Intensity-Weighted Centroid,50,50,100.0,50,100.0,149.92501874687537,0.22850278988585387,114.25139427708955,1249.434189996682,0.21205399185419083
12A_distance,5.0,0.0001,0.9995001249791693,0.0,0.0,10.0,PSF Fitting,50,50,100.0,50,100.0,149.92501874687537,0.03416971591123971,17.08485795332742,1249.434189996682,2.759092003107071
12A_distance,10.0,0.0001,0.999000499833375,0.0,0.0,10.0,Gaussian Fitting,50,50,100.0,50,100.0,149.85007497500627,0.036767596379651865,18.383798185534257,1259.8994260188192,3.8356899842619896
12A_distance,10.0,0.0001,0.999000499833375,0.0,0.0,10.0,Intensity-Weighted Centroid,50,50,100.0,50,100.0,149.85007497500627,0.21391115056889579,106.95557470651778,1259.8994260188192,0.2082360116764903
12A_distance,10.0,0.0001,0.999000499833375,0.0,0.0,10.0,PSF Fitting,50,50,100.0,50,100.0,149.85007497500627,0.03672579875379437,18.36289937263669,1259.8994260188192,2.7670819917693734
12A_distance,15.0,0.0001,0.9985011244377109,0.0,0.0,10.0,Gaussian Fitting,50,50,100.0,50,100.0,149.7751686656566,0.03548187473542042,17.740937365109215,1234.9875699961558,3.7180239986628294
12A_distance,15.0,0.0001,0.9985011244377109,0.0,0.0,10.0,Intensity-Weighted Centroid,50,50,100.0,50,100.0,149.7751686656566,0.21740897971237758,108.70448908269692,1234.9875699961558,0.2031739940866828
12A_distance,15.0,0.0001,0.9985011244377109,0.0,0.0,10.0,PSF Fitting,50,50,100.0,50,100.0,149.7751686656566,0.035350832743072685,17.675416369013178,1234.9875699961558,2.781551987864077
12A_distance,20.0,0.0001,0.9980019986673331,0.0,0.0,10.0,Gaussian Fitting,50,50,100.0,50,100.0,149.70029980009997,0.03924603744122761,19.623018717227286,1239.1396019980311,3.7060320051386952
12A_distance,20.0,0.0001,0.9980019986673331,0.0,0.0,10.0,Intensity-Weighted Centroid,50,50,100.0,50,100.0,149.70029980009997,0.20452909935027577,102.26454912215681,1239.1396019980311,0.20509598311036825
12A_distance,20.0,0.0001,0.9980019986673331,0.0,0.0,10.0,PSF Fitting,50,50,100.0,50,100.0,149.70029980009997,0.03933844740644534,19.669223699809976,1239.1396019980311,2.7643600152805448
12B_attenuation,1.0,0.0,1.0,0.0,0.0,10.0,Gaussian Fitting,50,50,100.0,50,100.0,150.0,0.0374094775338309,18.70473876338357,1249.3775420170277,3.754668002948165
12B_attenuation,1.0,0.0,1.0,0.0,0.0,10.0,Intensity-Weighted Centroid,50,50,100.0,50,100.0,150.0,0.20926446133556148,104.63223024289067,1249.3775420170277,0.20662397146224976
12B_attenuation,1.0,0.0,1.0,0.0,0.0,10.0,PSF Fitting,50,50,100.0,50,100.0,150.0,0.037413417671058026,18.70670883198616,1249.3775420170277,2.791510010138154
12B_attenuation,1.0,5e-05,0.9999500012499791,0.0,0.0,10.0,Gaussian Fitting,50,50,100.0,50,100.0,149.99250018749686,0.04060439899099177,20.302199491851702,1242.3813479812816,3.734841994009912
12B_attenuation,1.0,5e-05,0.9999500012499791,0.0,0.0,10.0,Intensity-Weighted Centroid,50,50,100.0,50,100.0,149.99250018749686,0.19054626594280072,95.27313249870537,1242.3813479812816,0.21983598824590445
12B_attenuation,1.0,5e-05,0.9999500012499791,0.0,0.0,10.0,PSF Fitting,50,50,100.0,50,100.0,149.99250018749686,0.040563205215670965,20.281602604216005,1242.3813479812816,2.76857802644372
12B_attenuation,1.0,0.0001,0.9999000049998333,0.0,0.0,10.0,Gaussian Fitting,50,50,100.0,50,100.0,149.98500074997503,0.035413683279039945,17.70684163709122,1267.966610020958,3.7442039884626865
12B_attenuation,1.0,0.0001,0.9999000049998333,0.0,0.0,10.0,Intensity-Weighted Centroid,50,50,100.0,50,100.0,149.98500074997503,0.1839788770485428,91.98943816709047,1267.966610020958,0.20616399589926004
12B_attenuation,1.0,0.0001,0.9999000049998333,0.0,0.0,10.0,PSF Fitting,50,50,100.0,50,100.0,149.98500074997503,0.03539721341380055,17.698606704466282,1267.966610020958,2.823992003686726
12B_attenuation,1.0,0.0002,0.9998000199986667,0.0,0.0,10.0,Gaussian Fitting,50,50,100.0,50,100.0,149.97000299980004,0.03316893549686448,16.58446774651563,1241.7897440074012,3.749603983014822
12B_attenuation,1.0,0.0002,0.9998000199986667,0.0,0.0,10.0,Intensity-Weighted Centroid,50,50,100.0,50,100.0,149.97000299980004,0.20335066043788216,101.67532967244803,1241.7897440074012,0.20650398917496204
12B_attenuation,1.0,0.0002,0.9998000199986667,0.0,0.0,10.0,PSF Fitting,50,50,100.0,50,100.0,149.97000299980004,0.03327181130689,16.635905651505965,1241.7897440074012,2.7841239981353283
12B_attenuation,1.0,0.0005,0.9995001249791693,0.0,0.0,10.0,Gaussian Fitting,50,50,100.0,50,100.0,149.92501874687537,0.034788186385855076,17.394093190388393,1263.8569580158219,3.8737919880077243
12B_attenuation,1.0,0.0005,0.9995001249791693,0.0,0.0,10.0,Intensity-Weighted Centroid,50,50,100.0,50,100.0,149.92501874687537,0.17781240392739317,88.90620158040537,1263.8569580158219,0.21031999494880438
12B_attenuation,1.0,0.0005,0.9995001249791693,0.0,0.0,10.0,PSF Fitting,50,50,100.0,50,100.0,149.92501874687537,0.03460598209718447,17.302991046076432,1263.8569580158219,2.8512219712138176
12B_attenuation,1.0,0.001,0.999000499833375,0.0,0.0,10.0,Gaussian Fitting,50,50,100.0,50,100.0,149.85007497500627,0.03655635425882538,18.27817712557302,1234.3772380100563,3.7751640053465962
12B_attenuation,1.0,0.001,0.999000499833375,0.0,0.0,10.0,Intensity-Weighted Centroid,50,50,100.0,50,100.0,149.85007497500627,0.21278798244299482,106.39399071677762,1234.3772380100563,0.2111620083451271
12B_attenuation,1.0,0.001,0.999000499833375,0.0,0.0,10.0,PSF Fitting,50,50,100.0,50,100.0,149.85007497500627,0.036604593642958705,18.30229681756903,1234.3772380100563,2.814141996204853
12B_attenuation,5.0,0.0,1.0,0.0,0.0,10.0,Gaussian Fitting,50,50,100.0,50,100.0,150.0,0.03883013482561273,19.415067408204916,1244.6205959934741,3.812962002120912
12B_attenuation,5.0,0.0,1.0,0.0,0.0,10.0,Intensity-Weighted Centroid,50,50,100.0,50,100.0,150.0,0.21432261727876234,107.16130800824497,1244.6205959934741,0.20525600761175156
12B_attenuation,5.0,0.0,1.0,0.0,0.0,10.0,PSF Fitting,50,50,100.0,50,100.0,150.0,0.03878772970720559,19.393864849016772,1244.6205959934741,2.755765998736024
12B_attenuation,5.0,5e-05,0.999750031247396,0.0,0.0,10.0,Gaussian Fitting,50,50,100.0,50,100.0,149.96250468710943,0.03804655234433619,19.02327616795864,1250.4202080192044,3.6885019950568676
12B_attenuation,5.0,5e-05,0.999750031247396,0.0,0.0,10.0,Intensity-Weighted Centroid,50,50,100.0,50,100.0,149.96250468710943,0.18659043630035738,93.29521769438809,1250.4202080192044,0.20698399282991886
12B_attenuation,5.0,5e-05,0.999750031247396,0.0,0.0,10.0,PSF Fitting,50,50,100.0,50,100.0,149.96250468710943,0.0379981541892953,18.999077090469836,1250.4202080192044,2.761725983582437
12B_attenuation,5.0,0.0001,0.9995001249791693,0.0,0.0,10.0,Gaussian Fitting,50,50,100.0,50,100.0,149.92501874687537,0.032802733624453996,16.401366810126802,1256.930690011941,3.8188199745491147
12B_attenuation,5.0,0.0001,0.9995001249791693,0.0,0.0,10.0,Intensity-Weighted Centroid,50,50,100.0,50,100.0,149.92501874687537,0.19169798070304864,95.84898987995156,1256.930690011941,0.20781599450856447
12B_attenuation,5.0,0.0001,0.9995001249791693,0.0,0.0,10.0,PSF Fitting,50,50,100.0,50,100.0,149.92501874687537,0.032708733122188055,16.35436655901459,1256.930690011941,2.809609994292259
12B_attenuation,5.0,0.0002,0.999000499833375,0.0,0.0,10.0,Gaussian Fitting,50,50,100.0,50,100.0,149.85007497500627,0.040295072611581044,20.14753630217425,1233.8479300029576,3.7577880080789328
12B_attenuation,5.0,0.0002,0.999000499833375,0.0,0.0,10.0,Intensity-Weighted Centroid,50,50,100.0,50,100.0,149.85007497500627,0.21528702391223484,107.64351148606306,1233.8479300029576,0.2076359884813428
12B_attenuation,5.0,0.0002,0.999000499833375,0.0,0.0,10.0,PSF Fitting,50,50,100.0,50,100.0,149.85007497500627,0.04034914999103363,20.1745749918816,1233.8479300029576,2.8200899716466665
12B_attenuation,5.0,0.0005,0.9975031223974601,0.0,0.0,10.0,Gaussian Fitting,50,50,100.0,50,100.0,149.62546835961902,0.03303689214115611,16.51844606858622,1221.436758004129,3.7690139934420586
12B_attenuation,5.0,0.0005,0.9975031223974601,0.0,0.0,10.0,Intensity-Weighted Centroid,50,50,100.0,50,100.0,149.62546835961902,0.2051190142958404,102.55950666201143,1221.436758004129,0.21274801343679428
12B_attenuation,5.0,0.0005,0.9975031223974601,0.0,0.0,10.0,PSF Fitting,50,50,100.0,50,100.0,149.62546835961902,0.0331066005512296,16.553300273613768,1221.436758004129,2.8264540107920766
12B_attenuation,5.0,0.001,0.9950124791926823,0.0,0.0,10.0,Gaussian Fitting,50,50,100.0,50,100.0,149.25187187890234,0.035081023862531105,17.5405119290003,1172.9734059842303,3.7556919921189547
12B_attenuation,5.0,0.001,0.9950124791926823,0.0,0.0,10.0,Intensity-Weighted Centroid,50,50,100.0,50,100.0,149.25187187890234,0.20749583885680667,103.74791892316688,1172.9734059842303,0.2106240065768361
12B_attenuation,5.0,0.001,0.9950124791926823,0.0,0.0,10.0,PSF Fitting,50,50,100.0,50,100.0,149.25187187890234,0.03502473668727522,17.512368341386416,1172.9734059842303,2.769325990229845
12B_attenuation,10.0,0.0,1.0,0.0,0.0,10.0,Gaussian Fitting,50,50,100.0,50,100.0,150.0,0.037122848794856785,18.56142439463334,1243.7321560131386,3.714667996391654
12B_attenuation,10.0,0.0,1.0,0.0,0.0,10.0,Intensity-Weighted Centroid,50,50,100.0,50,100.0,150.0,0.21886996511647808,109.43498197912727,1243.7321560131386,0.2075120061635971
12B_attenuation,10.0,0.0,1.0,0.0,0.0,10.0,PSF Fitting,50,50,100.0,50,100.0,150.0,0.03712734789987532,18.5636739471484,1243.7321560131386,2.7458960097283125
12B_attenuation,10.0,5e-05,0.9995001249791693,0.0,0.0,10.0,Gaussian Fitting,50,50,100.0,50,100.0,149.92501874687537,0.03488775997808105,17.443879986926213,1265.325253996998,3.814182016067207
12B_attenuation,10.0,5e-05,0.9995001249791693,0.0,0.0,10.0,Intensity-Weighted Centroid,50,50,100.0,50,100.0,149.92501874687537,0.19925030210842926,99.62515064263849,1265.325253996998,0.22271002177149057
12B_attenuation,10.0,5e-05,0.9995001249791693,0.0,0.0,10.0,PSF Fitting,50,50,100.0,50,100.0,149.92501874687537,0.034831052374307836,17.41552618505733,1265.325253996998,2.8323480067774653
12B_attenuation,10.0,0.0001,0.999000499833375,0.0,0.0,10.0,Gaussian Fitting,50,50,100.0,50,100.0,149.85007497500627,0.0342421390644992,17.121069529850693,1251.087455986999,3.80580001976341
12B_attenuation,10.0,0.0001,0.999000499833375,0.0,0.0,10.0,Intensity-Weighted Centroid,50,50,100.0,50,100.0,149.85007497500627,0.21941887528997875,109.70943699372836,1251.087455986999,0.20557598676532507
12B_attenuation,10.0,0.0001,0.999000499833375,0.0,0.0,10.0,PSF Fitting,50,50,100.0,50,100.0,149.85007497500627,0.03427445960987963,17.13722980254429,1251.087455986999,2.825919995084405
12B_attenuation,10.0,0.0002,0.9980019986673331,0.0,0.0,10.0,Gaussian Fitting,50,50,100.0,50,100.0,149.70029980009997,0.03281679917218063,16.408399583568762,1234.5454000122845,3.7401320226490498
12B_attenuation,10.0,0.0002,0.9980019986673331,0.0,0.0,10.0,Intensity-Weighted Centroid,50,50,100.0,50,100.0,149.70029980009997,0.20926290226444727,104.6314505643135,1234.5454000122845,0.20561998710036278
12B_attenuation,10.0,0.0002,0.9980019986673331,0.0,0.0,10.0,PSF Fitting,50,50,100.0,50,100.0,149.70029980009997,0.03278338064191998,16.39169031843389,1234.5454000122845,2.7555200085043907
12B_attenuation,10.0,0.0005,0.9950124791926823,0.0,0.0,10.0,Gaussian Fitting,50,50,100.0,50,100.0,149.25187187890234,0.03620339326510596,18.101696629551256,1178.5645119985566,3.830126002430916
12B_attenuation,10.0,0.0005,0.9950124791926823,0.0,0.0,10.0,Intensity-Weighted Centroid,50,50,100.0,50,100.0,149.25187187890234,0.22534528650948796,112.67264263336526,1178.5645119985566,0.2107600076124072
12B_attenuation,10.0,0.0005,0.9950124791926823,0.0,0.0,10.0,PSF Fitting,50,50,100.0,50,100.0,149.25187187890234,0.03611695192606785,18.058475960040624,1178.5645119985566,2.787089985795319
12B_attenuation,10.0,0.001,0.9900498337491681,0.0,0.0,10.0,Gaussian Fitting,50,50,100.0,50,100.0,148.50747506237522,0.033692279049762,16.846139522094198,1124.1007999936119,3.829799978993833
12B_attenuation,10.0,0.001,0.9900498337491681,0.0,0.0,10.0,Intensity-Weighted Centroid,50,50,100.0,50,100.0,148.50747506237522,0.19418007711474236,97.09003805369028,1124.1007999936119,0.21020797081291676
12B_attenuation,10.0,0.001,0.9900498337491681,0.0,0.0,10.0,PSF Fitting,50,50,100.0,50,100.0,148.50747506237522,0.03377968921491447,16.88984460464788,1124.1007999936119,2.8136620251461864
12C_turbulence,5.0,0.0001,0.9995001249791693,0.0,0.0,10.0,Gaussian Fitting,50,50,100.0,50,100.0,149.92501874687537,0.03292108007484561,16.46054003520212,1244.126275992021,3.7567759910598397
12C_turbulence,5.0,0.0001,0.9995001249791693,0.0,0.0,10.0,Intensity-Weighted Centroid,50,50,100.0,50,100.0,149.92501874687537,0.21065342538731327,105.3267120331713,1244.126275992021,0.20472399424761534
12C_turbulence,5.0,0.0001,0.9995001249791693,0.0,0.0,10.0,PSF Fitting,50,50,100.0,50,100.0,149.92501874687537,0.03293810555575401,16.469052775656987,1244.126275992021,2.783578005619347
12C_turbulence,5.0,0.0001,0.9995001249791693,0.1,0.0,10.0,Gaussian Fitting,50,50,100.0,50,100.0,150.7286697948218,0.03645678562252269,18.22839254252827,1263.7814820138738,3.8739280216395855
12C_turbulence,5.0,0.0001,0.9995001249791693,0.1,0.0,10.0,Intensity-Weighted Centroid,50,50,100.0,50,100.0,150.7286697948218,0.23379799575979923,116.89899526216632,1263.7814820138738,0.20511599257588387
12C_turbulence,5.0,0.0001,0.9995001249791693,0.1,0.0,10.0,PSF Fitting,50,50,100.0,50,100.0,150.7286697948218,0.0364331297643535,18.21656461415581,1263.7814820138738,2.8791239857673645
12C_turbulence,5.0,0.0001,0.9995001249791693,0.25,0.0,10.0,Gaussian Fitting,50,50,100.0,50,100.0,148.16995790481732,0.03501022679332293,17.50511135432396,1275.302061997354,3.9121000142768025
12C_turbulence,5.0,0.0001,0.9995001249791693,0.25,0.0,10.0,Intensity-Weighted Centroid,50,50,100.0,50,100.0,148.16995790481732,0.2568502539227879,128.42511130824485,1275.302061997354,0.21533198188990355
12C_turbulence,5.0,0.0001,0.9995001249791693,0.25,0.0,10.0,PSF Fitting,50,50,100.0,50,100.0,148.16995790481732,0.03506129182886508,17.53064387757907,1275.302061997354,2.8714659810066223
12C_turbulence,5.0,0.0001,0.9995001249791693,0.5,0.0,10.0,Gaussian Fitting,50,50,100.0,50,100.0,147.75887321481804,0.03716095756899538,18.580469300330783,1317.704525985755,3.8270939653739333
12C_turbulence,5.0,0.0001,0.9995001249791693,0.5,0.0,10.0,Intensity-Weighted Centroid,50,50,100.0,50,100.0,147.75887321481804,0.20100508443580126,100.5024880745215,1317.704525985755,0.2124540088698268
12C_turbulence,5.0,0.0001,0.9995001249791693,0.5,0.0,10.0,PSF Fitting,50,50,100.0,50,100.0,147.75887321481804,0.03707457605558898,18.537278488416792,1317.704525985755,2.8276120172813535
12D_scattering,5.0,0.0001,0.9995001249791693,0.0,0.0,5.0,Gaussian Fitting,50,50,100.0,50,100.0,149.92501874687537,0.03542573277399352,17.71286638452788,1260.902930018492,3.655959996394813
12D_scattering,5.0,0.0001,0.9995001249791693,0.0,0.0,5.0,Intensity-Weighted Centroid,50,50,100.0,50,100.0,149.92501874687537,0.2128885376304893,106.44426816654678,1260.902930018492,0.2121059875935316
12D_scattering,5.0,0.0001,0.9995001249791693,0.0,0.0,5.0,PSF Fitting,50,50,100.0,50,100.0,149.92501874687537,0.03532412839661244,17.66206419585906,1260.902930018492,2.776040001772344
12D_scattering,5.0,0.0001,0.9995001249791693,0.0,0.0,10.0,Gaussian Fitting,50,50,100.0,50,100.0,149.92501874687537,0.033561052826162466,16.78052641062374,1268.7968700099736,3.827340016141534
12D_scattering,5.0,0.0001,0.9995001249791693,0.0,0.0,10.0,Intensity-Weighted Centroid,50,50,100.0,50,100.0,149.92501874687537,0.22911782028871203,114.55890929965422,1268.7968700099736,0.20548200234770775
12D_scattering,5.0,0.0001,0.9995001249791693,0.0,0.0,10.0,PSF Fitting,50,50,100.0,50,100.0,149.92501874687537,0.033530723970491505,16.76536198278532,1268.7968700099736,2.895218003541231
12D_scattering,5.0,0.0001,0.9995001249791693,0.0,0.0,20.0,Gaussian Fitting,50,50,100.0,50,100.0,149.92501874687537,0.03792982983904348,18.964914915596413,1428.399416017346,3.965470022521913
12D_scattering,5.0,0.0001,0.9995001249791693,0.0,0.0,20.0,Intensity-Weighted Centroid,50,50,100.0,50,100.0,149.92501874687537,0.18193748517919947,90.96874228407461,1428.399416017346,0.2205120027065277
12D_scattering,5.0,0.0001,0.9995001249791693,0.0,0.0,20.0,PSF Fitting,50,50,100.0,50,100.0,149.92501874687537,0.03799930637337976,18.999653182729737,1428.399416017346,2.948650000616908
12D_scattering,5.0,0.0001,0.9995001249791693,0.0,0.05,5.0,Gaussian Fitting,50,0,0.0,0,0.0,149.92501874687537,0.006416559760822831,3.208279880396314,1248.3133980073035,7.888117986731231
12D_scattering,5.0,0.0001,0.9995001249791693,0.0,0.05,5.0,Intensity-Weighted Centroid,50,0,0.0,0,0.0,149.92501874687537,0.008763617042283024,4.381808521100888,1248.3133980073035,0.21666399203240871
12D_scattering,5.0,0.0001,0.9995001249791693,0.0,0.05,5.0,PSF Fitting,50,0,0.0,0,0.0,149.92501874687537,0.7063737788267935,353.186882070584,1248.3133980073035,2.915305979549885
12D_scattering,5.0,0.0001,0.9995001249791693,0.0,0.05,10.0,Gaussian Fitting,50,0,0.0,0,0.0,149.92501874687537,0.01309692229540833,6.548461147572262,613.6577080003917,8.15284799784422
12D_scattering,5.0,0.0001,0.9995001249791693,0.0,0.05,10.0,Intensity-Weighted Centroid,50,0,0.0,0,0.0,149.92501874687537,0.01283718644078307,6.41859322027337,613.6577080003917,0.20533399656414986
12D_scattering,5.0,0.0001,0.9995001249791693,0.0,0.05,10.0,PSF Fitting,50,0,0.0,0,0.0,149.92501874687537,0.18233226141970946,91.16613056878546,613.6577080003917,204.17894198559225
12D_scattering,5.0,0.0001,0.9995001249791693,0.0,0.05,20.0,Gaussian Fitting,50,0,0.0,0,0.0,149.92501874687537,0.03612820734482616,18.06410366948248,11478.88285398949,6.287212003953755
12D_scattering,5.0,0.0001,0.9995001249791693,0.0,0.05,20.0,Intensity-Weighted Centroid,50,0,0.0,0,0.0,149.92501874687537,0.06966770799794277,34.833853980176855,11478.88285398949,0.20464200992137194
12D_scattering,5.0,0.0001,0.9995001249791693,0.0,0.05,20.0,PSF Fitting,50,0,0.0,0,0.0,149.92501874687537,0.03514850566936013,17.574252831876457,11478.88285398949,3.6942459968850017
12D_scattering,5.0,0.0001,0.9995001249791693,0.0,0.1,5.0,Gaussian Fitting,50,0,0.0,0,0.0,149.92501874687537,0.006811367608358293,3.4056838041593784,249.05204602051526,8.891210011206567
12D_scattering,5.0,0.0001,0.9995001249791693,0.0,0.1,5.0,Intensity-Weighted Centroid,50,0,0.0,0,0.0,149.92501874687537,0.006529320262068321,3.2646601310185166,249.05204602051526,0.21136000286787748
12D_scattering,5.0,0.0001,0.9995001249791693,0.0,0.1,5.0,PSF Fitting,50,0,0.0,0,0.0,149.92501874687537,0.7070897631800134,353.5448742248431,249.05204602051526,2.85945201292634
12D_scattering,5.0,0.0001,0.9995001249791693,0.0,0.1,10.0,Gaussian Fitting,50,0,0.0,0,0.0,149.92501874687537,0.013492842500841708,6.746421250278422,43.95504400599748,8.03982203360647
12D_scattering,5.0,0.0001,0.9995001249791693,0.0,0.1,10.0,Intensity-Weighted Centroid,50,0,0.0,0,0.0,149.92501874687537,0.009749457250392135,4.8747286251429625,43.95504400599748,0.20627400372177362
12D_scattering,5.0,0.0001,0.9995001249791693,0.0,0.1,10.0,PSF Fitting,50,0,0.0,0,0.0,149.92501874687537,0.7071073821258864,353.553683697229,43.95504400599748,2.775222002528608
12D_scattering,5.0,0.0001,0.9995001249791693,0.0,0.1,20.0,Gaussian Fitting,50,0,0.0,0,0.0,149.92501874687537,0.037288944716800415,18.644472355650105,447.37374800257385,16.074920021928847
12D_scattering,5.0,0.0001,0.9995001249791693,0.0,0.1,20.0,Intensity-Weighted Centroid,50,0,0.0,0,0.0,149.92501874687537,0.039205772938884706,19.60288646625093,447.37374800257385,0.1988500077277422
12D_scattering,5.0,0.0001,0.9995001249791693,0.0,0.1,20.0,PSF Fitting,50,0,0.0,0,0.0,149.92501874687537,0.04517279115195545,22.586395570410755,447.37374800257385,4.591252016834915
12D_scattering,5.0,0.0001,0.9995001249791693,0.0,0.2,5.0,Gaussian Fitting,50,0,0.0,0,0.0,149.92501874687537,0.0055237132015948,2.761856600788069,29.030551980249584,8.074589995667338
12D_scattering,5.0,0.0001,0.9995001249791693,0.0,0.2,5.0,Intensity-Weighted Centroid,50,0,0.0,0,0.0,149.92501874687537,0.004617622978487858,2.3088114892382703,29.030551980249584,0.21134999115020037
12D_scattering,5.0,0.0001,0.9995001249791693,0.0,0.2,5.0,PSF Fitting,50,0,0.0,0,0.0,149.92501874687537,0.7071070279738414,353.55350662121765,29.030551980249584,2.749513993039727
12D_scattering,5.0,0.0001,0.9995001249791693,0.0,0.2,10.0,Gaussian Fitting,50,0,0.0,0,0.0,149.92501874687537,0.031164714734909463,15.58235736489723,29.54247596208006,13.08665198739618
12D_scattering,5.0,0.0001,0.9995001249791693,0.0,0.2,10.0,Intensity-Weighted Centroid,50,0,0.0,0,0.0,149.92501874687537,0.005853463179886933,2.926731589930964,29.54247596208006,0.21542201284319162
12D_scattering,5.0,0.0001,0.9995001249791693,0.0,0.2,10.0,PSF Fitting,50,0,0.0,0,0.0,149.92501874687537,0.7071071875352022,353.5535864018931,29.54247596208006,2.3589260084554553
12D_scattering,5.0,0.0001,0.9995001249791693,0.0,0.2,20.0,Gaussian Fitting,50,0,0.0,0,0.0,149.92501874687537,0.035785709009630816,17.892854502190353,98.49536799825728,13.16054601687938
12D_scattering,5.0,0.0001,0.9995001249791693,0.0,0.2,20.0,Intensity-Weighted Centroid,50,0,0.0,0,0.0,149.92501874687537,0.027646809548783388,13.823404773195465,98.49536799825728,0.20204799249768257
12D_scattering,5.0,0.0001,0.9995001249791693,0.0,0.2,20.0,PSF Fitting,50,0,0.0,0,0.0,149.92501874687537,0.707107214001434,353.5535996350081,98.49536799825728,2.3090440034866333
12D_scattering,5.0,0.0001,0.9995001249791693,0.0,0.4,5.0,Gaussian Fitting,50,0,0.0,0,0.0,149.92501874687537,0.004447694574288612,2.223847287140022,23.666724017821252,10.088093979284167
12D_scattering,5.0,0.0001,0.9995001249791693,0.0,0.4,5.0,Intensity-Weighted Centroid,50,0,0.0,0,0.0,149.92501874687537,0.002932536056624661,1.4662680283107234,23.666724017821252,0.20044600125402212
12D_scattering,5.0,0.0001,0.9995001249791693,0.0,0.4,5.0,PSF Fitting,50,0,0.0,0,0.0,149.92501874687537,0.7071073814103765,353.5536833394741,23.666724017821252,2.814608016051352
12D_scattering,5.0,0.0001,0.9995001249791693,0.0,0.4,10.0,Gaussian Fitting,50,0,0.0,0,0.0,149.92501874687537,0.6946862163395144,347.3431011853687,23.974525998346508,20.31110399402678
12D_scattering,5.0,0.0001,0.9995001249791693,0.0,0.4,10.0,Intensity-Weighted Centroid,50,0,0.0,0,0.0,149.92501874687537,,,23.974525998346508,0.19041998777538538
12D_scattering,5.0,0.0001,0.9995001249791693,0.0,0.4,10.0,PSF Fitting,50,0,0.0,0,0.0,149.92501874687537,0.5876856557696415,293.8428228058607,23.974525998346508,12.365883998572826
12D_scattering,5.0,0.0001,0.9995001249791693,0.0,0.4,20.0,Gaussian Fitting,50,0,0.0,0,0.0,149.92501874687537,0.6946862163395144,347.3431011853687,35.636858004145324,21.191957984119654
12D_scattering,5.0,0.0001,0.9995001249791693,0.0,0.4,20.0,Intensity-Weighted Centroid,50,0,0.0,0,0.0,149.92501874687537,,,35.636858004145324,0.2009859960526228
12D_scattering,5.0,0.0001,0.9995001249791693,0.0,0.4,20.0,PSF Fitting,50,0,0.0,0,0.0,149.92501874687537,0.5876856557696415,293.8428228058607,35.636858004145324,13.74030597973615
