scenario_name,range_km,method,total_trials,p_detection_pct,p_false_alarm_pct,beam_radius_m,captured_power_ratio,transmittance,received_amplitude_dn,rmse_angular_urad,is_fully_compliant
clear,1.0,Gaussian Fitting,30,100.0,0.0,0.03185088114826883,0.7942109298496658,0.9567560670636005,149.25357236389058,17.924806673559473,True
clear,1.0,Intensity-Weighted Centroid,30,100.0,0.0,0.03185088114826883,0.7942109298496658,0.9567560670636005,149.25357236389058,140.10886207023674,False
clear,1.0,PSF Fitting,30,100.0,0.0,0.03185088114826883,0.7942109298496658,0.9567560670636005,149.25357236389058,17.863912671582888,True
clear,2.0,Gaussian Fitting,30,100.0,0.0,0.04672167077154439,0.719028599013079,0.9153821718630085,129.86448603559103,24.33855134846228,True
clear,2.0,Intensity-Weighted Centroid,30,100.0,0.0,0.04672167077154439,0.719028599013079,0.9153821718630085,129.86448603559103,132.68630917096647,False
clear,2.0,PSF Fitting,30,100.0,0.0,0.04672167077154439,0.719028599013079,0.9153821718630085,129.86448603559103,24.343992121123552,True
clear,5.0,Gaussian Fitting,30,100.0,0.0,0.10179374120263321,0.30622605908534756,0.8016893687915759,48.75809519970864,58.222621255119726,True
clear,5.0,Intensity-Weighted Centroid,30,100.0,0.0,0.10179374120263321,0.30622605908534756,0.8016893687915759,48.75809519970864,201.54188614507729,False
clear,5.0,PSF Fitting,30,100.0,0.0,0.10179374120263321,0.30622605908534756,0.8016893687915759,48.75809519970864,57.561122236261845,True
clear,10.0,Gaussian Fitting,30,0.0,0.0,0.19892929143822602,0.09495437496928355,0.6427058440334361,12.043893079319288,,False
clear,10.0,Intensity-Weighted Centroid,30,0.0,0.0,0.19892929143822602,0.09495437496928355,0.6427058440334361,12.043893079319288,,False
clear,10.0,PSF Fitting,30,0.0,0.0,0.19892929143822602,0.09495437496928355,0.6427058440334361,12.043893079319288,,False
clear,15.0,Gaussian Fitting,30,0.0,0.0,0.2970819613040448,0.044061940007055066,0.5152504424218224,0.0,,False
clear,15.0,Intensity-Weighted Centroid,30,0.0,0.0,0.2970819613040448,0.044061940007055066,0.5152504424218224,0.0,,False
clear,15.0,PSF Fitting,30,0.0,0.0,0.2970819613040448,0.044061940007055066,0.5152504424218224,0.0,,False
clear,20.0,Gaussian Fitting,30,0.0,0.0,0.39549519841391084,0.025168349376559727,0.4130708019547314,0.0,,False
clear,20.0,Intensity-Weighted Centroid,30,0.0,0.0,0.39549519841391084,0.025168349376559727,0.4130708019547314,0.0,,False
clear,20.0,PSF Fitting,30,0.0,0.0,0.39549519841391084,0.025168349376559727,0.4130708019547314,0.0,,False
fog,1.0,Gaussian Fitting,30,100.0,0.0,0.03185088114826883,0.7942109298496658,0.27186558617261153,42.816029921513284,57.92799247786499,True
fog,1.0,Intensity-Weighted Centroid,30,100.0,0.0,0.03185088114826883,0.7942109298496658,0.27186558617261153,42.816029921513284,243.2340443385417,False
fog,1.0,PSF Fitting,30,100.0,0.0,0.03185088114826883,0.7942109298496658,0.27186558617261153,42.816029921513284,58.44991632069195,True
fog,2.0,Gaussian Fitting,30,0.0,0.0,0.04672167077154439,0.719028599013079,0.07391089694497759,5.37203358708282,,False
fog,2.0,Intensity-Weighted Centroid,30,0.0,0.0,0.04672167077154439,0.719028599013079,0.07391089694497759,5.37203358708282,,False
fog,2.0,PSF Fitting,30,0.0,0.0,0.04672167077154439,0.719028599013079,0.07391089694497759,5.37203358708282,,False
fog,5.0,Gaussian Fitting,30,0.0,0.0,0.10179374120263321,0.30622605908534756,0.0014851529482845143,0.0,,False
fog,5.0,Intensity-Weighted Centroid,30,0.0,0.0,0.10179374120263321,0.30622605908534756,0.0014851529482845143,0.0,,False
fog,5.0,PSF Fitting,30,0.0,0.0,0.10179374120263321,0.30622605908534756,0.0014851529482845143,0.0,,False
fog,10.0,Gaussian Fitting,30,0.0,0.0,0.19892929143822602,0.09495437496928355,2.205679279798183e-06,0.0,,False
fog,10.0,Intensity-Weighted Centroid,30,0.0,0.0,0.19892929143822602,0.09495437496928355,2.205679279798183e-06,0.0,,False
fog,10.0,PSF Fitting,30,0.0,0.0,0.19892929143822602,0.09495437496928355,2.205679279798183e-06,0.0,,False
fog,15.0,Gaussian Fitting,30,0.0,0.0,0.2970819613040448,0.044061940007055066,3.2757710853623274e-09,0.0,,False
fog,15.0,Intensity-Weighted Centroid,30,0.0,0.0,0.2970819613040448,0.044061940007055066,3.2757710853623274e-09,0.0,,False
fog,15.0,PSF Fitting,30,0.0,0.0,0.2970819613040448,0.044061940007055066,3.2757710853623274e-09,0.0,,False
fog,20.0,Gaussian Fitting,30,0.0,0.0,0.39549519841391084,0.025168349376559727,4.865021085331033e-12,0.0,,False
fog,20.0,Intensity-Weighted Centroid,30,0.0,0.0,0.39549519841391084,0.025168349376559727,4.865021085331033e-12,0.0,,False
fog,20.0,PSF Fitting,30,0.0,0.0,0.39549519841391084,0.025168349376559727,4.865021085331033e-12,0.0,,False
haze,1.0,Gaussian Fitting,30,100.0,0.0,0.03185088114826883,0.7942109298496658,0.7577609529004794,119.02573513549163,21.24368624351257,True
haze,1.0,Intensity-Weighted Centroid,30,100.0,0.0,0.03185088114826883,0.7942109298496658,0.7577609529004794,119.02573513549163,153.4457678563568,False
haze,1.0,PSF Fitting,30,100.0,0.0,0.03185088114826883,0.7942109298496658,0.7577609529004794,119.02573513549163,21.2301305808826,True
haze,2.0,Gaussian Fitting,30,100.0,0.0,0.04672167077154439,0.719028599013079,0.5742016617406426,81.49580456029989,33.953143711654704,True
haze,2.0,Intensity-Weighted Centroid,30,100.0,0.0,0.04672167077154439,0.719028599013079,0.5742016617406426,81.49580456029989,155.2201125670171,False
haze,2.0,PSF Fitting,30,100.0,0.0,0.04672167077154439,0.719028599013079,0.5742016617406426,81.49580456029989,33.77458488623516,True
haze,5.0,Gaussian Fitting,30,20.0,0.0,0.10179374120263321,0.30622605908534756,0.2498395060129301,15.16029119274256,171.18754780005207,False
haze,5.0,Intensity-Weighted Centroid,30,20.0,0.0,0.10179374120263321,0.30622605908534756,0.2498395060129301,15.16029119274256,378.5175814507159,False
haze,5.0,PSF Fitting,30,20.0,0.0,0.10179374120263321,0.30622605908534756,0.2498395060129301,15.16029119274256,146.02469375866986,False
haze,10.0,Gaussian Fitting,30,0.0,0.0,0.19892929143822602,0.09495437496928355,0.062419778764784946,0.0,,False
haze,10.0,Intensity-Weighted Centroid,30,0.0,0.0,0.19892929143822602,0.09495437496928355,0.062419778764784946,0.0,,False
haze,10.0,PSF Fitting,30,0.0,0.0,0.19892929143822602,0.09495437496928355,0.062419778764784946,0.0,,False
haze,15.0,Gaussian Fitting,30,0.0,0.0,0.2970819613040448,0.044061940007055066,0.015594926692030265,0.0,,False
haze,15.0,Intensity-Weighted Centroid,30,0.0,0.0,0.2970819613040448,0.044061940007055066,0.015594926692030265,0.0,,False
haze,15.0,PSF Fitting,30,0.0,0.0,0.2970819613040448,0.044061940007055066,0.015594926692030265,0.0,,False
haze,20.0,Gaussian Fitting,30,0.0,0.0,0.39549519841391084,0.025168349376559727,0.0038962287810447,0.0,,False
haze,20.0,Intensity-Weighted Centroid,30,0.0,0.0,0.39549519841391084,0.025168349376559727,0.0038962287810447,0.0,,False
haze,20.0,PSF Fitting,30,0.0,0.0,0.39549519841391084,0.025168349376559727,0.0038962287810447,0.0,,False
low_light,1.0,Gaussian Fitting,30,100.0,10.0,0.03185088114826883,0.7942109298496658,0.9504327846112631,150.45371117006238,18.890427115570372,False
low_light,1.0,Intensity-Weighted Centroid,30,100.0,10.0,0.03185088114826883,0.7942109298496658,0.9504327846112631,150.45371117006238,115.70667204012457,False
low_light,1.0,PSF Fitting,30,100.0,10.0,0.03185088114826883,0.7942109298496658,0.9504327846112631,150.45371117006238,18.858322776547514,False
low_light,2.0,Gaussian Fitting,30,100.0,16.666666666666664,0.04672167077154439,0.719028599013079,0.9033224780639202,128.63029004784363,20.613012949374674,False
low_light,2.0,Intensity-Weighted Centroid,30,100.0,16.666666666666664,0.04672167077154439,0.719028599013079,0.9033224780639202,128.63029004784363,123.64820915865546,False
low_light,2.0,PSF Fitting,30,100.0,16.666666666666664,0.04672167077154439,0.719028599013079,0.9033224780639202,128.63029004784363,20.63123008003634,False
low_light,5.0,Gaussian Fitting,30,100.0,13.333333333333334,0.10179374120263321,0.30622605908534756,0.7755450729706158,46.9137950933747,55.49105152795188,False
low_light,5.0,Intensity-Weighted Centroid,30,100.0,13.333333333333334,0.10179374120263321,0.30622605908534756,0.7755450729706158,46.9137950933747,223.20380833316278,False
low_light,5.0,PSF Fitting,30,100.0,13.333333333333334,0.10179374120263321,0.30622605908534756,0.7755450729706158,46.9137950933747,55.66627782711463,False
low_light,10.0,Gaussian Fitting,30,13.333333333333334,10.0,0.19892929143822602,0.09495437496928355,0.6014701602089977,10.85211145642554,241.20152904629364,False
low_light,10.0,Intensity-Weighted Centroid,30,13.333333333333334,10.0,0.19892929143822602,0.09495437496928355,0.6014701602089977,10.85211145642554,536.6208412675397,False
low_light,10.0,PSF Fitting,30,13.333333333333334,10.0,0.19892929143822602,0.09495437496928355,0.6014701602089977,10.85211145642554,185.30381892750214,False
low_light,15.0,Gaussian Fitting,30,0.0,10.0,0.2970819613040448,0.044061940007055066,0.4664672192889353,0.0,,False
low_light,15.0,Intensity-Weighted Centroid,30,0.0,10.0,0.2970819613040448,0.044061940007055066,0.4664672192889353,0.0,,False
low_light,15.0,PSF Fitting,30,0.0,10.0,0.2970819613040448,0.044061940007055066,0.4664672192889353,0.0,,False
low_light,20.0,Gaussian Fitting,30,0.0,10.0,0.39549519841391084,0.025168349376559727,0.3617663536218375,0.0,,False
low_light,20.0,Intensity-Weighted Centroid,30,0.0,10.0,0.39549519841391084,0.025168349376559727,0.3617663536218375,0.0,,False
low_light,20.0,PSF Fitting,30,0.0,10.0,0.39549519841391084,0.025168349376559727,0.3617663536218375,0.0,,False
rain,1.0,Gaussian Fitting,30,100.0,0.0,0.03185088114826883,0.7942109298496658,0.2623081628954627,41.23943530916465,63.70001642137681,True
rain,1.0,Intensity-Weighted Centroid,30,100.0,0.0,0.03185088114826883,0.7942109298496658,0.2623081628954627,41.23943530916465,215.74557286557254,False
rain,1.0,PSF Fitting,30,100.0,0.0,0.03185088114826883,0.7942109298496658,0.2623081628954627,41.23943530916465,63.7940097793348,True
rain,2.0,Gaussian Fitting,30,0.0,0.0,0.04672167077154439,0.719028599013079,0.06880557232159264,0.0,,False
rain,2.0,Intensity-Weighted Centroid,30,0.0,0.0,0.04672167077154439,0.719028599013079,0.06880557232159264,0.0,,False
rain,2.0,PSF Fitting,30,0.0,0.0,0.04672167077154439,0.719028599013079,0.06880557232159264,0.0,,False
rain,5.0,Gaussian Fitting,30,0.0,0.0,0.10179374120263321,0.30622605908534756,0.0012418210838853175,0.0,,False
rain,5.0,Intensity-Weighted Centroid,30,0.0,0.0,0.10179374120263321,0.30622605908534756,0.0012418210838853175,0.0,,False
rain,5.0,PSF Fitting,30,0.0,0.0,0.10179374120263321,0.30622605908534756,0.0012418210838853175,0.0,,False
rain,10.0,Gaussian Fitting,30,0.0,0.0,0.19892929143822602,0.09495437496928355,1.5421196043821042e-06,0.0,,False
rain,10.0,Intensity-Weighted Centroid,30,0.0,0.0,0.19892929143822602,0.09495437496928355,1.5421196043821042e-06,0.0,,False
rain,10.0,PSF Fitting,30,0.0,0.0,0.19892929143822602,0.09495437496928355,1.5421196043821042e-06,0.0,,False
rain,15.0,Gaussian Fitting,30,0.0,3.3333333333333335,0.2970819613040448,0.044061940007055066,1.915036638594581e-09,0.0,,False
rain,15.0,Intensity-Weighted Centroid,30,0.0,3.3333333333333335,0.2970819613040448,0.044061940007055066,1.915036638594581e-09,0.0,,False
rain,15.0,PSF Fitting,30,0.0,3.3333333333333335,0.2970819613040448,0.044061940007055066,1.915036638594581e-09,0.0,,False
rain,20.0,Gaussian Fitting,30,0.0,0.0,0.39549519841391084,0.025168349376559727,2.3781328742196194e-12,0.0,,False
rain,20.0,Intensity-Weighted Centroid,30,0.0,0.0,0.39549519841391084,0.025168349376559727,2.3781328742196194e-12,0.0,,False
rain,20.0,PSF Fitting,30,0.0,0.0,0.39549519841391084,0.025168349376559727,2.3781328742196194e-12,0.0,,False
scattering_halo,1.0,Gaussian Fitting,30,100.0,0.0,0.03185088114826883,0.7942109298496658,0.9033224780639202,141.48721793143937,16.604842115268852,True
scattering_halo,1.0,Intensity-Weighted Centroid,30,100.0,0.0,0.03185088114826883,0.7942109298496658,0.9033224780639202,141.48721793143937,134.78927218783818,False
scattering_halo,1.0,PSF Fitting,30,100.0,0.0,0.03185088114826883,0.7942109298496658,0.9033224780639202,141.48721793143937,16.62228792729131,True
scattering_halo,2.0,Gaussian Fitting,30,100.0,0.0,0.04672167077154439,0.719028599013079,0.8159914993755417,115.85011545051468,21.043862488720798,True
scattering_halo,2.0,Intensity-Weighted Centroid,30,100.0,0.0,0.04672167077154439,0.719028599013079,0.8159914993755417,115.85011545051468,139.19667572267628,False
scattering_halo,2.0,PSF Fitting,30,100.0,0.0,0.04672167077154439,0.719028599013079,0.8159914993755417,115.85011545051468,20.976216432649327,True
scattering_halo,5.0,Gaussian Fitting,30,100.0,0.0,0.10179374120263321,0.30622605908534756,0.6014701602089977,36.21269907672686,74.77410484406671,True
scattering_halo,5.0,Intensity-Weighted Centroid,30,100.0,0.0,0.10179374120263321,0.30622605908534756,0.6014701602089977,36.21269907672686,235.6180217842181,False
scattering_halo,5.0,PSF Fitting,30,100.0,0.0,0.10179374120263321,0.30622605908534756,0.6014701602089977,36.21269907672686,74.76971936430867,True
scattering_halo,10.0,Gaussian Fitting,30,0.0,0.0,0.19892929143822602,0.09495437496928355,0.3617663536218375,0.0,,False
scattering_halo,10.0,Intensity-Weighted Centroid,30,0.0,0.0,0.19892929143822602,0.09495437496928355,0.3617663536218375,0.0,,False
scattering_halo,10.0,PSF Fitting,30,0.0,0.0,0.19892929143822602,0.09495437496928355,0.3617663536218375,0.0,,False
scattering_halo,15.0,Gaussian Fitting,30,0.0,0.0,0.2970819613040448,0.044061940007055066,0.21759166667115168,0.0,,False
scattering_halo,15.0,Intensity-Weighted Centroid,30,0.0,0.0,0.2970819613040448,0.044061940007055066,0.21759166667115168,0.0,,False
scattering_halo,15.0,PSF Fitting,30,0.0,0.0,0.2970819613040448,0.044061940007055066,0.21759166667115168,0.0,,False
scattering_halo,20.0,Gaussian Fitting,30,0.0,0.0,0.39549519841391084,0.025168349376559727,0.1308748946128405,0.0,,False
scattering_halo,20.0,Intensity-Weighted Centroid,30,0.0,0.0,0.39549519841391084,0.025168349376559727,0.1308748946128405,0.0,,False
scattering_halo,20.0,PSF Fitting,30,0.0,0.0,0.39549519841391084,0.025168349376559727,0.1308748946128405,0.0,,False
turbulence,1.0,Gaussian Fitting,30,100.0,0.0,0.03185088114826883,0.7942109298496658,0.9504327846112631,153.827678625565,16.94053882499291,True
turbulence,1.0,Intensity-Weighted Centroid,30,100.0,0.0,0.03185088114826883,0.7942109298496658,0.9504327846112631,153.827678625565,92.0230183362841,True
turbulence,1.0,PSF Fitting,30,100.0,0.0,0.03185088114826883,0.7942109298496658,0.9504327846112631,153.827678625565,16.97778993280726,True
turbulence,2.0,Gaussian Fitting,30,100.0,0.0,0.04672167077154439,0.719028599013079,0.9033224780639202,135.34051222270026,23.48086022521404,True
turbulence,2.0,Intensity-Weighted Centroid,30,100.0,0.0,0.04672167077154439,0.719028599013079,0.9033224780639202,135.34051222270026,120.47927017959643,False
turbulence,2.0,PSF Fitting,30,100.0,0.0,0.04672167077154439,0.719028599013079,0.9033224780639202,135.34051222270026,23.489090450848433,True
turbulence,5.0,Gaussian Fitting,30,100.0,0.0,0.10179374120263321,0.30622605908534756,0.7755450729706158,45.276589649858245,57.84515403426762,True
turbulence,5.0,Intensity-Weighted Centroid,30,100.0,0.0,0.10179374120263321,0.30622605908534756,0.7755450729706158,45.276589649858245,215.32168832152377,False
turbulence,5.0,PSF Fitting,30,100.0,0.0,0.10179374120263321,0.30622605908534756,0.7755450729706158,45.276589649858245,57.96155264666113,True
turbulence,10.0,Gaussian Fitting,30,6.666666666666667,0.0,0.19892929143822602,0.09495437496928355,0.6014701602089977,6.834524863787408,168.03877412347325,False
turbulence,10.0,Intensity-Weighted Centroid,30,6.666666666666667,0.0,0.19892929143822602,0.09495437496928355,0.6014701602089977,6.834524863787408,570.753291395236,False
turbulence,10.0,PSF Fitting,30,6.666666666666667,0.0,0.19892929143822602,0.09495437496928355,0.6014701602089977,6.834524863787408,157.8019323521281,False
turbulence,15.0,Gaussian Fitting,30,0.0,0.0,0.2970819613040448,0.044061940007055066,0.4664672192889353,0.0,,False
turbulence,15.0,Intensity-Weighted Centroid,30,0.0,0.0,0.2970819613040448,0.044061940007055066,0.4664672192889353,0.0,,False
turbulence,15.0,PSF Fitting,30,0.0,0.0,0.2970819613040448,0.044061940007055066,0.4664672192889353,0.0,,False
turbulence,20.0,Gaussian Fitting,30,0.0,0.0,0.39549519841391084,0.025168349376559727,0.3617663536218375,0.0,,False
turbulence,20.0,Intensity-Weighted Centroid,30,0.0,0.0,0.39549519841391084,0.025168349376559727,0.3617663536218375,0.0,,False
turbulence,20.0,PSF Fitting,30,0.0,0.0,0.39549519841391084,0.025168349376559727,0.3617663536218375,0.0,,False
