trial_id,seed,motion_type,method,snr_db,total_frames,tracked_frames,lost_frames,track_ratio,rmse_pos_error_px,mean_pos_error_px,rmse_angular_error_urad,t_reacquire_frames,t_reacquire_sec,avg_latency_ms
15_constant_velocity_Intensity-Weighted_Centroid_000,153542531,constant_velocity,Intensity-Weighted Centroid,15.0,100,100,0,1.0,3.062403009624579,2.6715620642794806,1530.9006246531246,0,0.0,0.5756680000240522
15_constant_velocity_Intensity-Weighted_Centroid_001,930526281,constant_velocity,Intensity-Weighted Centroid,15.0,100,100,0,1.0,3.250578233131395,2.6896603802459214,1624.988735698269,0,0.0,0.5780009999898539
15_constant_velocity_Gaussian_Fitting_000,58514456,constant_velocity,Gaussian Fitting,15.0,100,100,0,1.0,0.200569891772473,0.18150323339254293,100.23067019848625,0,0.0,4.387736999979097
15_constant_velocity_Gaussian_Fitting_001,127749854,constant_velocity,Gaussian Fitting,15.0,100,100,0,1.0,0.19234703671807923,0.16945770684761416,96.10990755374375,0,0.0,4.5016959999929895
15_constant_velocity_PSF_Fitting_000,847567918,constant_velocity,PSF Fitting,15.0,100,100,0,1.0,0.21312269940308345,0.1861304991015862,106.4977114698502,0,0.0,3.6498229999733667
15_constant_velocity_PSF_Fitting_001,503127014,constant_velocity,PSF Fitting,15.0,100,100,0,1.0,0.21624445440081752,0.19248155268462303,108.05159366654009,0,0.0,3.5831639999923937
15_accelerating_Intensity-Weighted_Centroid_000,790686714,accelerating,Intensity-Weighted Centroid,15.0,100,100,0,1.0,32.41637931678815,22.76422129083866,16180.781004470444,0,0.0,0.593040000030669
15_accelerating_Intensity-Weighted_Centroid_001,440495951,accelerating,Intensity-Weighted Centroid,15.0,100,100,0,1.0,30.406074557360565,21.300356815396498,15176.385375298001,0,0.0,0.5866370000285315
15_accelerating_Gaussian_Fitting_000,358715959,accelerating,Gaussian Fitting,15.0,100,99,1,0.99,13.977517713551538,7.447320133197525,6971.464713105798,0,0.0,43.44802600001003
15_accelerating_Gaussian_Fitting_001,555691181,accelerating,Gaussian Fitting,15.0,100,100,0,1.0,12.134294365339326,6.263572915377617,6050.995859214117,0,0.0,25.533575000008568
15_accelerating_PSF_Fitting_000,305700965,accelerating,PSF Fitting,15.0,100,97,3,0.97,14.068321593882269,7.611570749448594,7015.777135681998,0,0.0,8.09923799995886
15_accelerating_PSF_Fitting_001,87553569,accelerating,PSF Fitting,15.0,100,96,4,0.96,10.938991363512612,4.9614532362932575,5454.562483655099,0,0.0,6.565108000004329
15_sinusoidal_Intensity-Weighted_Centroid_000,976785927,sinusoidal,Intensity-Weighted Centroid,15.0,100,100,0,1.0,93.12922256073122,86.45432273376029,46545.181315458336,0,0.0,0.6615279999914492
15_sinusoidal_Intensity-Weighted_Centroid_001,611317665,sinusoidal,Intensity-Weighted Centroid,15.0,100,100,0,1.0,91.93352240375755,85.45591057040619,45947.41756238137,0,0.0,0.6663220000018555
15_sinusoidal_Gaussian_Fitting_000,95865526,sinusoidal,Gaussian Fitting,15.0,100,96,4,0.96,111.01535825593776,101.2014845025239,55481.98683981972,0,0.0,94.81378099999802
15_sinusoidal_Gaussian_Fitting_001,400898286,sinusoidal,Gaussian Fitting,15.0,100,97,3,0.97,97.5394982763333,86.13757415137516,48750.95174445337,0,0.0,103.32417899997381
15_sinusoidal_PSF_Fitting_000,916693447,sinusoidal,PSF Fitting,15.0,100,92,8,0.92,90.22566880604464,83.99807338261047,45093.50725840404,0,0.0,13.828187000017351
15_sinusoidal_PSF_Fitting_001,631311848,sinusoidal,PSF Fitting,15.0,100,94,6,0.94,98.85815768108934,89.87502554336459,49409.33605458095,0,0.0,10.509135999955106
15_random_maneuver_Intensity-Weighted_Centroid_000,574826272,random_maneuver,Intensity-Weighted Centroid,15.0,100,100,0,1.0,46.958123385768864,34.12963729685439,23422.14359707043,0,0.0,0.613290000028428
15_random_maneuver_Intensity-Weighted_Centroid_001,832571631,random_maneuver,Intensity-Weighted Centroid,15.0,100,100,0,1.0,6.188592945452773,5.098495393349462,3093.7842821091194,0,0.0,0.6082659999628959
15_random_maneuver_Gaussian_Fitting_000,207900211,random_maneuver,Gaussian Fitting,15.0,100,99,1,0.99,29.086103481267525,16.909274311887913,14479.412809108235,0,0.0,22.496841000011045
15_random_maneuver_Gaussian_Fitting_001,57689137,random_maneuver,Gaussian Fitting,15.0,100,100,0,1.0,7.460167204896343,3.117710342348725,3729.178980035926,0,0.0,19.93884399998933
15_random_maneuver_PSF_Fitting_000,163453630,random_maneuver,PSF Fitting,15.0,100,99,1,0.99,47.86981295169088,31.107791509707784,23865.954484142407,0,0.0,7.695996999991621
15_random_maneuver_PSF_Fitting_001,459449000,random_maneuver,PSF Fitting,15.0,100,100,0,1.0,0.18929655751326732,0.1652440691989584,94.60532360572917,0,0.0,4.6372510000310285
15_occlusion_fade_Intensity-Weighted_Centroid_000,984363002,occlusion_fade,Intensity-Weighted Centroid,15.0,100,80,20,1.0,2.416633030850717,2.1869214958903784,1208.1381904945597,0,0.0,0.5703859999721317
15_occlusion_fade_Intensity-Weighted_Centroid_001,339177778,occlusion_fade,Intensity-Weighted Centroid,15.0,100,80,20,1.0,2.2318870267404476,2.0121323274605296,1115.8073757651882,0,0.0,0.5697509999117756
15_occlusion_fade_Gaussian_Fitting_000,369972351,occlusion_fade,Gaussian Fitting,15.0,100,80,20,1.0,0.18881816438491328,0.16111370730413882,94.38380381130872,0,0.0,6.300349000002825
15_occlusion_fade_Gaussian_Fitting_001,906679640,occlusion_fade,Gaussian Fitting,15.0,100,80,20,1.0,0.1913460349208514,0.16983502917984125,95.64509470281631,0,0.0,6.214207999964856
15_occlusion_fade_PSF_Fitting_000,436958937,occlusion_fade,PSF Fitting,15.0,100,80,20,1.0,0.192743926578551,0.16120877705451073,96.3451156766976,0,0.0,4.394978999989689
15_occlusion_fade_PSF_Fitting_001,820967309,occlusion_fade,PSF Fitting,15.0,100,80,20,1.0,0.19497599977439528,0.17422052495477702,97.46787527730861,0,0.0,4.38549100007549
