trial_id,seed,omega_deg_per_sec,fps,jitter_px_per_frame,v_px_per_sec,delta_s_target_px,delta_s_jitter_px,delta_s_total_px,total_frames,tracked_frames,loss_frames,track_ratio,p_track_pct,p_loss_pct,rmse_pos_error_px,rmse_theta_urad,t_reacquire_sec,avg_latency_ms
16_w0.1_fps15_000,924930901,0.1,15.0,0.0,15.993620093117942,1.066241339541196,0.0,1.066241339541196,45,45,0,1.0,100.0,0.0,0.2034063419080507,22.182324660289392,0.0,4.755288888999429
16_w0.1_fps15_001,812666248,0.1,15.0,0.0,15.993620093117942,1.066241339541196,0.0,1.066241339541196,45,45,0,1.0,100.0,0.0,0.20405334695351432,22.251396122154624,0.0,4.762026666705626
16_w0.1_fps15_002,387778503,0.1,15.0,0.0,15.993620093117942,1.066241339541196,0.0,1.066241339541196,45,45,0,1.0,100.0,0.0,0.23007998968762583,25.08806254646951,0.0,4.160806666550343
16_w0.1_fps15_003,189877060,0.1,15.0,0.0,15.993620093117942,1.066241339541196,0.0,1.066241339541196,45,45,0,1.0,100.0,0.0,0.20154212304943261,21.976335092799346,0.0,4.275091111210511
16_w0.1_fps15_004,539280735,0.1,15.0,0.0,15.993620093117942,1.066241339541196,0.0,1.066241339541196,45,45,0,1.0,100.0,0.0,0.19132755002629728,20.86377011775323,0.0,4.146273333390127
16_w0.1_fps15_005,74076036,0.1,15.0,0.0,15.993620093117942,1.066241339541196,0.0,1.066241339541196,45,45,0,1.0,100.0,0.0,0.22517656022075708,24.554342824625326,0.0,4.336613333564149
16_w0.1_fps15_006,399317902,0.1,15.0,0.0,15.993620093117942,1.066241339541196,0.0,1.066241339541196,45,45,0,1.0,100.0,0.0,0.20519739073077473,22.375069384077424,0.0,4.929924444432901
16_w0.1_fps15_007,19452302,0.1,15.0,0.0,15.993620093117942,1.066241339541196,0.0,1.066241339541196,45,45,0,1.0,100.0,0.0,0.20665068427687286,22.534996192669887,0.0,4.485924444492816
16_w0.1_fps15_008,671061670,0.1,15.0,0.0,15.993620093117942,1.066241339541196,0.0,1.066241339541196,45,45,0,1.0,100.0,0.0,0.22056097986987794,24.05175212492991,0.0,4.4267466667305495
16_w0.1_fps15_009,507440053,0.1,15.0,0.0,15.993620093117942,1.066241339541196,0.0,1.066241339541196,45,45,0,1.0,100.0,0.0,0.22776375561044204,24.837995259995775,0.0,4.452755555555793
16_w0.1_fps30_000,364406227,0.1,30.0,0.0,15.993620093117942,0.533120669770598,0.0,0.533120669770598,90,90,0,1.0,100.0,0.0,0.194656918106887,21.226896360589745,0.0,4.420314444420607
16_w0.1_fps30_001,96953511,0.1,30.0,0.0,15.993620093117942,0.533120669770598,0.0,0.533120669770598,90,90,0,1.0,100.0,0.0,0.19696920683733535,21.478663855080246,0.0,4.714109999844772
16_w0.1_fps30_002,277634265,0.1,30.0,0.0,15.993620093117942,0.533120669770598,0.0,0.533120669770598,90,90,0,1.0,100.0,0.0,0.18353857633458004,20.013917386345575,0.0,4.334470000119634
16_w0.1_fps30_003,529981223,0.1,30.0,0.0,15.993620093117942,0.533120669770598,0.0,0.533120669770598,90,90,0,1.0,100.0,0.0,0.20789077432791284,22.670292400215747,0.0,4.445876666613913
16_w0.1_fps30_004,536960325,0.1,30.0,0.0,15.993620093117942,0.533120669770598,0.0,0.533120669770598,90,90,0,1.0,100.0,0.0,0.1824112927817492,19.889962614278847,0.0,4.553968888932205
16_w0.1_fps30_005,660387376,0.1,30.0,0.0,15.993620093117942,0.533120669770598,0.0,0.533120669770598,90,90,0,1.0,100.0,0.0,0.21070787357468918,22.977301507859504,0.0,4.453585555448727
16_w0.1_fps30_006,901921884,0.1,30.0,0.0,15.993620093117942,0.533120669770598,0.0,0.533120669770598,90,90,0,1.0,100.0,0.0,0.21015008985830702,22.916186265927976,0.0,4.380178888701873
16_w0.1_fps30_007,637672168,0.1,30.0,0.0,15.993620093117942,0.533120669770598,0.0,0.533120669770598,90,90,0,1.0,100.0,0.0,0.20566329932953442,22.42620151841917,0.0,4.379071110957335
16_w0.1_fps30_008,839803962,0.1,30.0,0.0,15.993620093117942,0.533120669770598,0.0,0.533120669770598,90,90,0,1.0,100.0,0.0,0.20616984112963282,22.482459222728675,0.0,4.398495555586932
16_w0.1_fps30_009,845487116,0.1,30.0,0.0,15.993620093117942,0.533120669770598,0.0,0.533120669770598,90,90,0,1.0,100.0,0.0,0.17543230482709093,19.13054297596192,0.0,4.4143077778547495
16_w0.1_fps60_000,982923622,0.1,60.0,0.0,15.993620093117942,0.266560334885299,0.0,0.266560334885299,180,180,0,1.0,100.0,0.0,0.20838917312029462,22.724208154098804,0.0,4.4121916667386865
16_w0.1_fps60_001,535612474,0.1,60.0,0.0,15.993620093117942,0.266560334885299,0.0,0.266560334885299,180,180,0,1.0,100.0,0.0,0.20105289758846312,21.924090467697567,0.0,4.314819444466088
16_w0.1_fps60_002,164408592,0.1,60.0,0.0,15.993620093117942,0.266560334885299,0.0,0.266560334885299,180,180,0,1.0,100.0,0.0,0.2249939302080764,24.535474244676013,0.0,4.264073333332716
16_w0.1_fps60_003,39702449,0.1,60.0,0.0,15.993620093117942,0.266560334885299,0.0,0.266560334885299,180,180,0,1.0,100.0,0.0,0.21610328579319296,23.564910761225562,0.0,4.439825555507721
16_w0.1_fps60_004,715586172,0.1,60.0,0.0,15.993620093117942,0.266560334885299,0.0,0.266560334885299,180,180,0,1.0,100.0,0.0,0.21609869780075128,23.564886103397605,0.0,4.465198888899774
16_w0.1_fps60_005,601926060,0.1,60.0,0.0,15.993620093117942,0.266560334885299,0.0,0.266560334885299,180,180,0,1.0,100.0,0.0,0.20207090786213552,22.03548110905148,0.0,4.3490466667006125
16_w0.1_fps60_006,614299358,0.1,60.0,0.0,15.993620093117942,0.266560334885299,0.0,0.266560334885299,180,180,0,1.0,100.0,0.0,0.1912315881477136,20.853144944808513,0.0,4.584848333332856
16_w0.1_fps60_007,677995270,0.1,60.0,0.0,15.993620093117942,0.266560334885299,0.0,0.266560334885299,180,180,0,1.0,100.0,0.0,0.21264091383545794,23.187829368096242,0.0,4.551424999954179
16_w0.1_fps60_008,213422136,0.1,60.0,0.0,15.993620093117942,0.266560334885299,0.0,0.266560334885299,180,180,0,1.0,100.0,0.0,0.20477438311144627,22.3299217719055,0.0,4.432384999947519
16_w0.1_fps60_009,527975651,0.1,60.0,0.0,15.993620093117942,0.266560334885299,0.0,0.266560334885299,180,180,0,1.0,100.0,0.0,0.19566547969914927,21.337071795228784,0.0,4.418836111017299
16_w0.1_fps120_000,703509925,0.1,120.0,0.0,15.993620093117942,0.1332801674426495,0.0,0.1332801674426495,360,360,0,1.0,100.0,0.0,0.20132139402967683,21.953821919140715,0.0,4.435792777788568
16_w0.1_fps120_001,292320903,0.1,120.0,0.0,15.993620093117942,0.1332801674426495,0.0,0.1332801674426495,360,360,0,1.0,100.0,0.0,0.20385863727171158,22.23017613298486,0.0,4.437560555556451
16_w0.1_fps120_002,357426538,0.1,120.0,0.0,15.993620093117942,0.1332801674426495,0.0,0.1332801674426495,360,360,0,1.0,100.0,0.0,0.20554635683836756,22.413988619455203,0.0,4.396446666588519
16_w0.1_fps120_003,413889845,0.1,120.0,0.0,15.993620093117942,0.1332801674426495,0.0,0.1332801674426495,360,360,0,1.0,100.0,0.0,0.2094868740251765,22.843710162500795,0.0,4.316166944444275
16_w0.1_fps120_004,194079691,0.1,120.0,0.0,15.993620093117942,0.1332801674426495,0.0,0.1332801674426495,360,360,0,1.0,100.0,0.0,0.20504399360877212,22.35884105190612,0.0,4.095284999988912
16_w0.1_fps120_005,151628133,0.1,120.0,0.0,15.993620093117942,0.1332801674426495,0.0,0.1332801674426495,360,360,0,1.0,100.0,0.0,0.19856800305269148,21.653086650150932,0.0,4.2464911111084
16_w0.1_fps120_006,694316902,0.1,120.0,0.0,15.993620093117942,0.1332801674426495,0.0,0.1332801674426495,360,360,0,1.0,100.0,0.0,0.18434474012468394,20.10180334244197,0.0,4.189051388857479
16_w0.1_fps120_007,840997976,0.1,120.0,0.0,15.993620093117942,0.1332801674426495,0.0,0.1332801674426495,360,360,0,1.0,100.0,0.0,0.205632394532805,22.423708683661562,0.0,4.064646944420423
16_w0.1_fps120_008,997323932,0.1,120.0,0.0,15.993620093117942,0.1332801674426495,0.0,0.1332801674426495,360,360,0,1.0,100.0,0.0,0.2033140675475895,22.17089837701732,0.0,4.239428055522391
16_w0.1_fps120_009,366239183,0.1,120.0,0.0,15.993620093117942,0.1332801674426495,0.0,0.1332801674426495,360,360,0,1.0,100.0,0.0,0.20150169469106188,21.97312059992028,0.0,4.297571388982154
16_w1_fps15_000,976468095,1.0,15.0,0.0,159.95228028011036,10.663485352007358,0.0,10.663485352007358,45,45,0,1.0,100.0,0.0,0.2321281676750975,25.31159205454037,0.0,4.419524444448244
16_w1_fps15_001,369156494,1.0,15.0,0.0,159.95228028011036,10.663485352007358,0.0,10.663485352007358,45,45,0,1.0,100.0,0.0,0.2040849781419715,22.25473247048966,0.0,4.610762222243163
16_w1_fps15_002,32561359,1.0,15.0,0.0,159.95228028011036,10.663485352007358,0.0,10.663485352007358,45,45,0,1.0,100.0,0.0,0.20074438160677827,21.890064156015747,0.0,4.338293333300196
16_w1_fps15_003,178450104,1.0,15.0,0.0,159.95228028011036,10.663485352007358,0.0,10.663485352007358,45,45,0,1.0,100.0,0.0,0.20163114807359367,21.98695567663322,0.0,4.392708888917696
16_w1_fps15_004,965020950,1.0,15.0,0.0,159.95228028011036,10.663485352007358,0.0,10.663485352007358,45,45,0,1.0,100.0,0.0,0.1679928190963249,18.31916009581055,0.0,4.278211111320868
16_w1_fps15_005,49700889,1.0,15.0,0.0,159.95228028011036,10.663485352007358,0.0,10.663485352007358,45,45,0,1.0,100.0,0.0,0.20419431405091393,22.266359212159465,0.0,4.368335555651963
16_w1_fps15_006,683898830,1.0,15.0,0.0,159.95228028011036,10.663485352007358,0.0,10.663485352007358,45,45,0,1.0,100.0,0.0,0.20474346616885128,22.32611697511722,0.0,4.355306666588553
16_w1_fps15_007,619116436,1.0,15.0,0.0,159.95228028011036,10.663485352007358,0.0,10.663485352007358,45,45,0,1.0,100.0,0.0,0.22198704723913815,24.207256770057338,0.0,4.362975555543219
16_w1_fps15_008,18997323,1.0,15.0,0.0,159.95228028011036,10.663485352007358,0.0,10.663485352007358,45,45,0,1.0,100.0,0.0,0.19422855797469546,21.181002896119743,0.0,4.444546666612344
16_w1_fps15_009,759917385,1.0,15.0,0.0,159.95228028011036,10.663485352007358,0.0,10.663485352007358,45,45,0,1.0,100.0,0.0,0.20585328007527562,22.44631043572278,0.0,4.4501200000215455
16_w1_fps30_000,63625427,1.0,30.0,0.0,159.95228028011036,5.331742676003679,0.0,5.331742676003679,90,90,0,1.0,100.0,0.0,0.21138494633818974,23.050308339606595,0.0,4.652888888712267
16_w1_fps30_001,25084638,1.0,30.0,0.0,159.95228028011036,5.331742676003679,0.0,5.331742676003679,90,90,0,1.0,100.0,0.0,0.2172634344571516,23.69077531965357,0.0,4.323264444408576
16_w1_fps30_002,263886792,1.0,30.0,0.0,159.95228028011036,5.331742676003679,0.0,5.331742676003679,90,90,0,1.0,100.0,0.0,0.19252496863304108,20.993456537524526,0.0,4.4079522222899765
16_w1_fps30_003,901905896,1.0,30.0,0.0,159.95228028011036,5.331742676003679,0.0,5.331742676003679,90,90,0,1.0,100.0,0.0,0.19313468450102145,21.061123579012204,0.0,4.474828889013022
16_w1_fps30_004,180247599,1.0,30.0,0.0,159.95228028011036,5.331742676003679,0.0,5.331742676003679,90,90,0,1.0,100.0,0.0,0.20851342317400415,22.738057230683996,0.0,4.625034444587881
16_w1_fps30_005,652814820,1.0,30.0,0.0,159.95228028011036,5.331742676003679,0.0,5.331742676003679,90,90,0,1.0,100.0,0.0,0.22804240549864774,24.867185919565237,0.0,4.519388888972268
16_w1_fps30_006,271916038,1.0,30.0,0.0,159.95228028011036,5.331742676003679,0.0,5.331742676003679,90,90,0,1.0,100.0,0.0,0.20516164620421767,22.372064653690476,0.0,4.598343333378176
16_w1_fps30_007,953963950,1.0,30.0,0.0,159.95228028011036,5.331742676003679,0.0,5.331742676003679,90,90,0,1.0,100.0,0.0,0.20813060201874964,22.695755640434513,0.0,4.284484444603247
16_w1_fps30_008,250422812,1.0,30.0,0.0,159.95228028011036,5.331742676003679,0.0,5.331742676003679,90,90,0,1.0,100.0,0.0,0.19718207372088536,21.501882642174344,0.0,4.74664444445807
16_w1_fps30_009,739616794,1.0,30.0,0.0,159.95228028011036,5.331742676003679,0.0,5.331742676003679,90,90,0,1.0,100.0,0.0,0.20390917816371115,22.23480647337197,0.0,4.498528888931712
16_w1_fps60_000,430498610,1.0,60.0,0.0,159.95228028011036,2.6658713380018395,0.0,2.6658713380018395,180,180,0,1.0,100.0,0.0,0.19975398947263004,21.78280534608674,0.0,4.335142777785626
16_w1_fps60_001,433975049,1.0,60.0,0.0,159.95228028011036,2.6658713380018395,0.0,2.6658713380018395,180,180,0,1.0,100.0,0.0,0.21312924588043589,23.24108455022805,0.0,4.38982499995796
16_w1_fps60_002,113948367,1.0,60.0,0.0,159.95228028011036,2.6658713380018395,0.0,2.6658713380018395,180,180,0,1.0,100.0,0.0,0.2181610342318372,23.789564166538263,0.0,4.275962222214326
16_w1_fps60_003,970794707,1.0,60.0,0.0,159.95228028011036,2.6658713380018395,0.0,2.6658713380018395,180,180,0,1.0,100.0,0.0,0.2073463531046174,22.611009958330097,0.0,4.387197777871027
16_w1_fps60_004,642907690,1.0,60.0,0.0,159.95228028011036,2.6658713380018395,0.0,2.6658713380018395,180,180,0,1.0,100.0,0.0,0.21224072156271712,23.144400122845898,0.0,4.296002222104613
16_w1_fps60_005,938960264,1.0,60.0,0.0,159.95228028011036,2.6658713380018395,0.0,2.6658713380018395,180,180,0,1.0,100.0,0.0,0.20829491214403323,22.7138477351961,0.0,4.332627777876041
16_w1_fps60_006,15125927,1.0,60.0,0.0,159.95228028011036,2.6658713380018395,0.0,2.6658713380018395,180,180,0,1.0,100.0,0.0,0.2137754672176351,23.31089892608708,0.0,4.513333888927365
16_w1_fps60_007,496774056,1.0,60.0,0.0,159.95228028011036,2.6658713380018395,0.0,2.6658713380018395,180,180,0,1.0,100.0,0.0,0.20692634387064168,22.564511869565298,0.0,4.34098111110062
16_w1_fps60_008,457438239,1.0,60.0,0.0,159.95228028011036,2.6658713380018395,0.0,2.6658713380018395,180,180,0,1.0,100.0,0.0,0.2010769889126807,21.92731345633716,0.0,4.611686111133571
16_w1_fps60_009,976421958,1.0,60.0,0.0,159.95228028011036,2.6658713380018395,0.0,2.6658713380018395,180,180,0,1.0,100.0,0.0,0.20529332722622046,22.387059805366686,0.0,4.345663333262767
16_w1_fps120_000,621745134,1.0,120.0,0.0,159.95228028011036,1.3329356690009198,0.0,1.3329356690009198,360,360,0,1.0,100.0,0.0,0.19932923917514858,21.736305799431968,0.0,4.391006944448843
16_w1_fps120_001,4420560,1.0,120.0,0.0,159.95228028011036,1.3329356690009198,0.0,1.3329356690009198,360,360,0,1.0,100.0,0.0,0.19086364750009382,20.812987936602614,0.0,4.249990555571356
16_w1_fps120_002,225954185,1.0,120.0,0.0,159.95228028011036,1.3329356690009198,0.0,1.3329356690009198,360,360,0,1.0,100.0,0.0,0.20861714917122887,22.74884476187141,0.0,4.4015952777600535
16_w1_fps120_003,812476368,1.0,120.0,0.0,159.95228028011036,1.3329356690009198,0.0,1.3329356690009198,360,360,0,1.0,100.0,0.0,0.20427283110438857,22.275471862455277,0.0,4.285930555493501
16_w1_fps120_004,113516088,1.0,120.0,0.0,159.95228028011036,1.3329356690009198,0.0,1.3329356690009198,360,360,0,1.0,100.0,0.0,0.201392476664035,21.961182606705073,0.0,4.315944166693145
16_w1_fps120_005,358625102,1.0,120.0,0.0,159.95228028011036,1.3329356690009198,0.0,1.3329356690009198,360,360,0,1.0,100.0,0.0,0.2165074724094379,23.609394837983572,0.0,4.347467222244934
16_w1_fps120_006,719284928,1.0,120.0,0.0,159.95228028011036,1.3329356690009198,0.0,1.3329356690009198,360,360,0,1.0,100.0,0.0,0.21443020265368595,23.38279919242045,0.0,4.373641666623168
16_w1_fps120_007,64756644,1.0,120.0,0.0,159.95228028011036,1.3329356690009198,0.0,1.3329356690009198,360,360,0,1.0,100.0,0.0,0.1970876946466052,21.491401134428962,0.0,4.380850555546406
16_w1_fps120_008,71836489,1.0,120.0,0.0,159.95228028011036,1.3329356690009198,0.0,1.3329356690009198,360,360,0,1.0,100.0,0.0,0.19760342810589498,21.5483790703617,0.0,4.440546666723498
16_w1_fps120_009,440557843,1.0,120.0,0.0,159.95228028011036,1.3329356690009198,0.0,1.3329356690009198,360,360,0,1.0,100.0,0.0,0.20550114408716375,22.40913939091422,0.0,4.346478333380016
16_w5_fps15_000,27782194,5.0,15.0,0.0,801.7163664059688,53.44775776039792,0.0,53.44775776039792,45,45,0,1.0,100.0,0.0,0.185212504703834,20.196866351369398,0.0,4.386464444420805
16_w5_fps15_001,69579744,5.0,15.0,0.0,801.7163664059688,53.44775776039792,0.0,53.44775776039792,45,45,0,1.0,100.0,0.0,0.205313417989079,22.38826151677122,0.0,4.401259999980943
16_w5_fps15_002,538047034,5.0,15.0,0.0,801.7163664059688,53.44775776039792,0.0,53.44775776039792,45,45,0,1.0,100.0,0.0,0.1859954985244411,20.28186530676662,0.0,4.519544444378375
16_w5_fps15_003,277286183,5.0,15.0,0.0,801.7163664059688,53.44775776039792,0.0,53.44775776039792,45,45,0,1.0,100.0,0.0,0.2272254435972154,24.777062620092433,0.0,4.881833333113011
16_w5_fps15_004,518159051,5.0,15.0,0.0,801.7163664059688,53.44775776039792,0.0,53.44775776039792,45,45,0,1.0,100.0,0.0,0.2050181308636235,22.3572473495681,0.0,4.711966666663001
16_w5_fps15_005,103209520,5.0,15.0,0.0,801.7163664059688,53.44775776039792,0.0,53.44775776039792,45,45,0,1.0,100.0,0.0,0.20275624022669403,22.108296186595062,0.0,4.863924444402477
16_w5_fps15_006,929536119,5.0,15.0,0.0,801.7163664059688,53.44775776039792,0.0,53.44775776039792,45,45,0,1.0,100.0,0.0,0.19352784021403693,21.10484434489972,0.0,4.8250577777152
16_w5_fps15_007,72351783,5.0,15.0,0.0,801.7163664059688,53.44775776039792,0.0,53.44775776039792,45,45,0,1.0,100.0,0.0,0.22326601141752295,24.347145866740863,0.0,4.5898155555025575
16_w5_fps15_008,242360929,5.0,15.0,0.0,801.7163664059688,53.44775776039792,0.0,53.44775776039792,45,45,0,1.0,100.0,0.0,0.18534623667246378,20.21207709811401,0.0,4.571275555483428
16_w5_fps15_009,555191623,5.0,15.0,0.0,801.7163664059688,53.44775776039792,0.0,53.44775776039792,45,45,0,1.0,100.0,0.0,0.21493902447350252,23.437999598378155,0.0,4.7263022222776065
16_w5_fps30_000,929579723,5.0,30.0,0.0,801.7163664059688,26.72387888019896,0.0,26.72387888019896,90,90,0,1.0,100.0,0.0,0.1833182102696844,19.989949478423004,0.0,4.644252222331286
16_w5_fps30_001,293916258,5.0,30.0,0.0,801.7163664059688,26.72387888019896,0.0,26.72387888019896,90,90,0,1.0,100.0,0.0,0.19060255638916987,20.783216682457013,0.0,4.815948889012765
16_w5_fps30_002,751694841,5.0,30.0,0.0,801.7163664059688,26.72387888019896,0.0,26.72387888019896,90,90,0,1.0,100.0,0.0,0.2021385627624925,22.04328204504885,0.0,4.876194444497944
16_w5_fps30_003,851353108,5.0,30.0,0.0,801.7163664059688,26.72387888019896,0.0,26.72387888019896,90,90,0,1.0,100.0,0.0,0.21731433755244448,23.69729124670346,0.0,4.630994444434894
16_w5_fps30_004,969923324,5.0,30.0,0.0,801.7163664059688,26.72387888019896,0.0,26.72387888019896,90,90,0,1.0,100.0,0.0,0.20929091371860117,22.821165784697914,0.0,5.027370000041426
16_w5_fps30_005,741739398,5.0,30.0,0.0,801.7163664059688,26.72387888019896,0.0,26.72387888019896,90,90,0,1.0,100.0,0.0,0.20790907661739777,22.671594776160223,0.0,4.915713333361459
16_w5_fps30_006,257248897,5.0,30.0,0.0,801.7163664059688,26.72387888019896,0.0,26.72387888019896,90,90,0,1.0,100.0,0.0,0.19690276983243377,21.470798266792627,0.0,4.920858888807642
16_w5_fps30_007,986149187,5.0,30.0,0.0,801.7163664059688,26.72387888019896,0.0,26.72387888019896,90,90,0,1.0,100.0,0.0,0.2074927335967184,22.626762476987192,0.0,4.874116666602883
16_w5_fps30_008,418054242,5.0,30.0,0.0,801.7163664059688,26.72387888019896,0.0,26.72387888019896,90,90,0,1.0,100.0,0.0,0.19659201275753033,21.43806246855017,0.0,4.821622222273921
16_w5_fps30_009,701931201,5.0,30.0,0.0,801.7163664059688,26.72387888019896,0.0,26.72387888019896,90,90,0,1.0,100.0,0.0,0.1897304556576257,20.688516507094548,0.0,4.992133333245066
16_w5_fps60_000,304623382,5.0,60.0,0.0,801.7163664059688,13.36193944009948,0.0,13.36193944009948,180,180,0,1.0,100.0,0.0,0.20935252477243194,22.829204357284617,0.0,4.668558888978522
16_w5_fps60_001,631052849,5.0,60.0,0.0,801.7163664059688,13.36193944009948,0.0,13.36193944009948,180,180,0,1.0,100.0,0.0,0.1971368340062637,21.497364188638528,0.0,4.577357222155519
16_w5_fps60_002,322587423,5.0,60.0,0.0,801.7163664059688,13.36193944009948,0.0,13.36193944009948,180,180,0,1.0,100.0,0.0,0.20836973371937678,22.722117723996426,0.0,4.859371111140515
16_w5_fps60_003,764230617,5.0,60.0,0.0,801.7163664059688,13.36193944009948,0.0,13.36193944009948,180,180,0,1.0,100.0,0.0,0.18318706844292143,19.97594608795119,0.0,4.719027222159235
16_w5_fps60_004,141350210,5.0,60.0,0.0,801.7163664059688,13.36193944009948,0.0,13.36193944009948,180,180,0,1.0,100.0,0.0,0.20455055248465367,22.305670894748346,0.0,4.8397827778596065
16_w5_fps60_005,436688106,5.0,60.0,0.0,801.7163664059688,13.36193944009948,0.0,13.36193944009948,180,180,0,1.0,100.0,0.0,0.19940853893028976,21.745325013389614,0.0,4.883011666707818
16_w5_fps60_006,412215318,5.0,60.0,0.0,801.7163664059688,13.36193944009948,0.0,13.36193944009948,180,180,0,1.0,100.0,0.0,0.19267932993991804,21.01136366443575,0.0,4.269443333396339
16_w5_fps60_007,796837895,5.0,60.0,0.0,801.7163664059688,13.36193944009948,0.0,13.36193944009948,180,180,0,1.0,100.0,0.0,0.20023231704529906,21.834689944074597,0.0,4.385441111127067
16_w5_fps60_008,985390695,5.0,60.0,0.0,801.7163664059688,13.36193944009948,0.0,13.36193944009948,180,180,0,1.0,100.0,0.0,0.22027434686907504,24.020679246770378,0.0,4.4683400000697775
16_w5_fps60_009,15682069,5.0,60.0,0.0,801.7163664059688,13.36193944009948,0.0,13.36193944009948,180,180,0,1.0,100.0,0.0,0.19896927853191515,21.697415834751954,0.0,4.279564444409011
16_w5_fps120_000,32403603,5.0,120.0,0.0,801.7163664059688,6.68096972004974,0.0,6.68096972004974,360,360,0,1.0,100.0,0.0,0.20820270402289434,22.704121189008465,0.0,4.45349333333272
16_w5_fps120_001,9292932,5.0,120.0,0.0,801.7163664059688,6.68096972004974,0.0,6.68096972004974,360,360,0,1.0,100.0,0.0,0.1970987296216825,21.492969940068082,0.0,4.323215555521326
16_w5_fps120_002,54610850,5.0,120.0,0.0,801.7163664059688,6.68096972004974,0.0,6.68096972004974,360,360,0,1.0,100.0,0.0,0.21583323657945708,23.535913691950622,0.0,4.392444722215158
16_w5_fps120_003,895799193,5.0,120.0,0.0,801.7163664059688,6.68096972004974,0.0,6.68096972004974,360,360,0,1.0,100.0,0.0,0.199805395836472,21.78821412309303,0.0,4.3424730554963595
16_w5_fps120_004,506063838,5.0,120.0,0.0,801.7163664059688,6.68096972004974,0.0,6.68096972004974,360,360,0,1.0,100.0,0.0,0.21069178703477923,22.975673801006387,0.0,4.264372777733014
16_w5_fps120_005,231275002,5.0,120.0,0.0,801.7163664059688,6.68096972004974,0.0,6.68096972004974,360,360,0,1.0,100.0,0.0,0.19699739559162346,21.482067215195354,0.0,4.287190555598702
16_w5_fps120_006,228392450,5.0,120.0,0.0,801.7163664059688,6.68096972004974,0.0,6.68096972004974,360,360,0,1.0,100.0,0.0,0.19327635191497114,21.07562687322166,0.0,4.392286666719277
16_w5_fps120_007,596098231,5.0,120.0,0.0,801.7163664059688,6.68096972004974,0.0,6.68096972004974,360,360,0,1.0,100.0,0.0,0.20109314077931012,21.928548478120806,0.0,4.5068430555753975
16_w5_fps120_008,223823604,5.0,120.0,0.0,801.7163664059688,6.68096972004974,0.0,6.68096972004974,360,360,0,1.0,100.0,0.0,0.2019878558484974,22.02626148242215,0.0,4.359518888855342
16_w5_fps120_009,564096937,5.0,120.0,0.0,801.7163664059688,6.68096972004974,0.0,6.68096972004974,360,360,0,1.0,100.0,0.0,0.20078704468845315,21.895153788703716,0.0,4.3586902778214505
16_w10_fps15_000,20106423,10.0,15.0,0.0,1615.8005000389321,107.7200333359288,0.0,107.7200333359288,45,45,0,1.0,100.0,0.0,0.19695201095766735,21.47741672156622,0.0,4.470493333267061
16_w10_fps15_001,869375202,10.0,15.0,0.0,1615.8005000389321,107.7200333359288,0.0,107.7200333359288,45,45,0,1.0,100.0,0.0,0.20874759355223407,22.7619074584,0.0,4.17352666659604
16_w10_fps15_002,587141815,10.0,15.0,0.0,1615.8005000389321,107.7200333359288,0.0,107.7200333359288,45,45,0,1.0,100.0,0.0,0.1902895667527221,20.750057073874377,0.0,4.396666666677144
16_w10_fps15_003,404155749,10.0,15.0,0.0,1615.8005000389321,107.7200333359288,0.0,107.7200333359288,45,45,0,1.0,100.0,0.0,0.19965788108595958,21.771944611637487,0.0,4.233019999972182
16_w10_fps15_004,993409482,10.0,15.0,0.0,1615.8005000389321,107.7200333359288,0.0,107.7200333359288,45,45,0,1.0,100.0,0.0,0.17779078366576845,19.38874540822667,0.0,4.102484444390736
16_w10_fps15_005,555265791,10.0,15.0,0.0,1615.8005000389321,107.7200333359288,0.0,107.7200333359288,45,45,0,1.0,100.0,0.0,0.17485264115405458,19.0674506330869,0.0,4.352684444448743
16_w10_fps15_006,167024662,10.0,15.0,0.0,1615.8005000389321,107.7200333359288,0.0,107.7200333359288,45,45,0,1.0,100.0,0.0,0.18939514713157093,20.651499220254962,0.0,4.319386666651957
16_w10_fps15_007,811084263,10.0,15.0,0.0,1615.8005000389321,107.7200333359288,0.0,107.7200333359288,45,45,0,1.0,100.0,0.0,0.23405218326438643,25.52472974814586,0.0,4.148437777742704
16_w10_fps15_008,197074379,10.0,15.0,0.0,1615.8005000389321,107.7200333359288,0.0,107.7200333359288,45,45,0,1.0,100.0,0.0,0.19667748322803075,21.44577121291726,0.0,4.433460000048702
16_w10_fps15_009,692720629,10.0,15.0,0.0,1615.8005000389321,107.7200333359288,0.0,107.7200333359288,45,45,0,1.0,100.0,0.0,0.18807313264688855,20.50833841275235,0.0,4.135939999994459
16_w10_fps30_000,863520611,10.0,30.0,0.0,1615.8005000389321,53.8600166679644,0.0,53.8600166679644,90,90,0,1.0,100.0,0.0,0.19151261726997845,20.88329839862817,0.0,4.294066666544596
16_w10_fps30_001,43786316,10.0,30.0,0.0,1615.8005000389321,53.8600166679644,0.0,53.8600166679644,90,90,0,1.0,100.0,0.0,0.19757226339339867,21.544972883216904,0.0,4.041071111067948
16_w10_fps30_002,621522508,10.0,30.0,0.0,1615.8005000389321,53.8600166679644,0.0,53.8600166679644,90,90,0,1.0,100.0,0.0,0.1910349598111089,20.831334741827163,0.0,4.3374277777224455
16_w10_fps30_003,862221613,10.0,30.0,0.0,1615.8005000389321,53.8600166679644,0.0,53.8600166679644,90,90,0,1.0,100.0,0.0,0.21097636784736926,23.007338942488573,0.0,4.5212522221845575
16_w10_fps30_004,867972055,10.0,30.0,0.0,1615.8005000389321,53.8600166679644,0.0,53.8600166679644,90,90,0,1.0,100.0,0.0,0.1866877266343403,20.35844947553379,0.0,4.169588888705928
16_w10_fps30_005,388619109,10.0,30.0,0.0,1615.8005000389321,53.8600166679644,0.0,53.8600166679644,90,90,0,1.0,100.0,0.0,0.1938023409272275,21.133655256404204,0.0,4.169427777883862
16_w10_fps30_006,324318662,10.0,30.0,0.0,1615.8005000389321,53.8600166679644,0.0,53.8600166679644,90,90,0,1.0,100.0,0.0,0.18970164962005495,20.68692214910719,0.0,4.145035555504567
16_w10_fps30_007,107692740,10.0,30.0,0.0,1615.8005000389321,53.8600166679644,0.0,53.8600166679644,90,90,0,1.0,100.0,0.0,0.19402250954954883,21.15893303035014,0.0,4.374262222235201
16_w10_fps30_008,623155885,10.0,30.0,0.0,1615.8005000389321,53.8600166679644,0.0,53.8600166679644,90,90,0,1.0,100.0,0.0,0.21708395938538882,23.67299927167585,0.0,4.260565555563921
16_w10_fps30_009,506027913,10.0,30.0,0.0,1615.8005000389321,53.8600166679644,0.0,53.8600166679644,90,90,0,1.0,100.0,0.0,0.19992981799174706,21.802399357567282,0.0,4.116503333251684
16_w10_fps60_000,583730157,10.0,60.0,0.0,1615.8005000389321,26.9300083339822,0.0,26.9300083339822,180,180,0,1.0,100.0,0.0,0.2030816750735576,22.145277666470555,0.0,4.321093888827615
16_w10_fps60_001,529420112,10.0,60.0,0.0,1615.8005000389321,26.9300083339822,0.0,26.9300083339822,180,180,0,1.0,100.0,0.0,0.20620962520929878,22.48661787394018,0.0,4.109805000037643
16_w10_fps60_002,233201687,10.0,60.0,0.0,1615.8005000389321,26.9300083339822,0.0,26.9300083339822,180,180,0,1.0,100.0,0.0,0.19404386873542545,21.15993433993674,0.0,4.237367777851533
16_w10_fps60_003,886111857,10.0,60.0,0.0,1615.8005000389321,26.9300083339822,0.0,26.9300083339822,180,180,0,1.0,100.0,0.0,0.20576662766615145,22.43786377523041,0.0,4.188072777752597
16_w10_fps60_004,402296918,10.0,60.0,0.0,1615.8005000389321,26.9300083339822,0.0,26.9300083339822,180,180,0,1.0,100.0,0.0,0.21664060055612633,23.624387459369224,0.0,4.269170555522174
16_w10_fps60_005,720096379,10.0,60.0,0.0,1615.8005000389321,26.9300083339822,0.0,26.9300083339822,180,180,0,1.0,100.0,0.0,0.20049628672274664,21.86340076182929,0.0,4.2113144443747945
16_w10_fps60_006,656553338,10.0,60.0,0.0,1615.8005000389321,26.9300083339822,0.0,26.9300083339822,180,180,0,1.0,100.0,0.0,0.19745693302179126,21.53225230412279,0.0,4.065855000024182
16_w10_fps60_007,444811997,10.0,60.0,0.0,1615.8005000389321,26.9300083339822,0.0,26.9300083339822,180,180,0,1.0,100.0,0.0,0.18915816958718443,20.626329863398336,0.0,4.1414183333472465
16_w10_fps60_008,743622102,10.0,60.0,0.0,1615.8005000389321,26.9300083339822,0.0,26.9300083339822,180,180,0,1.0,100.0,0.0,0.20524237257125238,22.381144295209946,0.0,4.31444388896125
16_w10_fps60_009,810437829,10.0,60.0,0.0,1615.8005000389321,26.9300083339822,0.0,26.9300083339822,180,180,0,1.0,100.0,0.0,0.19910240629942524,21.711510093664177,0.0,4.206048888883945
16_w10_fps120_000,309323640,10.0,120.0,0.0,1615.8005000389321,13.4650041669911,0.0,13.4650041669911,360,360,0,1.0,100.0,0.0,0.19476313564949999,21.237945930079473,0.0,4.175819722235651
16_w10_fps120_001,84705480,10.0,120.0,0.0,1615.8005000389321,13.4650041669911,0.0,13.4650041669911,360,360,0,1.0,100.0,0.0,0.20393952200697596,22.23883470038303,0.0,4.354266388872929
16_w10_fps120_002,489856422,10.0,120.0,0.0,1615.8005000389321,13.4650041669911,0.0,13.4650041669911,360,360,0,1.0,100.0,0.0,0.20788978296863156,22.669917306950527,0.0,4.241264166648762
16_w10_fps120_003,829194777,10.0,120.0,0.0,1615.8005000389321,13.4650041669911,0.0,13.4650041669911,360,360,0,1.0,100.0,0.0,0.20206805018897536,22.035020377872474,0.0,4.282727222163077
16_w10_fps120_004,133970232,10.0,120.0,0.0,1615.8005000389321,13.4650041669911,0.0,13.4650041669911,360,360,0,1.0,100.0,0.0,0.20056098578687878,21.869792859542255,0.0,4.031190277838606
16_w10_fps120_005,189969067,10.0,120.0,0.0,1615.8005000389321,13.4650041669911,0.0,13.4650041669911,360,360,0,1.0,100.0,0.0,0.20648304690579392,22.51649977659872,0.0,3.9888130555532877
16_w10_fps120_006,872056896,10.0,120.0,0.0,1615.8005000389321,13.4650041669911,0.0,13.4650041669911,360,360,0,1.0,100.0,0.0,0.20737538584529994,22.613335326029276,0.0,4.063874999979412
16_w10_fps120_007,82729033,10.0,120.0,0.0,1615.8005000389321,13.4650041669911,0.0,13.4650041669911,360,360,0,1.0,100.0,0.0,0.201845423556615,22.010651024287288,0.0,3.9825752777940377
16_w10_fps120_008,41490464,10.0,120.0,0.0,1615.8005000389321,13.4650041669911,0.0,13.4650041669911,360,360,0,1.0,100.0,0.0,0.20545575572727479,22.4043971436892,0.0,4.12080472224261
16_w10_fps120_009,46857164,10.0,120.0,0.0,1615.8005000389321,13.4650041669911,0.0,13.4650041669911,360,360,0,1.0,100.0,0.0,0.19598055812011905,21.37134571320773,0.0,4.083894999985205
16_w20_fps15_000,20409204,20.0,15.0,0.0,3335.299476935828,222.35329846238852,0.0,222.35329846238852,45,45,0,1.0,100.0,0.0,0.23519913637324508,25.64814080956586,0.0,3.9648466665918627
16_w20_fps15_001,736026920,20.0,15.0,0.0,3335.299476935828,222.35329846238852,0.0,222.35329846238852,45,45,0,1.0,100.0,0.0,0.17143435493039477,18.695434594443878,0.0,3.9261044444073274
16_w20_fps15_002,426273425,20.0,15.0,0.0,3335.299476935828,222.35329846238852,0.0,222.35329846238852,45,45,0,1.0,100.0,0.0,0.21592017864657342,23.545456401848135,0.0,3.997837777812189
16_w20_fps15_003,484721789,20.0,15.0,0.0,3335.299476935828,222.35329846238852,0.0,222.35329846238852,45,45,0,1.0,100.0,0.0,0.19938854370546075,21.743021552383357,0.0,4.012906666361636
16_w20_fps15_004,2630643,20.0,15.0,0.0,3335.299476935828,222.35329846238852,0.0,222.35329846238852,45,45,0,1.0,100.0,0.0,0.17694170583425903,19.29558470107268,0.0,4.100953333343366
16_w20_fps15_005,159495160,20.0,15.0,0.0,3335.299476935828,222.35329846238852,0.0,222.35329846238852,45,45,0,1.0,100.0,0.0,0.20187026395905688,22.01444123967123,0.0,4.10453999999542
16_w20_fps15_006,168146747,20.0,15.0,0.0,3335.299476935828,222.35329846238852,0.0,222.35329846238852,45,45,0,1.0,100.0,0.0,0.18076656039181208,19.71101559812526,0.0,3.9865933334011867
16_w20_fps15_007,816651007,20.0,15.0,0.0,3335.299476935828,222.35329846238852,0.0,222.35329846238852,45,45,0,1.0,100.0,0.0,0.21971101310143673,23.959650615367714,0.0,3.9970222223119993
16_w20_fps15_008,352829006,20.0,15.0,0.0,3335.299476935828,222.35329846238852,0.0,222.35329846238852,45,45,0,1.0,100.0,0.0,0.23092707270046367,25.1803295870435,0.0,4.372457777854935
16_w20_fps15_009,265090804,20.0,15.0,0.0,3335.299476935828,222.35329846238852,0.0,222.35329846238852,45,45,0,1.0,100.0,0.0,0.23028760901979628,25.112557113349993,0.0,3.9013822221831003
16_w20_fps30_000,166113278,20.0,30.0,0.0,3335.299476935828,111.17664923119426,0.0,111.17664923119426,90,90,0,1.0,100.0,0.0,0.22171652742745013,24.177072076547955,0.0,4.089487777855538
16_w20_fps30_001,107513628,20.0,30.0,0.0,3335.299476935828,111.17664923119426,0.0,111.17664923119426,90,90,0,1.0,100.0,0.0,0.20687345292128467,22.558287765760017,0.0,3.8613311111071704
16_w20_fps30_002,176759485,20.0,30.0,0.0,3335.299476935828,111.17664923119426,0.0,111.17664923119426,90,90,0,1.0,100.0,0.0,0.20003830632201344,21.813699550564817,0.0,4.056573333360171
16_w20_fps30_003,617505311,20.0,30.0,0.0,3335.299476935828,111.17664923119426,0.0,111.17664923119426,90,90,0,1.0,100.0,0.0,0.19100614788674403,20.827760578194756,0.0,4.057709999950829
16_w20_fps30_004,577492427,20.0,30.0,0.0,3335.299476935828,111.17664923119426,0.0,111.17664923119426,90,90,0,1.0,100.0,0.0,0.21476434212933732,23.418595120964437,0.0,3.967815555552079
16_w20_fps30_005,36795111,20.0,30.0,0.0,3335.299476935828,111.17664923119426,0.0,111.17664923119426,90,90,0,1.0,100.0,0.0,0.19046139406415205,20.768561980930283,0.0,4.142633333544331
16_w20_fps30_006,58680670,20.0,30.0,0.0,3335.299476935828,111.17664923119426,0.0,111.17664923119426,90,90,0,1.0,100.0,0.0,0.1937590509245151,21.12948249326851,0.0,3.970962222228991
16_w20_fps30_007,35190468,20.0,30.0,0.0,3335.299476935828,111.17664923119426,0.0,111.17664923119426,90,90,0,1.0,100.0,0.0,0.18892042890070856,20.601337956221247,0.0,4.121386666621321
16_w20_fps30_008,901561498,20.0,30.0,0.0,3335.299476935828,111.17664923119426,0.0,111.17664923119426,90,90,0,1.0,100.0,0.0,0.18224987385961666,19.874020895950583,0.0,4.1778788889536775
16_w20_fps30_009,32336850,20.0,30.0,0.0,3335.299476935828,111.17664923119426,0.0,111.17664923119426,90,90,0,1.0,100.0,0.0,0.2074961869580901,22.626466395014976,0.0,4.057511111103748
16_w20_fps60_000,972706477,20.0,60.0,0.0,3335.299476935828,55.58832461559713,0.0,55.58832461559713,180,180,0,1.0,100.0,0.0,0.19932588391509196,21.735698218598674,0.0,3.988608888943822
16_w20_fps60_001,744530441,20.0,60.0,0.0,3335.299476935828,55.58832461559713,0.0,55.58832461559713,180,180,0,1.0,100.0,0.0,0.203399536628788,22.179837787219164,0.0,4.118011666691422
16_w20_fps60_002,135459207,20.0,60.0,0.0,3335.299476935828,55.58832461559713,0.0,55.58832461559713,180,180,0,1.0,100.0,0.0,0.1963858489960185,21.4149897939924,0.0,3.948250555428482
16_w20_fps60_003,242792541,20.0,60.0,0.0,3335.299476935828,55.58832461559713,0.0,55.58832461559713,180,180,0,1.0,100.0,0.0,0.1985617070196148,21.652982700575684,0.0,4.112875555640333
16_w20_fps60_004,705736458,20.0,60.0,0.0,3335.299476935828,55.58832461559713,0.0,55.58832461559713,180,180,0,1.0,100.0,0.0,0.19503240312375625,21.267190622012205,0.0,4.010294999989128
16_w20_fps60_005,927358121,20.0,60.0,0.0,3335.299476935828,55.58832461559713,0.0,55.58832461559713,180,180,0,1.0,100.0,0.0,0.20130691335965695,21.951825427748375,0.0,3.945642222273212
16_w20_fps60_006,497856926,20.0,60.0,0.0,3335.299476935828,55.58832461559713,0.0,55.58832461559713,180,180,0,1.0,100.0,0.0,0.22613675123170754,24.659412382811755,0.0,4.0258794443919514
16_w20_fps60_007,677020162,20.0,60.0,0.0,3335.299476935828,55.58832461559713,0.0,55.58832461559713,180,180,0,1.0,100.0,0.0,0.1958363942415584,21.35517509388732,0.0,4.060479999922488
16_w20_fps60_008,977027816,20.0,60.0,0.0,3335.299476935828,55.58832461559713,0.0,55.58832461559713,180,180,0,1.0,100.0,0.0,0.21222660525956022,23.142240163992675,0.0,4.0992083332639595
16_w20_fps60_009,31277440,20.0,60.0,0.0,3335.299476935828,55.58832461559713,0.0,55.58832461559713,180,180,0,1.0,100.0,0.0,0.20216166044616615,22.044853619421414,0.0,4.113476666669966
16_w20_fps120_000,685666673,20.0,120.0,0.0,3335.299476935828,27.794162307798565,0.0,27.794162307798565,360,360,0,1.0,100.0,0.0,0.20198486828911288,22.025968388760326,0.0,4.023089999944002
16_w20_fps120_001,289486493,20.0,120.0,0.0,3335.299476935828,27.794162307798565,0.0,27.794162307798565,360,360,0,1.0,100.0,0.0,0.20709739863404564,22.583082392936962,0.0,4.073385833357356
16_w20_fps120_002,293647925,20.0,120.0,0.0,3335.299476935828,27.794162307798565,0.0,27.794162307798565,360,360,0,1.0,100.0,0.0,0.20808983074878185,22.6917532855358,0.0,4.017152777841046
16_w20_fps120_003,270960963,20.0,120.0,0.0,3335.299476935828,27.794162307798565,0.0,27.794162307798565,360,360,0,1.0,100.0,0.0,0.20218065441264188,22.047178989957008,0.0,4.0539591666755665
16_w20_fps120_004,31126857,20.0,120.0,0.0,3335.299476935828,27.794162307798565,0.0,27.794162307798565,360,360,0,1.0,100.0,0.0,0.2098222535014539,22.879954349781787,0.0,4.037385000042883
16_w20_fps120_005,290289077,20.0,120.0,0.0,3335.299476935828,27.794162307798565,0.0,27.794162307798565,360,360,0,1.0,100.0,0.0,0.21008795965642196,22.909343538960858,0.0,4.048998888892028
16_w20_fps120_006,276945603,20.0,120.0,0.0,3335.299476935828,27.794162307798565,0.0,27.794162307798565,360,360,0,1.0,100.0,0.0,0.21500796495668167,23.446319255250536,0.0,3.978802222208186
16_w20_fps120_007,521934989,20.0,120.0,0.0,3335.299476935828,27.794162307798565,0.0,27.794162307798565,360,360,0,1.0,100.0,0.0,0.2070597542235453,22.57907815447234,0.0,3.9918272222166706
16_w20_fps120_008,824689698,20.0,120.0,0.0,3335.299476935828,27.794162307798565,0.0,27.794162307798565,360,360,0,1.0,100.0,0.0,0.20604895791602995,22.46926270768428,0.0,4.030593888900411
16_w20_fps120_009,477794371,20.0,120.0,0.0,3335.299476935828,27.794162307798565,0.0,27.794162307798565,360,360,0,1.0,100.0,0.0,0.20130126488511754,21.951475488139682,0.0,4.032332499956384
16_jit5_w5_fps30_000,539414227,5.0,30.0,5.0,801.7163664059688,26.72387888019896,5.0,27.18760199803477,90,90,0,1.0,100.0,0.0,2.272842992813092,247.8344353281338,0.0,9.603163333263687
16_jit5_w5_fps30_001,629768733,5.0,30.0,5.0,801.7163664059688,26.72387888019896,5.0,27.18760199803477,90,89,1,0.9888888888888889,98.88888888888889,1.1111111111111112,2.0904081254204185,227.9549545392923,0.03333333333333333,14.968673333351035
16_jit5_w5_fps30_002,28202027,5.0,30.0,5.0,801.7163664059688,26.72387888019896,5.0,27.18760199803477,90,90,0,1.0,100.0,0.0,3.13142780222349,341.4760681601223,0.0,23.430348888865005
16_jit5_w5_fps30_003,328908101,5.0,30.0,5.0,801.7163664059688,26.72387888019896,5.0,27.18760199803477,90,90,0,1.0,100.0,0.0,3.3026483206745363,360.09382916095285,0.0,13.528778888778309
16_jit5_w5_fps30_004,810466764,5.0,30.0,5.0,801.7163664059688,26.72387888019896,5.0,27.18760199803477,90,89,1,0.9888888888888889,98.88888888888889,1.1111111111111112,3.1627738045878853,344.91387376514643,0.03333333333333333,19.848032222115663
16_jit5_w5_fps30_005,976088681,5.0,30.0,5.0,801.7163664059688,26.72387888019896,5.0,27.18760199803477,90,90,0,1.0,100.0,0.0,1.6276956012696562,177.4806880326255,0.0,6.5700455555997905
16_jit5_w5_fps30_006,313360308,5.0,30.0,5.0,801.7163664059688,26.72387888019896,5.0,27.18760199803477,90,90,0,1.0,100.0,0.0,1.68450702067054,183.65207657279137,0.0,11.755915555659158
16_jit5_w5_fps30_007,453638619,5.0,30.0,5.0,801.7163664059688,26.72387888019896,5.0,27.18760199803477,90,90,0,1.0,100.0,0.0,2.2673570034368526,247.25855888045828,0.0,10.940048888692722
16_jit5_w5_fps30_008,46687705,5.0,30.0,5.0,801.7163664059688,26.72387888019896,5.0,27.18760199803477,90,90,0,1.0,100.0,0.0,1.7599729846233785,191.93997321886496,0.0,10.294276666617305
16_jit5_w5_fps30_009,266803162,5.0,30.0,5.0,801.7163664059688,26.72387888019896,5.0,27.18760199803477,90,89,1,0.9888888888888889,98.88888888888889,1.1111111111111112,0.1938690955823222,21.14093272699951,0.03333333333333333,11.319861111365348
16_jit10_w5_fps30_000,374817846,5.0,30.0,10.0,801.7163664059688,26.72387888019896,10.0,28.533589020723348,90,86,4,0.9555555555555556,95.55555555555556,4.444444444444445,24.176541533942913,2636.3009188765386,0.03333333333333333,80.19515555554082
16_jit10_w5_fps30_001,586831186,5.0,30.0,10.0,801.7163664059688,26.72387888019896,10.0,28.533589020723348,90,87,3,0.9666666666666667,96.66666666666667,3.3333333333333335,13.546519543132925,1477.3582292008202,0.03333333333333333,95.3836655556491
16_jit10_w5_fps30_002,343217176,5.0,30.0,10.0,801.7163664059688,26.72387888019896,10.0,28.533589020723348,90,87,3,0.9666666666666667,96.66666666666667,3.3333333333333335,25.29582658019563,2758.163090149773,0.03333333333333333,89.97912444443097
16_jit10_w5_fps30_003,386822334,5.0,30.0,10.0,801.7163664059688,26.72387888019896,10.0,28.533589020723348,90,90,0,1.0,100.0,0.0,21.09993541166238,2300.688828696611,0.0,84.2600177777058
16_jit10_w5_fps30_004,710338121,5.0,30.0,10.0,801.7163664059688,26.72387888019896,10.0,28.533589020723348,90,87,3,0.9666666666666667,96.66666666666667,3.3333333333333335,17.878175677996726,1949.814552656409,0.03333333333333333,93.39044999999007
16_jit10_w5_fps30_005,967134159,5.0,30.0,10.0,801.7163664059688,26.72387888019896,10.0,28.533589020723348,90,89,1,0.9888888888888889,98.88888888888889,1.1111111111111112,9.802094456644255,1068.8010865828346,0.03333333333333333,71.4762422222015
16_jit10_w5_fps30_006,266722244,5.0,30.0,10.0,801.7163664059688,26.72387888019896,10.0,28.533589020723348,90,87,3,0.9666666666666667,96.66666666666667,3.3333333333333335,17.49819570385622,1908.362376145387,0.05,76.35150999992928
16_jit10_w5_fps30_007,216365785,5.0,30.0,10.0,801.7163664059688,26.72387888019896,10.0,28.533589020723348,90,85,5,0.9444444444444444,94.44444444444444,5.555555555555555,20.401569758012844,2224.4256121082562,0.03333333333333333,101.43828000004254
16_jit10_w5_fps30_008,851810999,5.0,30.0,10.0,801.7163664059688,26.72387888019896,10.0,28.533589020723348,90,87,3,0.9666666666666667,96.66666666666667,3.3333333333333335,16.309358232809704,1778.0893170370225,0.03333333333333333,70.07666222224442
16_jit10_w5_fps30_009,634819134,5.0,30.0,10.0,801.7163664059688,26.72387888019896,10.0,28.533589020723348,90,88,2,0.9777777777777777,97.77777777777777,2.2222222222222223,14.211775696698528,1549.7315302853483,0.03333333333333333,54.362388888855804
16_jit20_w5_fps30_000,769215094,5.0,30.0,20.0,801.7163664059688,26.72387888019896,20.0,33.37912075539953,90,86,4,0.9555555555555556,95.55555555555556,4.444444444444445,22.85486396893232,2492.2374943546465,0.044444444444444446,81.58621666670014
16_jit20_w5_fps30_001,708049953,5.0,30.0,20.0,801.7163664059688,26.72387888019896,20.0,33.37912075539953,90,88,2,0.9777777777777777,97.77777777777777,2.2222222222222223,31.235437988075436,3406.1345424448186,0.03333333333333333,73.53334111109386
16_jit20_w5_fps30_002,707197654,5.0,30.0,20.0,801.7163664059688,26.72387888019896,20.0,33.37912075539953,90,89,1,0.9888888888888889,98.88888888888889,1.1111111111111112,25.015211334791534,2727.882917234676,0.03333333333333333,84.30048666662817
16_jit20_w5_fps30_003,695472059,5.0,30.0,20.0,801.7163664059688,26.72387888019896,20.0,33.37912075539953,90,86,4,0.9555555555555556,95.55555555555556,4.444444444444445,28.125547243403222,3067.1294292144194,0.03333333333333333,75.75529777776764
16_jit20_w5_fps30_004,914885172,5.0,30.0,20.0,801.7163664059688,26.72387888019896,20.0,33.37912075539953,90,88,2,0.9777777777777777,97.77777777777777,2.2222222222222223,24.54815491192142,2676.551960362407,0.03333333333333333,54.302357777669386
16_jit20_w5_fps30_005,27795383,5.0,30.0,20.0,801.7163664059688,26.72387888019896,20.0,33.37912075539953,90,87,3,0.9666666666666667,96.66666666666667,3.3333333333333335,26.408126546781066,2879.677856098972,0.03333333333333333,74.42135888884675
16_jit20_w5_fps30_006,632435115,5.0,30.0,20.0,801.7163664059688,26.72387888019896,20.0,33.37912075539953,90,86,4,0.9555555555555556,95.55555555555556,4.444444444444445,32.06498162249783,3496.507720212482,0.03333333333333333,70.09697555549792
16_jit20_w5_fps30_007,624282462,5.0,30.0,20.0,801.7163664059688,26.72387888019896,20.0,33.37912075539953,90,86,4,0.9555555555555556,95.55555555555556,4.444444444444445,25.595903670826946,2791.0418446521903,0.044444444444444446,71.7364166667216
16_jit20_w5_fps30_008,934309318,5.0,30.0,20.0,801.7163664059688,26.72387888019896,20.0,33.37912075539953,90,86,4,0.9555555555555556,95.55555555555556,4.444444444444445,22.460783122775116,2449.474941907953,0.03333333333333333,93.97513888893121
16_jit20_w5_fps30_009,688823448,5.0,30.0,20.0,801.7163664059688,26.72387888019896,20.0,33.37912075539953,90,88,2,0.9777777777777777,97.77777777777777,2.2222222222222223,28.661242750432862,3125.35731671035,0.03333333333333333,57.35990777779484
