scenario_id,frame_idx,timestamp_sec,x_true,y_true,x_est,y_est,x_pred,y_pred,cam_pan_px,cam_tilt_px,ptz_cmd_pan,ptz_cmd_tilt,track_state,confidence,nis_val,measurement_valid,is_eligible,latency_ms
straight_line,0,0.0,320.0,240.0,319.9618563254927,239.91989828353465,319.9618563254927,239.91989828353465,-0.038143674507296055,-0.08010171646535014,-0.038143674507296055,-0.08010171646535014,REACQUIRING,0.6015857459882132,0.0,True,True,24.839600002451334
straight_line,1,0.03333333333333333,321.1666666666667,240.66666666666666,320.9532727971892,240.82682328596053,319.9618563254927,239.91989828353465,0.9151291226818898,0.746721569495179,0.9532727971891859,0.8268232859605291,REACQUIRING,0.5912040708589501,1.7526195113638048,True,True,23.135900002671406
straight_line,2,0.06666666666666667,322.3333333333333,241.33333333333334,321.7181416776505,241.4131259326654,320.96244045280594,240.83520964661705,2.6332708003324115,2.1598475021605736,1.7181416776505216,1.4131259326653947,TRACKING,0.6318082101207483,0.8911604170619462,True,True,23.927000002004206
straight_line,3,0.1,323.5,242.0,323.3244593793882,241.92283487362576,321.73604563855775,241.428193310821,5.957730179720613,4.082682375786334,3.324459379388202,1.92283487362576,TRACKING,0.6969950120770362,2.7213657839661747,True,True,23.84100000199396
straight_line,4,0.13333333333333333,324.6666666666667,242.66666666666666,324.526981502099,242.68341231637982,323.3625331759615,241.94418325954334,10.48471168181959,6.766094692166149,4.526981502098977,2.6834123163798154,TRACKING,0.784755086402455,1.8680722527994682,True,True,35.17480000300566
straight_line,5,0.16666666666666666,325.8333333333333,243.33333333333334,325.545306420752,243.3194638354247,324.58094264911483,242.71484650071338,16.030018102571603,10.085558527590848,5.545306420752013,3.319463835424699,TRACKING,0.7553375948452352,1.2706251182325352,True,True,48.32639999949606
straight_line,6,0.2,327.0,244.0,326.9432192573864,243.8678901211442,325.6132886095212,243.35968864954353,22.973237359957977,13.953448648735048,6.9432192573863745,3.8678901211441996,TRACKING,0.7754720310043541,1.9856280822498078,True,True,44.39819999970496
straight_line,7,0.23333333333333334,328.1666666666667,244.66666666666666,328.0952295703372,244.8103248935464,327.0316881875138,243.91594345784296,31.068466930295187,18.763773542281456,8.09522957033721,4.810324893546408,TRACKING,0.7298282231366118,1.8894801418197376,True,True,39.83750000043074
straight_line,8,0.26666666666666666,329.3333333333333,245.33333333333334,329.3983860893538,245.15129026097725,328.2009721277289,244.87290442715855,40.466853019648966,23.915063803258704,9.398386089353778,5.151290260977248,TRACKING,0.769400578182796,1.4771407589645318,True,True,39.30299999774434
straight_line,9,0.3,330.5,246.0,330.4914227195827,245.54446672278456,329.524545560469,245.21861650686526,50.95827573923168,29.459530526043267,10.491422719582715,5.544466722784563,TRACKING,0.7821090212503307,1.0164152795284944,True,True,52.75590000019292
straight_line,10,0.3333333333333333,331.6666666666667,246.66666666666666,331.66794041657147,246.35431774324817,330.63482333098517,245.6176034578669,62.62621615580315,35.81384826929144,11.667940416571469,6.354317743248174,TRACKING,0.784021347850026,1.5703924356050933,True,True,33.673300000373274
straight_line,11,0.36666666666666664,332.8333333333333,247.33333333333334,332.62470323261175,247.23514400255704,331.8305407370813,246.44114576286344,75.2509193884149,43.048992271848476,12.62470323261175,7.2351440025570355,TRACKING,0.7717667373638029,1.2288237459303606,True,True,34.795499999745516
straight_line,12,0.4,334.0,248.0,334.0392233277511,247.71987382676025,332.80263740839973,247.33730270596442,89.29014271616597,50.768866098608726,14.039223327751074,7.719873826760249,TRACKING,0.8312648340980167,1.631032937317921,True,True,31.42880000086734
straight_line,13,0.43333333333333335,335.1666666666667,248.66666666666666,334.8989912998481,248.44756750221322,334.2418938232034,247.82968537611248,104.18913401601407,59.216433600821944,14.898991299848092,8.447567502213218,TRACKING,0.7675887197776128,0.7912373558212752,True,True,31.61779999936698
straight_line,14,0.4666666666666667,336.3333333333333,249.33333333333334,337.58805346421434,249.02730968764243,335.1152446430357,248.57015127963734,121.7771874802284,68.24374328846437,17.58805346421434,9.027309687642429,TRACKING,0.7600712720078011,6.144907232013449,True,True,34.9714000003587
straight_line,15,0.5,337.5,250.0,337.7216010176183,249.81460741835366,337.8570030445935,249.15963563667967,139.4987884978467,78.05835070681803,17.721601017618298,9.81460741835366,TRACKING,0.7496774736315338,0.4343042493742112,True,True,36.71570000005886
straight_line,16,0.5333333333333333,338.6666666666667,250.66666666666666,338.7712653510166,250.8379881734055,337.98758231456316,249.96129165975114,158.2700538488633,88.89633888022354,18.77126535101661,10.837988173405506,TRACKING,0.8290724687860542,1.3414386599062074,True,True,38.020799998776056
straight_line,17,0.5666666666666667,339.8333333333333,251.33333333333334,339.840904754,250.8816025572443,339.05488471202966,251.00440389877917,178.11095860286332,99.77794143746783,19.840904754000007,10.881602557244292,TRACKING,0.75645174582556,0.6135253860572968,True,True,41.618600000219885
straight_line,18,0.6,341.0,252.0,340.7848206757781,252.1192711518229,340.1426534380659,251.04518590548616,198.89577927864144,111.89721258929072,20.78482067577812,12.119271151822886,TRACKING,0.7298667070130236,1.5169686423268955,True,True,33.49600000001374
straight_line,19,0.6333333333333333,342.1666666666667,252.66666666666666,341.966183026743,252.42405555190132,341.10172248284414,252.30819952686545,220.86196230538445,124.32126814119204,21.96618302674301,12.424055551901318,TRACKING,0.8360511348576511,0.736365128766356,True,True,520.0616000001901
straight_line,20,0.6666666666666666,343.3333333333333,253.33333333333334,343.14020106816986,254.0456502070464,342.3039215453376,252.61577648767965,244.0021633735543,138.36691834823844,23.14020106816986,14.045650207046407,TRACKING,0.8065634267703121,2.654310304290915,True,True,37.21149999910267
straight_line,21,0.7,344.5,254.0,344.4942151664089,253.9585789083468,343.49850037386364,254.27252605014937,268.4963785399632,152.32549725658524,24.49421516640888,13.958578908346794,TRACKING,0.7593861541190977,1.0537547623690273,True,True,32.182500002818415
straight_line,22,0.7333333333333333,345.6666666666667,254.66666666666666,345.32632321885137,254.44031630893,344.8774516663511,254.1775920974875,293.82270175881456,166.76581356551523,25.32632321885137,14.440316308929994,TRACKING,0.7772367900069698,0.2613550844218746,True,True,40.52890000093612
straight_line,23,0.7666666666666667,346.8333333333333,255.33333333333334,346.6949558812457,255.18081813674002,345.7209969528205,254.6660237032928,320.4786118878642,181.94663170225525,26.655910129049655,15.180818136740015,TRACKING,0.7548187704180702,1.1718704597380267,True,True,34.401400000206195
straight_line,24,0.8,348.0,256.0,347.6811909066105,255.9417746071832,347.11484851549994,255.41985519943438,347.1345220169138,197.88840630943844,26.655910129049655,15.941774607183191,TRACKING,0.7513387752482407,0.5724345489118683,True,True,31.467199998587603
straight_line,25,0.8333333333333334,349.1666666666667,256.6666666666667,349.1043255875967,256.40114441418785,348.1159698362981,256.19453030831625,373.79043214596345,214.2895507236263,26.655910129049655,16.401144414187854,TRACKING,0.7353547814657491,0.9834365192521555,True,True,32.66230000008363
straight_line,26,0.8666666666666667,350.3333333333333,257.3333333333333,350.19554596728534,257.3598316491559,349.56545028167176,256.6594076530119,400.4463422750131,231.6493823727822,26.655910129049655,17.35983164915592,TRACKING,0.8146024529255984,0.8557702852547184,True,True,35.680900000443216
straight_line,27,0.9,351.5,258.0,351.44821371200743,257.84231877097903,350.6736880029118,257.6370116249857,427.1022524040627,249.49170114376125,26.655910129049655,17.842318770979034,TRACKING,0.7840439943392927,0.6187231144964438,True,True,29.780600001686253
straight_line,28,0.9333333333333333,352.6666666666667,258.6666666666667,352.2055509758257,258.4011290409893,351.94753126780853,258.12511184081063,453.75816253311234,267.89283018475055,26.655910129049655,18.401129040989304,TRACKING,0.7808549673220226,0.1375151265477464,True,True,33.15219999785768
straight_line,29,0.9666666666666667,353.8333333333333,259.3333333333333,353.6102436971023,259.1946149291561,352.7120038774062,258.69155516404567,480.41407266216197,287.08744511390665,26.655910129049655,19.194614929156103,TRACKING,0.8074238951614416,1.0205475265353297,True,True,33.71510000215494
straight_line,30,1.0,355.0,260.0,354.8903281192983,259.7334397601636,354.14180348342654,259.49910217850066,507.0699827912116,306.82088487407026,26.655910129049655,19.733439760163606,TRACKING,0.798985784122365,0.5921299459478455,True,True,36.903200001688674
straight_line,31,1.0333333333333334,356.1666666666667,260.6666666666667,356.3384309977374,260.43945601608993,355.4430199445015,260.04454273148866,533.7258929202612,327.2603408901602,26.655910129049655,20.439456016089935,TRACKING,0.7494292594720442,0.9214609158589507,True,True,41.61440000098082
straight_line,32,1.0666666666666667,357.3333333333333,261.3333333333333,357.2489189548808,261.4213492990744,356.91663862736266,260.7618125118127,560.3818030493109,348.6816901892346,26.655910129049655,21.421349299074393,TRACKING,0.7608424654674326,0.524570573537127,True,True,35.33850000167149
straight_line,33,1.1,358.5,262.0,358.3244106070095,261.9422920811763,357.83667823850703,261.76266468784956,587.0377131783605,370.62398227041086,26.655910129049655,21.942292081176276,TRACKING,0.8190195668060731,0.2597474939810986,True,True,39.898399998492096
straight_line,34,1.1333333333333333,359.6666666666667,262.6666666666667,359.44426149960657,262.514567076177,358.9263048923182,262.2888132624534,613.6936233074101,393.13854934658787,26.655910129049655,22.514567076177002,TRACKING,0.7635995737438104,0.3068580242822243,True,True,39.87050000068848
straight_line,35,1.1666666666666667,360.8333333333333,263.3333333333333,360.9055574263606,263.1135490145136,360.0612815564582,262.8676808958398,640.3495334364598,416.25209836110145,26.655910129049655,23.11354901451358,TRACKING,0.7993286670396968,0.7430379189707573,True,True,33.602700001210906
straight_line,36,1.2,362.0,264.0,361.7796724064461,263.94411496024526,361.54740899530253,263.4738942112406,667.0054435655094,440.1962133213467,26.655910129049655,23.94411496024526,TRACKING,0.8119720775348434,0.26423414362825925,True,True,44.19169999891892
straight_line,37,1.2333333333333334,363.1666666666667,264.6666666666667,362.9678740186445,264.6616527302549,362.4284008824017,264.3183825580552,693.661353694559,464.8578660516016,26.655910129049655,24.6616527302549,TRACKING,0.7654463616420364,0.3926816317462655,True,True,38.6858999991091
straight_line,38,1.2666666666666666,364.3333333333333,265.3333333333333,364.1093363407184,265.33608979819456,363.6326751591899,265.0461474663054,720.3172638236086,490.19395584979617,26.655910129049655,25.336089798194564,TRACKING,0.7500823800235015,0.29887933594432103,True,True,34.641000002011424
straight_line,39,1.3,365.5,266.0,365.36440761824076,265.77690178289714,364.7884217499897,265.72927333531425,746.9731739526583,515.9708576326933,26.655910129049655,25.77690178289714,TRACKING,0.772199223835617,0.32065635288920935,True,True,37.321100000554
straight_line,40,1.3333333333333333,366.6666666666667,266.6666666666667,366.9409660788597,266.76083533017095,366.06084808970525,266.17152041541675,773.6290840817079,542.6267677617429,26.655910129049655,26.655910129049655,TRACKING,0.7742193783534406,1.0767581412500185,True,True,124.8697999981232
straight_line,41,1.3666666666666667,367.8333333333333,267.3333333333333,367.8374104395697,267.1278779222222,367.6640608965687,267.17330134676695,800.2849942107575,569.2826778907926,26.655910129049655,26.655910129049655,TRACKING,0.7337532950651291,0.030815036870125448,True,True,37.81600000002072
straight_line,42,1.4,369.0,268.0,369.05130325883766,267.8091055118532,368.56578021892506,267.5389617210276,826.9409043398072,595.9385880198422,26.655910129049655,26.655910129049655,TRACKING,0.7727596633929967,0.2961736066255908,True,True,35.61249999984284
straight_line,43,1.4333333333333333,370.1666666666667,268.6666666666667,370.13070748412474,268.7732013335767,369.7945133127179,268.228446401852,853.5968144688568,622.5944981488918,26.655910129049655,26.655910129049655,TRACKING,0.8020425551404478,0.3930735965956963,True,True,45.937499999126885
straight_line,44,1.4666666666666666,371.3333333333333,269.3333333333333,371.33396012284567,269.4937449846539,370.88423641646943,269.20926250135386,880.2527245979064,649.2504082779415,26.655910129049655,26.655910129049655,TRACKING,0.7805887043774631,0.2715885046888312,True,True,44.294799998169765
straight_line,45,1.5,372.5,270.0,372.4691107746269,270.1191442082358,372.1013464379191,269.9385719403911,906.908634726956,675.9063184069911,26.655910129049655,26.655910129049655,TRACKING,0.8131349153412422,0.16095992365009756,True,True,36.983399997552624
straight_line,46,1.5333333333333334,373.6666666666667,270.6666666666667,373.70394389813816,270.57614531361895,373.2478704462103,270.56955548135517,933.5645448560057,702.5622285360407,26.655910129049655,26.655910129049655,TRACKING,0.8690220767743781,0.1994688313416712,True,True,38.97320000032778
straight_line,47,1.5666666666666667,374.8333333333333,271.3333333333333,374.9971350861265,271.4411630059638,374.4968561312058,271.0267610779357,960.2204549850553,729.2181386650904,26.655910129049655,26.655910129049655,TRACKING,0.7723581956969598,0.4045533040091841,True,True,41.85610000058659
straight_line,48,1.6,376.0,272.0,375.9521977224078,272.3713875886497,375.80562123989563,271.9046792984802,986.8763651141049,755.87404879414,26.655910129049655,26.655910129049655,TRACKING,0.7651040443994327,0.22937394578622294,True,True,31.521999997494277
straight_line,49,1.6333333333333333,377.1666666666667,272.6666666666667,377.1192349566466,272.6417386652697,376.7652605076985,272.8494761497563,1013.5322752431546,782.5299589231896,26.655910129049655,26.655910129049655,TRACKING,0.7866697486801355,0.16144501144854373,True,True,33.00390000003972
straight_line,50,1.6666666666666667,378.3333333333333,273.3333333333333,378.6287429734914,272.6998804701065,377.94338095688,273.113322804379,1040.1881853722043,809.1858690522392,26.655910129049655,26.655910129049655,TRACKING,0.7915890974377067,0.6139341848794592,True,True,45.85200000292389
straight_line,51,1.7,379.5,274.0,379.58641246085637,273.52522298529436,379.47440429074265,273.15848556649837,1066.844095501254,835.8417791812889,26.655910129049655,26.655910129049655,TRACKING,0.7601933910435836,0.14089409356000088,True,True,30.508499999996275
straight_line,52,1.7333333333333334,380.6666666666667,274.6666666666667,380.47072381097786,274.6766524884261,380.43559860711645,273.9953690852674,1093.5000056303038,862.4976893103385,26.655910129049655,26.655910129049655,TRACKING,0.7929852534336224,0.44587800035988556,True,True,33.683000001474284
straight_line,53,1.7666666666666666,381.8333333333333,275.3333333333333,381.7081804377453,275.3686668849346,381.3210178541135,275.16828719688345,1120.1559157593535,889.1535994393881,26.655910129049655,26.655910129049655,TRACKING,0.7929312636717061,0.18206548689640265,True,True,31.24010000101407
straight_line,54,1.8,383.0,276.0,382.93734422700146,276.1911539088112,382.5707122407233,275.8666353627264,1146.8118258884033,915.8095095684378,26.655910129049655,26.655910129049655,TRACKING,0.7736043539215214,0.22964314900060034,True,True,38.529299999936484
straight_line,55,1.8333333333333333,384.16666666666663,276.6666666666667,,,383.8114880302166,276.6994005662903,1173.467736017453,942.4654196974874,26.655910129049655,26.655910129049655,COASTING,0.0,0.0,False,True,26.499700001295423
straight_line,56,1.8666666666666667,385.3333333333333,277.3333333333333,385.00261400119075,277.27691329909004,384.6856318334317,277.2076472237694,1200.1236461465028,969.121329826537,26.655910129049655,26.655910129049655,REACQUIRING,0.7661141730934725,0.04912539377312442,True,True,33.3664999998291
straight_line,57,1.9,386.5,278.0,386.31789675667966,278.0758728431349,385.8866775551958,277.78732759334895,1226.7795562755525,995.7772399555867,26.655910129049655,26.655910129049655,REACQUIRING,0.6695762210285113,0.2547022424680798,True,True,29.50050000072224
straight_line,58,1.9333333333333333,387.6666666666667,278.6666666666667,387.6886184430093,278.5439824848352,387.215653562869,278.5954498158143,1253.4354664046023,1022.4331500846363,26.655910129049655,26.655910129049655,TRACKING,0.6368013083815462,0.2167050444493859,True,True,26.540400001977105
straight_line,59,1.9666666666666666,388.8333333333333,279.3333333333333,388.8553976043968,279.27093853996166,388.6014516066711,279.0619188708398,1280.091376533652,1049.089060213686,26.655910129049655,26.655910129049655,TRACKING,0.7522411840329682,0.10358778390599709,True,True,35.23540000242065
straight_line,60,2.0,390.0,280.0,389.63314297381004,280.44021879492794,389.7763398850745,279.79554943539233,1306.7472866627018,1075.7449703427358,26.655910129049655,26.655910129049655,TRACKING,0.77388819021951,0.4175757275627286,True,True,34.43690000131028
straight_line,61,2.033333333333333,391.16666666666663,280.6666666666667,390.8745725841406,280.6968484305573,390.5495062907188,280.98544408500015,1333.4031967917515,1102.4008804717855,26.655910129049655,26.655910129049655,TRACKING,0.7237618301756661,0.1809174822669698,True,True,31.62940000038361
straight_line,62,2.066666666666667,392.33333333333337,281.3333333333333,392.3246071025367,281.557643338162,391.80134353284956,281.2328337675142,1360.0591069208012,1129.0567906008353,26.655910129049655,26.655910129049655,TRACKING,0.7677522371388383,0.3631516123856921,True,True,32.015600001614075
straight_line,63,2.1,393.5,282.0,393.4762253133971,281.91135083520487,393.2681509978709,282.1040402801063,1386.715017049851,1155.712700729885,26.655910129049655,26.655910129049655,TRACKING,0.7758892600845058,0.07699517265648942,True,True,35.04040000188979
straight_line,64,2.1333333333333333,394.6666666666667,282.6666666666667,394.6930988111474,282.6584620204041,394.42644623470864,282.45156444584325,1413.3709271789007,1182.3686108589347,26.655910129049655,26.655910129049655,TRACKING,0.7625402214522882,0.10904853746978888,True,True,37.82610000052955
straight_line,65,2.1666666666666665,395.8333333333333,283.3333333333333,396.2025838012454,283.66199123988895,395.65188528451574,283.2053217020049,1440.0268373079505,1209.0245209879845,26.655910129049655,26.655910129049655,TRACKING,0.7979087755915177,0.48995076351130423,True,True,44.89409999951022
straight_line,66,2.2,397.0,284.0,397.03547050644585,284.32390197116325,397.17907706091273,284.2235343638287,1466.6827474370002,1235.6804311170342,26.655910129049655,26.655910129049655,TRACKING,0.7792938949891266,0.02938394487138856,True,True,33.475099997303914
straight_line,67,2.2333333333333334,398.1666666666667,284.6666666666667,398.057047406941,284.85706702256124,398.00734219641845,284.88867514190775,1493.33865756605,1262.336341246084,26.655910129049655,26.655910129049655,TRACKING,0.8254113203011628,0.003321196231296389,True,True,34.35360000003129
straight_line,68,2.2666666666666666,399.3333333333333,285.3333333333333,399.2768371294123,285.30267056876903,399.030520060457,285.42082212203684,1519.9945676950997,1288.9922513751337,26.655910129049655,26.655910129049655,TRACKING,0.741091152901723,0.07143550999278975,True,True,30.23649999886402
straight_line,69,2.3,400.5,286.0,400.33474316412423,285.86817757979236,400.2582496788656,285.8626171175755,1546.6504778241494,1315.6481615041835,26.655910129049655,26.655910129049655,TRACKING,0.8131829062779141,0.005630061880697155,True,True,36.569100000633625
straight_line,70,2.3333333333333335,401.6666666666667,286.6666666666667,401.79303516409095,286.6101328384335,401.31862324983666,286.4283034986732,1573.3063879531992,1342.3040716332332,26.655910129049655,26.655910129049655,TRACKING,0.7770703234431855,0.24705756923507521,True,True,39.79400000025635
straight_line,71,2.3666666666666667,402.8333333333333,287.3333333333333,402.9332910464278,287.51577026004975,402.7922294001317,287.1761282596593,1599.962298082249,1368.959981762283,26.655910129049655,26.655910129049655,TRACKING,0.7719702198634525,0.12945032577725113,True,True,38.20619999896735
straight_line,72,2.4,404.0,288.0,403.13229131604015,287.8600438447489,403.9370417182296,288.09273646601497,1626.6182082112987,1395.6158918913327,26.655910129049655,26.655910129049655,TRACKING,0.7932132032178298,0.6716330879764674,True,True,58.34809999942081
straight_line,73,2.433333333333333,405.16666666666663,288.6666666666667,404.6148564863531,288.1525404544437,404.1100320991937,288.4294893223592,1653.2741183403484,1422.2718020203824,26.655910129049655,26.655910129049655,TRACKING,0.6918125791046821,0.31730269135156863,True,True,31.128000002354383
straight_line,74,2.466666666666667,406.33333333333337,289.3333333333333,406.20056729980007,289.5829466809278,405.60892259193514,288.71302978872984,1679.9300284693982,1448.9277121494322,26.655910129049655,26.655910129049655,TRACKING,0.8043805412599576,1.0592179802938786,True,True,37.77960000297753
straight_line,75,2.5,407.5,290.0,407.76719651147334,289.98319036025464,407.2137764417687,290.1715827230257,1706.585938598448,1475.583622278482,26.655910129049655,26.655910129049655,TRACKING,0.7543610600159678,0.32706585124301485,True,True,35.61449999688193
straight_line,76,2.533333333333333,408.66666666666663,290.6666666666667,408.8374599280194,291.23087535658874,408.7983207193947,290.56572784939283,1733.2418487274977,1502.2395324075317,26.655910129049655,26.655910129049655,TRACKING,0.7532101384643317,0.4248495150923434,True,True,30.259999999543652
straight_line,77,2.566666666666667,409.83333333333337,291.3333333333333,409.8943592507336,291.3529204363227,409.86985171609035,291.83495461435876,1759.8977588565474,1528.8954425365814,26.655910129049655,26.655910129049655,TRACKING,0.770749651877733,0.22292894522520487,True,True,49.8652000023867
straight_line,78,2.6,411.0,292.0,411.1965371227719,292.0110705107265,410.9275450927412,291.9413815936907,1786.5536689855971,1555.5513526656312,26.655910129049655,26.655910129049655,TRACKING,0.7632173720507311,0.0738879536100238,True,True,49.346700001478894
straight_line,79,2.6333333333333333,412.1666666666667,292.6666666666667,412.09369891250657,292.55233397343784,412.23844192541736,292.60179052656133,1813.2095791146469,1582.207262794681,26.655910129049655,26.655910129049655,TRACKING,0.804103427448986,0.022388505931106827,True,True,50.09849999987637
straight_line,80,2.6666666666666665,413.3333333333333,293.3333333333333,413.3744635273922,293.3547886409782,413.1309103261019,293.1414503274432,1839.8654892436966,1608.8631729237306,26.655910129049655,26.655910129049655,TRACKING,0.780407710664188,0.10031338313018459,True,True,53.93739999999525
straight_line,81,2.7,414.5,294.0,414.50447871166756,293.913041668962,414.4195751007961,293.95082507142394,1866.5213993727464,1635.5190830527804,26.655910129049655,26.655910129049655,TRACKING,0.7571030147042246,0.008263883258140462,True,True,52.35679999896092
straight_line,82,2.7333333333333334,415.6666666666667,294.6666666666667,415.8939977579573,294.52175705672016,415.55234522039103,294.5078521111504,1893.1773095017961,1662.1749931818301,26.655910129049655,26.655910129049655,TRACKING,0.7976124915431811,0.11187758606870782,True,True,53.285100002540275
straight_line,83,2.7666666666666666,416.8333333333333,295.3333333333333,416.66787239644873,295.1369620525559,416.9529535600012,295.11701882299684,1919.8332196308459,1688.8309033108799,26.655910129049655,26.655910129049655,TRACKING,0.7326092161967483,0.07814597381912139,True,True,52.56029999873135
straight_line,84,2.8,418.0,296.0,418.0104549316043,295.982779240288,417.7175724173845,295.7328713192324,1946.4891297598956,1715.4868134399296,26.655910129049655,26.655910129049655,TRACKING,0.7997657076857987,0.14183790131318436,True,True,46.44499999994878
straight_line,85,2.8333333333333335,419.1666666666667,296.6666666666667,419.19908142182953,296.55662404012736,419.0696665890373,296.5868045029269,1973.1450398889453,1742.1427235689794,26.655910129049655,26.655910129049655,TRACKING,0.7604213215136044,0.016896886471969037,True,True,48.82989999896381
straight_line,86,2.8666666666666667,420.3333333333333,297.3333333333333,419.9684167016192,297.2512015986245,420.2624970098949,297.1596689161342,1999.800950017995,1768.798633698029,26.655910129049655,26.655910129049655,TRACKING,0.7946944631788129,0.0907662294115238,True,True,48.420099999930244
straight_line,87,2.9,421.5,298.0,421.4899085500404,297.89414455560245,421.02227708398374,297.8572205384667,2026.4568601470448,1795.4545438270789,26.655910129049655,26.655910129049655,TRACKING,0.7647633478261803,0.21054109126834708,True,True,47.00419999790029
straight_line,88,2.933333333333333,422.66666666666663,298.6666666666667,422.79150129594973,298.843380675479,422.5589664905537,298.501363489325,2053.1127702760946,1822.1104539561286,26.655910129049655,26.655910129049655,TRACKING,0.8201432024094912,0.16366077036500967,True,True,70.16189999922062
straight_line,89,2.966666666666667,423.83333333333337,299.3333333333333,423.63813522496105,299.3424047333557,423.86811794943003,299.4617171265793,2079.768680405144,1848.7663640851783,26.655910129049655,26.655910129049655,TRACKING,0.8342524235434345,0.06422776200274699,True,True,53.33180000161519
straight_line,90,3.0,425.0,300.0,425.1811922184252,299.9763816214806,424.70727467650937,299.95686209806297,2106.4245905341936,1875.422274214228,26.655910129049655,26.655910129049655,TRACKING,0.7595233412450436,0.21525857026252695,True,True,45.64120000213734
straight_line,91,3.033333333333333,426.16666666666663,300.6666666666667,426.36209279275704,300.8692894179619,426.2657424729593,300.59147372008806,2133.080500663243,1902.0781843432778,26.655910129049655,26.655910129049655,TRACKING,0.7921501471674101,0.08272856977270578,True,True,51.09939999965718
straight_line,92,3.066666666666667,427.33333333333337,301.3333333333333,427.4247526088415,301.6138387281103,427.44977668774123,301.49341702896163,2159.7364107922926,1928.7340944723276,26.655910129049655,26.655910129049655,TRACKING,0.7604727720885264,0.014473783878613233,True,True,47.838800001045456
straight_line,93,3.1,428.5,302.0,428.44943360212466,301.8665799099977,428.51162250667863,302.2418834830714,2186.392320921342,1955.3900046013773,26.655910129049655,26.655910129049655,TRACKING,0.7699078226767515,0.13846457464516174,True,True,51.03360000066459
straight_line,94,3.1333333333333333,429.6666666666667,302.6666666666667,429.3055026194021,302.6948201312795,429.5342802849876,302.48241477294727,2213.0482310503917,1982.045914730427,26.655910129049655,26.655910129049655,TRACKING,0.7863506078514788,0.09324208474974807,True,True,58.62619999970775
straight_line,95,3.1666666666666665,430.8333333333333,303.3333333333333,431.22207290195513,303.4279468957761,430.3829053609674,303.3175662152815,2239.704141179441,2008.7018248594768,26.655910129049655,26.655910129049655,TRACKING,0.724385076972097,0.6854113397165335,True,True,55.88200000056531
straight_line,96,3.2,432.0,304.0,432.04137293870525,303.8349481412445,432.3267839206658,304.0542849993298,2266.3600513084907,2035.3577349885265,26.655910129049655,26.655910129049655,TRACKING,0.8038814756735331,0.12396521069112636,True,True,57.56169999949634
straight_line,97,3.2333333333333334,433.1666666666667,304.6666666666667,433.0765471973589,304.6412851457743,433.13679495700933,304.4541476962045,2293.01596143754,2062.0136451175763,26.655910129049655,26.655910129049655,TRACKING,0.7418522173976756,0.036978687695688156,True,True,52.35720000200672
straight_line,98,3.2666666666666666,434.3333333333333,305.3333333333333,434.10277932830815,305.3366798861087,434.1700081664891,305.2665759768749,2319.6718715665897,2088.669555246626,26.655910129049655,26.655910129049655,TRACKING,0.7482250183972547,0.009026221529713024,True,True,58.189799998217495
straight_line,99,3.3,435.5,306.0,435.70019301787454,306.04851423753223,435.1940517836404,305.96425282376947,2346.3277816956393,2115.3254653756753,26.655910129049655,26.655910129049655,TRACKING,0.7726663511756644,0.25189040764253257,True,True,58.6557000024186
straight_line,100,3.3333333333333335,436.6666666666667,306.6666666666667,436.59668865778025,306.25666609397103,436.80794362618855,306.6788304262315,2372.983691824689,2141.981375504725,26.655910129049655,26.655910129049655,TRACKING,0.7371740304520882,0.2132107167273311,True,True,53.582800002914155
straight_line,101,3.3666666666666667,437.8333333333333,307.3333333333333,437.62190325716796,307.4070671356381,437.69756091898313,306.87323684114483,2399.6396019537383,2168.6372856337744,26.655910129049655,26.655910129049655,TRACKING,0.7778628658503839,0.2781219857379731,True,True,51.49449999953504
straight_line,102,3.4,439.0,308.0,439.00317238186705,307.92042350592953,438.72031193186956,308.04102061809533,2426.295512082788,2195.293195762824,26.655910129049655,26.655910129049655,TRACKING,0.7766215647991364,0.09046256656130991,True,True,53.16120000134106
straight_line,103,3.433333333333333,440.16666666666663,308.66666666666663,439.9833385642572,308.6132801428946,440.1107923886108,308.55044975132165,2452.9514222118373,2221.9491058918734,26.655910129049655,26.655910129049655,TRACKING,0.7427471928125944,0.01931839957399468,True,True,58.07189999904949
straight_line,104,3.466666666666667,441.33333333333337,309.33333333333337,441.26215133729625,309.062286097818,441.0868077298565,309.2453526115035,2479.607332340887,2248.605016020923,26.655910129049655,26.655910129049655,TRACKING,0.7610369331679359,0.06147798543545066,True,True,55.3141999989748
straight_line,105,3.5,442.5,310.0,442.48052937714516,310.3906816001079,442.3713313966452,309.6883961397149,2506.2632424699364,2275.2609261499724,26.655910129049655,26.655910129049655,TRACKING,0.7531075352536303,0.48326856637502164,True,True,49.25500000172178
straight_line,106,3.533333333333333,443.66666666666663,310.66666666666663,443.8960333546283,310.6561297752375,443.593266221855,311.03966641160457,2532.919152598986,2301.916836279022,26.655910129049655,26.655910129049655,TRACKING,0.7799275236989175,0.22843445519844802,True,True,53.66449999928591
straight_line,107,3.566666666666667,444.83333333333337,311.33333333333337,,,445.0186325132793,311.29262129302316,2559.5750627280354,2328.5727464080715,26.655910129049655,26.655910129049655,COASTING,0.0,0.0,False,True,41.87109999838867
straight_line,108,3.6,446.0,312.0,445.8656490335879,311.87977086887554,446.14123167193026,311.9291128108088,2586.230972857085,2355.228656537121,26.655910129049655,26.655910129049655,REACQUIRING,0.7783108931118533,0.0365024522230724,True,True,48.690800002077594
straight_line,109,3.6333333333333333,447.1666666666667,312.6666666666667,447.2420069580272,312.8408375305185,446.97940598492517,312.51467922568105,2612.8868829861344,2381.8845666661705,26.655910129049655,26.655910129049655,REACQUIRING,0.6006178475279264,0.16571837838753326,True,True,43.12179999760701
straight_line,110,3.6666666666666665,448.3333333333333,313.3333333333333,448.48157406852556,313.6372579922307,448.3642971693065,313.4863444527617,2639.542793115184,2408.54047679522,26.655910129049655,26.655910129049655,TRACKING,0.7013545889172146,0.034939422031561376,True,True,54.69569999695523
straight_line,111,3.7,449.5,314.0,449.4088776064496,313.7066381075605,449.6076839139641,314.28768007265325,2666.1987032442335,2435.1963869242695,26.655910129049655,26.655910129049655,TRACKING,0.8110303855396954,0.3608066181189722,True,True,59.23450000045705
straight_line,112,3.7333333333333334,450.66666666666663,314.6666666666667,452.16830294052954,314.55573660908664,450.5285100884011,314.33812909844085,2692.854613373283,2461.852297053319,26.655910129049655,26.655910129049655,TRACKING,0.8923749513635957,2.617812032525626,True,True,96.6883000000962
straight_line,113,3.7666666666666666,451.83333333333337,315.3333333333333,452.08345779488866,315.13826460121106,453.34136656065726,315.1943181400644,2719.5105235023325,2488.5082071823686,26.655910129049655,26.655910129049655,TRACKING,0.7404312379545437,1.5168330772877445,True,True,56.28160000196658
straight_line,114,3.8,453.0,316.0,453.11349610198334,316.22674067042516,453.21553180926395,315.7750195987222,2746.166433631382,2515.164117311418,26.655910129049655,26.655910129049655,TRACKING,0.7996046881367529,0.2051776591683425,True,True,69.82559999960358
straight_line,115,3.8333333333333335,454.1666666666667,316.6666666666667,454.258018554221,316.7070541421294,454.2422451100248,316.87821576411227,2772.8223437604315,2541.8200274404676,26.655910129049655,26.655910129049655,TRACKING,0.772878741908893,0.028265853934462334,True,True,79.78000000002794
straight_line,116,3.8666666666666667,455.33333333333337,317.3333333333333,456.0425284170747,317.356111632214,455.3872815836678,317.35295145987925,2799.478253889481,2568.475937569517,26.655910129049655,26.655910129049655,TRACKING,0.7700898405064064,0.4107673983317946,True,True,64.24189999961527
straight_line,117,3.9,456.5,318.0,456.68818987529494,317.8838039396336,457.1931451399744,318.00211193611784,2826.1341640185306,2595.1318476985666,26.655910129049655,26.655910129049655,TRACKING,0.771365119591957,0.2573297147024336,True,True,49.46099999870057
straight_line,118,3.933333333333333,457.66666666666663,318.66666666666663,457.4446193624371,318.69438630554896,457.82235024844766,318.5259486192789,2852.79007414758,2621.787757827616,26.655910129049655,26.655910129049655,TRACKING,0.7357449973173025,0.16364500311590627,True,True,54.92159999994328
straight_line,119,3.966666666666667,458.83333333333337,319.33333333333337,458.6612633814472,319.4297731369463,458.56646926021205,319.3420204700797,2879.4459842766296,2648.4436679566656,26.655910129049655,26.655910129049655,TRACKING,0.7706905354028082,0.015963882267468994,True,True,57.02240000027814
straight_line,120,4.0,460.0,320.0,460.05536729357374,319.9555530183355,459.7862027543087,320.08026728556183,2906.101894405679,2675.099578085715,26.655910129049655,26.655910129049655,TRACKING,0.7643236862598561,0.0841923046513168,True,True,55.385700001352234
straight_line,121,4.033333333333333,461.16666666666663,320.66666666666663,461.15630790211276,320.62047355287933,461.18907932839767,320.6019824557849,2932.7578045347286,2701.7554882147647,26.655910129049655,26.655910129049655,TRACKING,0.7616888371883601,0.0013545720837236605,True,True,49.02280000169412
straight_line,122,4.066666666666666,462.3333333333333,321.3333333333333,462.4829768513701,321.4135026637831,462.28895182076246,321.2675056690072,2959.413714663778,2728.411398343814,26.655910129049655,26.655910129049655,TRACKING,0.8053087522538269,0.05640748406466068,True,True,46.182000001863344
straight_line,123,4.1,463.5,322.0,463.3726177065451,321.98989080771645,463.6219447412709,322.0652933453127,2986.0696247928277,2755.0673084728637,26.655910129049655,26.655910129049655,TRACKING,0.8080985037823118,0.06491117313029661,True,True,53.71010000089882
straight_line,124,4.133333333333334,464.6666666666667,322.6666666666667,,,464.5034589774821,322.63922380272754,3012.725534921877,2781.7232186019132,26.655910129049655,26.655910129049655,COASTING,0.0,0.0,False,True,39.567200001329184
straight_line,125,4.166666666666667,465.83333333333337,323.33333333333337,466.0060074195531,323.63801150058595,465.63430024841915,323.28855679773864,3039.3814450509267,2808.3791287309627,26.655910129049655,26.655910129049655,REACQUIRING,0.806947414927081,0.12121151019328899,True,True,58.47089999952004
straight_line,126,4.2,467.0,324.0,467.2090486101663,324.237708776802,467.1487817064865,324.2985631345766,3066.037355179976,2835.0350388600123,26.655910129049655,26.655910129049655,REACQUIRING,0.7058104193965986,0.006932729090424785,True,True,51.21950000102515
straight_line,127,4.233333333333333,468.16666666666663,324.6666666666667,468.4283139205199,324.62198925825777,468.3537822810361,324.8962819276816,3092.6932653090257,2861.690948989062,26.655910129049655,26.655910129049655,TRACKING,0.5905465299471387,0.07727457662521119,True,True,36.16360000160057
straight_line,128,4.266666666666667,469.33333333333337,325.3333333333333,469.4026233775067,325.27093621655837,469.5754761980101,325.2716246077216,3119.3491754380752,2888.3468591181113,26.655910129049655,26.655910129049655,TRACKING,0.7705294822590208,0.028584473348882516,True,True,49.545199999556644
straight_line,129,4.3,470.5,326.0,470.5687044828999,326.1238622992413,470.544151375939,325.92054912734926,3146.0050855671248,2915.002769247161,26.655910129049655,26.655910129049655,TRACKING,0.7528713607975394,0.040122671739622764,True,True,55.63819999952102
straight_line,130,4.333333333333333,471.66666666666663,326.66666666666663,471.967499320588,326.68328329916,471.7110328556744,326.78010274790245,3172.6609956961743,2941.6586793762103,26.655910129049655,26.655910129049655,TRACKING,0.7310446092947587,0.07189419549455761,True,True,56.71459999939543
straight_line,131,4.366666666666666,472.8333333333333,327.3333333333333,472.6498372661354,327.35791288557107,473.11818804908324,327.3363676040639,3199.316905825224,2968.31458950526,26.655910129049655,26.655910129049655,TRACKING,0.8222614498177483,0.21029583768537952,True,True,53.06349999955273
straight_line,132,4.4,474.0,328.0,474.29926517516185,328.1211967406828,473.7852584153376,328.0116995364639,3225.9728159542733,2994.9704996343094,26.655910129049655,26.655910129049655,TRACKING,0.7931186319866466,0.26422986916444563,True,True,62.54030000127386
straight_line,133,4.433333333333334,475.1666666666667,328.6666666666667,475.12519621553685,328.6990731651136,475.4514423843274,328.7785528810515,3252.628726083323,3021.626409763359,26.655910129049655,26.655910129049655,TRACKING,0.7525540145016809,0.10786985339214175,True,True,58.70579999827896
straight_line,134,4.466666666666667,476.33333333333337,329.33333333333337,476.59366040538885,328.9975532142878,476.2667380614986,329.3538383305462,3279.2846362123723,3048.2823198924084,26.655910129049655,26.655910129049655,TRACKING,0.7702130727779991,0.2236898111707945,True,True,59.841800000867806
straight_line,135,4.5,477.5,330.0,477.5414643717787,330.0977032770267,477.74585974509733,329.640703675282,3305.940546341422,3074.938230021458,26.655910129049655,26.655910129049655,TRACKING,0.7918496393655854,0.23977047781265487,True,True,51.58040000242181
straight_line,136,4.533333333333333,478.66666666666663,330.66666666666663,478.6356739381649,330.68977042527854,478.6870004801921,330.75575179563714,3332.5964564704714,3101.5941401505074,26.655910129049655,26.655910129049655,TRACKING,0.7727366843228093,0.006685276464636758,True,True,56.6259999977774
straight_line,137,4.566666666666666,479.8333333333333,331.3333333333333,,,479.7795368037843,331.3456679543983,3359.252366599521,3128.250050279557,26.655910129049655,26.655910129049655,COASTING,0.0,0.0,False,True,39.87349999806611
straight_line,138,4.6,481.0,332.0,480.95898432524234,331.99680599889393,480.9233996694037,332.0015654835181,3385.9082767285704,3154.9059604086065,26.655910129049655,26.655910129049655,REACQUIRING,0.7601622484637316,0.0006002271696602063,True,True,48.51070000222535
straight_line,139,4.633333333333334,482.1666666666667,332.6666666666667,482.2669595979505,332.9360364092202,482.103989753476,332.65255070907904,3412.56418685762,3181.561870537656,26.655910129049655,26.655910129049655,REACQUIRING,0.6398279103889595,0.1010538306832446,True,True,42.58029999982682
straight_line,140,4.666666666666667,483.33333333333337,333.33333333333337,483.4946025598433,332.9597197968435,483.4172642305026,333.6009990741211,3439.2200969866694,3208.2177806667055,26.655910129049655,26.655910129049655,TRACKING,0.6140641541800534,0.39905626006579503,True,True,42.57510000024922
straight_line,141,4.7,484.5,334.0,484.5133694890224,333.5142811099054,484.6474275945911,333.60378361750645,3465.876007115719,3234.873690795755,26.655910129049655,26.655910129049655,TRACKING,0.7521508044268858,0.024856790576569178,True,True,49.2913000016415
straight_line,142,4.733333333333333,485.66666666666663,334.6666666666667,485.51733117780344,334.7113021778603,485.66182423909777,334.15542715520934,3492.5319172447685,3261.5296009248045,26.655910129049655,26.655910129049655,TRACKING,0.7616247471315564,0.31558633354620336,True,True,59.999100001732586
straight_line,143,4.766666666666667,486.83333333333337,335.3333333333333,486.7133961001137,335.61323964371275,486.6610752335321,335.3705705973686,3519.187827373818,3288.185511053854,26.655910129049655,26.655910129049655,TRACKING,0.8225426602639645,0.05895630885177191,True,True,50.30429999897024
straight_line,144,4.8,488.0,336.0,487.6458089290065,335.9481986128473,487.858845912308,336.28041952038683,3545.8437375028675,3314.8414211829036,26.655910129049655,26.655910129049655,TRACKING,0.8025252079390486,0.14900862543689472,True,True,52.06790000011097
straight_line,145,4.833333333333333,489.16666666666663,336.66666666666663,489.083516422552,336.40460074241247,488.78431331704877,336.60454743531056,3572.499647631917,3341.497331311953,26.655910129049655,26.655910129049655,TRACKING,0.8099610293571102,0.12389155747221654,True,True,54.79089999789721
straight_line,146,4.866666666666666,490.3333333333333,337.3333333333333,490.2374258953503,337.1746314283447,490.2317754476717,337.0544308911449,3599.1555577609665,3368.1532414410026,26.655910129049655,26.655910129049655,TRACKING,0.7588679471060682,0.013852858667273885,True,True,54.4750999979442
straight_line,147,4.9,491.5,338.0,491.5298913386749,337.83600967382813,491.3858691371716,337.82838037214503,3625.811467890016,3394.809151570052,26.655910129049655,26.655910129049655,TRACKING,0.8118829918940083,0.019899573678298227,True,True,55.700199998682365
straight_line,148,4.933333333333334,492.6666666666667,338.6666666666667,492.70587671199223,338.4854408157387,492.6830300241744,338.49000734980996,3652.4673780190656,3421.4650616991016,26.655910129049655,26.655910129049655,TRACKING,0.8155627396197274,0.0005193106062456602,True,True,50.06080000021029
straight_line,149,4.966666666666667,493.83333333333337,339.33333333333337,493.6153853994357,339.3460377469543,493.85976025193986,339.13928961223115,3679.123288148115,3448.120971828151,26.655910129049655,26.655910129049655,TRACKING,0.7857764362360689,0.09802537659996384,True,True,53.56039999969653
