frame_idx,time_sec,x_est,y_est,track_state,measurement_valid,confidence,pipeline_fps,latency_ms
0,0.0,603.6774671212665,444.17001529814553,SEARCHING,True,0.5288342117891174,36.91467173707224,27.089499999419786
1,0.03333333333333333,605.2453526700504,444.0255295748321,TRACKING,True,0.5763727364418246,34.10338783120771,29.322599999431986
2,0.06666666666666667,,,COASTING,False,0.0,1152.2064750946597,0.8679000002302928
3,0.1,605.0777879841362,444.9122060105343,COASTING,True,0.5080201269199479,755.4011184347244,1.3237999992270488
4,0.13333333333333333,604.9907450330417,445.3170556840692,TRACKING,True,0.4973544271938082,916.3383131678337,1.09129999873403
5,0.16666666666666666,604.8651046039278,445.3826453249397,TRACKING,True,0.5575640187873585,344.88704935460527,2.8995000011491356
6,0.2,604.9890503771541,444.89193053496155,TRACKING,True,0.615593474563553,996.2143853010174,1.0038000000349712
7,0.23333333333333334,604.9334311624722,444.8323261593432,TRACKING,True,0.789780615039591,52.201602592894616,19.156499998643994
8,0.26666666666666666,605.1161213465066,445.00457857752286,TRACKING,True,0.7648740092491146,130.16596160703756,7.682499999646097
9,0.3,604.9175460671346,445.07653818120207,TRACKING,True,0.7344432084971051,179.9402598396938,5.557399999815971
10,0.3333333333333333,605.2350843307936,444.99864092632254,TRACKING,True,0.7191554435574361,169.92064702170455,5.885100001250976
11,0.36666666666666664,605.0027870869937,445.2525274475964,TRACKING,True,0.7457407569455521,218.74658210110456,4.5714999996562256
12,0.4,,,COASTING,False,0.0,2249.2127833928016,0.4445999984454829
13,0.43333333333333335,605.1335833312609,445.25133779562105,COASTING,True,0.7270334169120198,220.42453764766202,4.536700000244309
14,0.4666666666666667,605.1504819638684,444.91543285845927,TRACKING,True,0.7724038810793494,171.41191996573963,5.833900000652648
15,0.5,605.131017053406,445.2738807471584,TRACKING,True,0.7430049085905144,220.8968411282159,4.527000000962289
16,0.5333333333333333,605.2440912487965,445.2642166659944,TRACKING,True,0.7341673572439764,188.5547280068952,5.30350000008184
17,0.5666666666666667,605.4479073051297,445.3319941483386,TRACKING,True,0.7625298060635133,106.82733498312791,9.36089999959222
18,0.6,605.1694269366299,445.1452163372565,TRACKING,True,0.7527472431746522,214.48181199852962,4.66239999877871
19,0.6333333333333333,605.3068226640405,445.4584673141072,TRACKING,True,0.712313303708861,233.2143939301046,4.287900001145317
20,0.6666666666666666,604.9416348493975,444.2636746593355,TRACKING,True,0.7226595319366724,175.71604286553782,5.691000000297208
21,0.7,604.9345921434049,444.69358030583425,TRACKING,True,0.7072780567769599,134.02310557503577,7.461400000465801
22,0.7333333333333333,605.0749981528362,445.13140624148,TRACKING,True,0.797686934600158,165.85123143727273,6.029500000295229
23,0.7666666666666667,604.9935878000852,444.7331985418989,TRACKING,True,0.6925035509333227,1913.8756031264086,0.5224999986239709
24,0.8,605.108180359991,444.12092166274584,TRACKING,True,0.765131978252019,175.47861796421077,5.698699998902157
25,0.8333333333333334,605.0781935873271,444.8414327017623,TRACKING,True,0.7176822307474697,298.5074626095448,3.3500000008643838
26,0.8666666666666667,605.0787646992995,445.0547573831942,TRACKING,True,0.7427906509696094,182.90563893641848,5.467300001328113
27,0.9,605.246131554237,444.95017119523493,TRACKING,True,0.7747538646583104,191.4901765063135,5.222200001298916
28,0.9333333333333333,605.1787000974766,444.9608607465099,TRACKING,True,0.7354151840580039,106.87414499410882,9.356800001114607
29,0.9666666666666667,,,COASTING,False,0.0,2674.5118991412555,0.3739000003406545
30,1.0,605.0096584985904,444.64967444691183,COASTING,True,0.7592266219180404,164.7745060837205,6.0689000001730165
31,1.0333333333333334,605.0407163591402,445.04691035209214,TRACKING,True,0.7259326533789626,277.02365781659523,3.6098000000492902
32,1.0666666666666667,604.9393692307414,445.3268087619241,TRACKING,True,0.7709455561990036,179.9370220235899,5.55750000057742
33,1.1,605.0097775074953,445.1026476327897,TRACKING,True,0.7697882730643787,212.40892968808913,4.707899999630172
34,1.1333333333333333,604.4217119635407,445.47033607784925,TRACKING,True,0.768762313051939,28.645579701106495,34.909399999378365
35,1.1666666666666667,604.5635766451402,445.52335459764953,TRACKING,True,0.7405177413094703,45.879556989546316,21.796199998789234
36,1.2,604.8499102560027,445.4239425650659,TRACKING,True,0.7531344115298014,213.00615583333789,4.694700000982266
37,1.2333333333333334,604.8963049047821,444.8683474542569,TRACKING,True,0.7412048175045556,170.22725336666613,5.87450000057288
38,1.2666666666666666,605.642245390558,444.66483426124165,TRACKING,True,0.7541350112312002,235.64897736577296,4.243599998517311
39,1.3,605.1074293841211,444.8627846983163,TRACKING,True,0.7593078738429525,124.6509772731325,8.022399999390473
40,1.3333333333333333,604.6483071357053,444.91323281724027,TRACKING,True,0.735100671964336,194.36723751840242,5.144899998413166
41,1.3666666666666667,604.6159408952633,444.99499895839557,TRACKING,True,0.7665982430976449,234.63713369373184,4.261899999619345
42,1.4,605.0578809245102,445.15091475655476,TRACKING,True,0.7483594553251267,214.67058805269025,4.658299998482107
43,1.4333333333333333,604.8946046689853,445.1162303194185,TRACKING,True,0.7488318685128037,188.53695323390966,5.304000000251108
44,1.4666666666666666,604.7707494056534,445.4572918916198,TRACKING,True,0.7790620205535077,196.30552989361271,5.094100000860635
45,1.5,604.8811573728632,444.7748659666143,TRACKING,True,0.7667971740459123,98.91294673030076,10.109899998496985
46,1.5333333333333334,,,COASTING,False,0.0,2536.7833567656266,0.3942000003007706
47,1.5666666666666667,605.204402828634,445.7602392047811,COASTING,True,0.7505676515598233,171.9927075149919,5.814199999804259
48,1.6,,,COASTING,False,0.0,2684.5637541062097,0.3725000005943002
49,1.6333333333333333,,,COASTING,False,0.0,3018.412317460529,0.3312999997433508
50,1.6666666666666667,604.6400201124391,445.34602237115314,COASTING,True,0.7061274553151315,165.22917290313163,6.052199998521246
51,1.7,604.919795336424,444.88552052041047,TRACKING,True,0.7657281653063097,227.38642051274937,4.3977999994240236
52,1.7333333333333334,604.9197227172549,445.0643091604076,TRACKING,True,0.7323794960447239,111.23594256387516,8.989899999505724
53,1.7666666666666666,604.9762781479694,444.774572012545,TRACKING,True,0.7245149151980542,220.4099624958303,4.537000000709668
54,1.8,,,COASTING,False,0.0,2807.4115652010087,0.3562000001693377
55,1.8333333333333333,605.2076296773662,445.0072398793137,COASTING,True,0.7710315494407913,204.49061381047144,4.890200001682388
56,1.8666666666666667,605.2257038284803,444.7363921395675,TRACKING,True,0.7132938533499493,159.63985252874082,6.26409999858879
57,1.9,605.102385894558,444.61962660996545,TRACKING,True,0.7564893358191573,218.16436504286838,4.583699999784585
58,1.9333333333333333,,,COASTING,False,0.0,2446.782482518731,0.4086999997525709
59,1.9666666666666666,605.0893493042323,445.03788911821175,COASTING,True,0.7542856538456935,237.47328428448637,4.210999999486376
60,2.0,604.9501912893276,444.9158266959122,TRACKING,True,0.776289732852987,96.69403107148032,10.341900000639725
61,2.033333333333333,604.9002116889307,445.3907122488386,TRACKING,True,0.733464807409248,170.60479400024448,5.861499999809894
62,2.066666666666667,604.8990254111603,445.10797554490387,TRACKING,True,0.7313526950860675,191.01831867567955,5.235099999481463
63,2.1,604.7095638099925,445.19568041544795,TRACKING,True,0.7078757633789764,228.51397364423644,4.376099999717553
64,2.1333333333333333,,,COASTING,False,0.0,2137.665666901668,0.46780000047874637
65,2.1666666666666665,605.2341029538027,445.05240923901164,COASTING,True,0.754717136184895,238.9486260579961,4.184999999779393
66,2.2,605.0861305698843,444.9273695348652,TRACKING,True,0.7802848901407121,145.15894904439608,6.889000000228407
67,2.2333333333333334,605.2336247768087,444.87171380943556,TRACKING,True,0.8009042640037007,167.61368394217845,5.966100001387531
68,2.2666666666666666,605.0966818721438,444.73602487912046,TRACKING,True,0.7456961744222502,198.74788834517895,5.0314999989495846
69,2.3,,,COASTING,False,0.0,2724.7956362335235,0.36700000055134296
70,2.3333333333333335,604.4666494697505,444.9199680712269,COASTING,True,0.7605599479748271,149.7476751495047,6.677900000795489
71,2.3666666666666667,604.9846718161051,445.0229515925589,TRACKING,True,0.7545340867652477,331.5649868746224,3.015999998751795
72,2.4,604.9476723243026,444.96408633100384,TRACKING,True,0.7787473431235689,291.36680164268336,3.4321000002819346
73,2.433333333333333,605.1785228225156,445.35909696748666,TRACKING,True,0.765574803042574,159.54815959835722,6.267700000535115
74,2.466666666666667,604.9305386604073,444.75781565189106,TRACKING,True,0.6954428685108994,1950.838862087637,0.5125999996380415
75,2.5,604.6747720159243,444.91684892034937,TRACKING,True,0.7594213643298896,279.09572985810354,3.582999999707681
76,2.533333333333333,604.6465528515472,444.7894396867696,TRACKING,True,0.7626969290344872,18.9911880887836,52.65599999984261
77,2.566666666666667,605.0675552988129,444.752757750701,TRACKING,True,0.740688049687246,135.83818955194226,7.361699999819393
78,2.6,605.0493657422247,444.865235080471,TRACKING,True,0.7705748131819695,252.78058642084866,3.9560000004712492
79,2.6333333333333333,605.1147684121204,444.8081797267935,TRACKING,True,0.7438414272771892,241.9959828378572,4.1323000004922505
80,2.6666666666666665,605.214750492552,445.08849064955035,TRACKING,True,0.8281907043967323,213.14235778227646,4.691699999966659
81,2.7,605.5791661362583,444.63382904604384,TRACKING,True,0.7566308761875365,47.25138683079164,21.16339999884076
82,2.7333333333333334,605.2906128476524,444.86242209095906,TRACKING,True,0.7596079301672992,187.38171529069467,5.336700000043493
83,2.7666666666666666,604.9053497126486,445.0075768895182,TRACKING,True,0.7226703924927715,185.90470527857576,5.379099999117898
84,2.8,604.8887413958818,445.03050419079625,TRACKING,True,0.7425407414047733,149.2359121177703,6.700800000544405
85,2.8333333333333335,605.0411868292483,444.99802565262405,TRACKING,True,0.7289693428418447,240.09027398755538,4.165099999227095
86,2.8666666666666667,604.7948205555912,444.90426012070594,TRACKING,True,0.7493395086427641,192.85659184994958,5.185199999687029
87,2.9,605.0182919222987,445.15925876274036,TRACKING,True,0.7261977218637805,255.25832147907187,3.9175999991130084
88,2.933333333333333,,,COASTING,False,0.0,2626.740219749783,0.38069999936851673
89,2.966666666666667,,,COASTING,False,0.0,2535.4969573735652,0.3944000000046799
90,3.0,605.3628267948945,444.8448674907137,COASTING,True,0.6769172493072064,1777.4617839589519,0.5626000001939246
91,3.033333333333333,,,COASTING,False,0.0,2663.8252470427697,0.37540000084845815
92,3.066666666666667,605.1734700753215,445.3483634612691,COASTING,True,0.6758147652078996,2236.135956799815,0.44720000005327165
93,3.1,605.1916683823605,444.85323218605186,TRACKING,True,0.762415388347153,280.4655729106933,3.5654999992402736
94,3.1333333333333333,605.0827546850651,445.0064826817791,TRACKING,True,0.7932999356013456,183.68846435254778,5.444000000352389
95,3.1666666666666665,604.1740824754372,445.0536358488428,TRACKING,True,0.7118263585873225,108.15721731080579,9.245800001735915
96,3.2,604.944715144771,444.70826109544015,TRACKING,True,0.7286503633941832,119.59862699896078,8.361300000615302
97,3.2333333333333334,604.7878744037109,444.3337708209099,TRACKING,True,0.78600491448879,206.10057708042407,4.852000000028056
98,3.2666666666666666,605.2175442820648,445.0801712072234,TRACKING,True,0.7263007973311445,269.21523754117976,3.7145000005693873
99,3.3,605.5742611852407,444.9870110544685,TRACKING,True,0.7365873766063684,258.7255181293263,3.8650999995297752
100,3.3333333333333335,604.8509453226286,444.912321643099,TRACKING,True,0.7236273491389568,173.77100458013422,5.754699999670265
101,3.3666666666666667,604.8146587439256,444.9501353540982,TRACKING,True,0.762455741747642,203.32642022481525,4.918200000247452
102,3.4,605.3877609925815,445.27962440012857,TRACKING,True,0.7345549025711722,148.63037114690778,6.728099999236292
103,3.433333333333333,605.0424900455354,445.16369821460466,TRACKING,True,0.7544313235666893,162.27707186877993,6.16230000014184
104,3.466666666666667,604.96187597559,444.76070791322246,TRACKING,True,0.7877905929915621,160.6141886502971,6.226100000276347
105,3.5,605.0258977558618,444.7177741267526,TRACKING,True,0.7828405508517553,135.60425254720812,7.374400000117021
106,3.533333333333333,604.8540113889633,444.9245694156363,TRACKING,True,0.7493495125763769,152.80940086256211,6.544099998791353
107,3.566666666666667,604.9269281340745,444.73632974142373,TRACKING,True,0.7388556304123406,118.99378851785089,8.403800000451156
108,3.6,604.5912352204359,444.99114313190614,TRACKING,True,0.73610680891971,139.31845411979523,7.177800000135903
109,3.6333333333333333,604.9965249492203,444.9996355020765,TRACKING,True,0.7658199917459849,202.94266869108296,4.927500000121654
110,3.6666666666666665,604.7627306959561,444.88286926712607,TRACKING,True,0.7406797471860244,170.8058620565853,5.854600000020582
111,3.7,605.2398279996916,444.62597848581726,TRACKING,True,0.7215271529203126,188.732660179431,5.298500000208151
112,3.7333333333333334,606.4590727917695,445.2626110492341,TRACKING,True,0.7301386036696564,160.62192806357254,6.2258000016299775
113,3.7666666666666666,,,COASTING,False,0.0,2322.340924161436,0.43059999916295055
114,3.8,605.3041394393223,445.01694661538374,COASTING,True,0.7748634126581604,268.6078056803166,3.7229000008665025
115,3.8333333333333335,605.041772804694,444.95485368785864,TRACKING,True,0.7281504611221725,222.543674169551,4.493500000535278
116,3.8666666666666667,604.6015053255273,445.3060396933636,TRACKING,True,0.8199425463272643,2.875135454813719,347.8097000006528
117,3.9,604.5457454857869,444.9667470437853,TRACKING,True,0.7167371134212127,240.09027388270275,4.165100001046085
118,3.933333333333333,604.8999020190599,445.2450229027495,TRACKING,True,0.7548943023629597,210.0354959588746,4.7611000009055715
119,3.966666666666667,604.7470569759695,444.59915363092625,TRACKING,True,0.7470660160392919,47.28400665658987,21.1488000004465
120,4.0,604.8450710645766,445.4048468115729,TRACKING,True,0.767120540905609,56.15642935091082,17.80739999958314
121,4.033333333333333,605.0141172180197,445.2303296514402,TRACKING,True,0.7732943238259529,157.97289185510908,6.330199999865727
122,4.066666666666666,605.5932295538947,444.86454633845665,TRACKING,True,0.725364924980293,78.75752134440204,12.697199999820441
123,4.1,605.1592992402752,445.5385798078797,TRACKING,True,0.7456282245688612,214.4082332739529,4.664000000047963
124,4.133333333333334,604.8632649009969,445.2403297538099,TRACKING,True,0.7277905872191628,250.55121259818972,3.9912000011099735
125,4.166666666666667,604.8122069275908,445.2390928448625,TRACKING,True,0.7409501513365495,179.45588970185167,5.572400001256028
126,4.2,604.7513414547293,444.9981346669699,TRACKING,True,0.7685902575801844,244.8280083051302,4.084500000317348
127,4.233333333333333,604.8480864535973,444.7874879025979,TRACKING,True,0.7257435841160316,314.52475303967793,3.179400000590249
128,4.266666666666667,604.9094706018526,444.9943591324551,TRACKING,True,0.7520928145683649,233.12196943950318,4.289599999538041
129,4.3,,,COASTING,False,0.0,2804.262482293227,0.35659999957715627
130,4.333333333333333,605.182015472229,444.77271952836253,COASTING,True,0.7599755005530637,172.35733125133189,5.80189999891445
131,4.366666666666666,605.1160958932039,444.9324609753451,TRACKING,True,0.7832634243046184,245.53132977608448,4.0728000003582565
132,4.4,605.0572978310192,444.91013844636853,TRACKING,True,0.7305627521271276,244.9119541182329,4.083100000570994
133,4.433333333333334,,,COASTING,False,0.0,2368.5457090903865,0.42220000068482477
134,4.466666666666667,605.4744423266104,445.07956605488835,COASTING,True,0.736384776169473,35.46539464184921,28.19649999946705
135,4.5,605.4892466404024,445.3129777935467,TRACKING,True,0.7025021950430117,244.42706294034926,4.0912000004027504
136,4.533333333333333,604.9660059487113,444.69240241627557,TRACKING,True,0.7291890626126056,107.3030452593318,9.319400000094902
137,4.566666666666666,604.9908338743703,444.84675717395027,TRACKING,True,0.7941392453411675,206.63291664777032,4.839499999434338
138,4.6,605.1125226506407,445.29679118237715,TRACKING,True,0.7759592968584474,224.28565027739685,4.4585999985429225
139,4.633333333333334,604.9182528956261,444.48720444840205,TRACKING,True,0.7648035496372607,198.02372328149,5.0498999989940785
140,4.666666666666667,605.0051736885455,444.9022375158318,TRACKING,True,0.729162585090543,236.40103074179902,4.230099999404047
141,4.7,605.2596514271718,444.1273148864796,TRACKING,True,0.7579905907664337,60.15073774423509,16.624900001261267
142,4.733333333333333,605.3444479013439,444.755332269582,TRACKING,True,0.7411098660449102,244.57053412303384,4.08880000031786
143,4.766666666666667,604.9711810158308,445.17033309135405,TRACKING,True,0.753567354264437,139.25249264404428,7.18119999874034
144,4.8,605.2998417289602,445.07139514756585,TRACKING,True,0.7646312793279557,296.8504171140277,3.368699999555247
145,4.833333333333333,605.1623336692033,445.42861106008337,TRACKING,True,0.7249191435788249,240.23446883006156,4.162600000199745
146,4.866666666666666,604.8240616345033,445.1363203278934,TRACKING,True,0.712193211128344,256.23286441055507,3.9027000002533896
147,4.9,604.9421364634505,445.02883709157794,TRACKING,True,0.7484321997986159,236.51844845103267,4.227999999784515
148,4.933333333333334,604.93291467996,444.73141766065504,TRACKING,True,0.7241350939793951,211.60438438354433,4.725800001324387
149,4.966666666666667,605.1220414461609,445.2211167519035,TRACKING,True,0.73745927379126,212.18808349195325,4.712800000561401
