omega_deg_per_sec,fps,seed,v_px_per_sec,delta_s_px,total_frames,tracked_frames,track_ratio,p_track_pct,rmse_pos_error_px,rmse_theta_urad,t_reacquire_sec,avg_latency_ms
0.1,15,452588141.0,3.490662048377601,0.2327108032251734,45.0,45.0,1.0,100.0,0.20467215961667215,102.33560152195848,0.0,5.062218892077604
0.1,30,569120805.7,3.490662048377601,0.1163554016125867,90.0,90.0,1.0,100.0,0.20406529734280796,102.03221031423459,0.0,4.940309001960689
0.1,60,507385178.4,3.490662048377601,0.05817770080629335,180.0,180.0,1.0,100.0,0.2042760395526851,102.13754688909961,0.0,4.933778832847667
0.1,120,501173302.8,3.490662048377601,0.029088850403146675,360.0,360.0,1.0,100.0,0.20574775235027518,102.87340073985649,0.0,4.901685025801675
1.0,15,465328786.5,34.91012985643517,2.3273419904290114,45.0,45.0,1.0,100.0,0.2054743654704975,102.69319000036369,0.0,4.949411111883819
1.0,30,430348476.6,34.91012985643517,1.1636709952145057,90.0,90.0,1.0,100.0,0.20488092831184573,102.39524749062335,0.0,4.926670782475008
1.0,60,547684486.7,34.91012985643517,0.5818354976072528,180.0,180.0,1.0,100.0,0.20688664776791477,103.39490856619068,0.0,5.445943717948265
1.0,120,343317334.1,34.91012985643517,0.2909177488036264,360.0,360.0,1.0,100.0,0.20290648395295233,101.40699212099993,0.0,4.946097884676419
5.0,15,333350418.0,174.97732705184802,11.665155136789869,45.0,42.4,0.9422222222222223,94.22222222222221,278.2743201219128,137903.57933596167,0.17333333333333334,107.605412450826
5.0,30,690159017.9,174.97732705184802,5.832577568394934,90.0,86.8,0.9644444444444444,96.44444444444444,266.9094746519818,132191.1619375426,0.10666666666666666,93.98908121899392
5.0,60,481065856.4,174.97732705184802,2.916288784197467,180.0,172.6,0.9588888888888889,95.88888888888889,238.3817115693499,117942.92545407463,0.12333333333333334,97.90816572352519
5.0,120,334185664.0,174.97732705184802,1.4581443920987336,360.0,345.3,0.9591666666666667,95.91666666666666,182.56806609265846,90082.84945265748,0.12249999999999998,102.54381521824851
10.0,15,529735839.5,352.65396141693,23.510264094462,45.0,43.2,0.96,96.0,572.4200486464208,276744.962090069,0.12,97.59592377477222
10.0,30,520883741.2,352.65396141693,11.755132047231,90.0,86.0,0.9555555555555555,95.55555555555556,577.5006623308424,279066.7913488658,0.13333333333333333,100.4477223352943
10.0,60,601028237.6,352.65396141693,5.8775660236155,180.0,172.8,0.96,96.0,568.5408099495926,274553.7169779558,0.12,100.04126977757551
10.0,120,308015317.5,352.65396141693,2.93878301180775,360.0,346.2,0.9616666666666667,96.16666666666666,557.8575606654379,269115.78092661605,0.11499999999999999,100.90803425092922
20.0,15,343227470.5,727.9404685324047,48.52936456882698,45.0,42.9,0.9533333333333334,95.33333333333333,843.2548538144987,400913.7055841199,0.13999999999999999,101.95723444533844
20.0,30,270994872.6,727.9404685324047,24.26468228441349,90.0,86.7,0.9633333333333333,96.33333333333334,830.7188183063033,394570.6390894597,0.11000000000000001,103.24668710921995
20.0,60,591176558.9,727.9404685324047,12.132341142206744,180.0,171.1,0.9505555555555555,95.05555555555556,839.3326726551579,398719.5769319399,0.14833333333333334,104.85949083606506
20.0,120,396254264.9,727.9404685324047,6.066170571103372,360.0,343.3,0.9536111111111112,95.36111111111111,823.3449870854708,390625.2222230845,0.13916666666666666,108.88647808434648
