trial_id,seed,scenario_id,experiment_sub_id,method,method_name,psf_sigma_px,snr_db,noise_sigma,background_level,background_type,beacon_x_true,beacon_y_true,phase_x,phase_y,beacon_x_estimated,beacon_y_estimated,error_x_px,error_y_px,radial_error_px,error_x,error_y,radial_error,angular_error_x_urad,angular_error_y_urad,angular_error_urad,success,failure_reason,latency_ms,runtime_ms,saturated_pixel_fraction,beacon_amplitude,roi_size,bit_depth
9B_sig_0.5_snr_15_0001,961847733,9B_snr_sig_0.5_snr_15dB,9B_snr,Gaussian Fitting,Gaussian Fitting,0.5,15.0,26.660857388726804,10.0,uniform,803.9162262060065,497.6110311411285,0.9162262060065132,0.6110311411284783,,,,,,,,,,,,False,Curve fit non-convergence / optimizer error: Optimal parameters not found: The maximum number of function evaluations is exceeded.,475.32030000002123,475.32030000002123,0.0,150.0,31,8
9B_sig_0.5_snr_7_0001,384573717,9B_snr_sig_0.5_snr_7dB,9B_snr,Gaussian Fitting,Gaussian Fitting,0.5,7.0,66.9690459271548,10.0,uniform,1111.3257503015718,258.68548338911677,0.3257503015718157,0.6854833891167686,,,,,,,,,,,,False,Curve fit non-convergence / optimizer error: Optimal parameters not found: The maximum number of function evaluations is exceeded.,472.8242000001046,472.8242000001046,0.00013117283950617284,150.0,31,8
9B_sig_0.5_snr_5_0000,527574983,9B_snr_sig_0.5_snr_5dB,9B_snr,Gaussian Fitting,Gaussian Fitting,0.5,5.0,84.30903372130584,10.0,uniform,1622.8554491048217,318.42528736741303,0.8554491048216732,0.4252873674130342,,,,,,,,,,,,False,Curve fit non-convergence / optimizer error: Optimal parameters not found: The maximum number of function evaluations is exceeded.,468.44610000016473,468.44610000016473,0.0018325617283950616,150.0,31,8
9B_sig_0.5_snr_3_0000,639195038,9B_snr_sig_0.5_snr_3dB,9B_snr,Gaussian Fitting,Gaussian Fitting,0.5,3.0,106.13878499556328,10.0,uniform,268.9303317984912,428.83891361767115,0.9303317984911814,0.8389136176711531,,,,,,,,,,,,False,Curve fit non-convergence / optimizer error: Optimal parameters not found: The maximum number of function evaluations is exceeded.,467.79689999993934,467.79689999993934,0.010788966049382715,150.0,31,8
9B_sig_0.5_snr_3_0000,639195038,9B_snr_sig_0.5_snr_3dB,9B_snr,PSF Fitting,PSF Fitting,0.5,3.0,106.13878499556328,10.0,uniform,268.9303317984912,428.83891361767115,0.9303317984911814,0.8389136176711531,,,,,,,,,,,,False,PSF fit non-convergence: Optimal parameters not found: The maximum number of function evaluations is exceeded.,373.28130000014426,373.28130000014426,0.010788966049382715,150.0,31,8
9B_sig_0.5_snr_0_0000,696921393,9B_snr_sig_0.5_snr_0dB,9B_snr,PSF Fitting,PSF Fitting,0.5,0.0,149.9250187468754,10.0,uniform,222.60211741680064,570.7854332936454,0.6021174168006382,0.785433293645383,,,,,,,,,,,,False,PSF fit non-convergence: Optimal parameters not found: The maximum number of function evaluations is exceeded.,396.01269999957367,396.01269999957367,0.05142409336419753,150.0,31,8
9B_sig_0.5_snr_0_0001,236130313,9B_snr_sig_0.5_snr_0dB,9B_snr,Gaussian Fitting,Gaussian Fitting,0.5,0.0,149.9250187468754,10.0,uniform,1195.0093278287816,552.6535075644529,0.009327828781579228,0.6535075644528661,,,,,,,,,,,,False,Curve fit non-convergence / optimizer error: Optimal parameters not found: The maximum number of function evaluations is exceeded.,474.73610000042754,474.73610000042754,0.05142312885802469,150.0,31,8
9B_sig_0.5_snr_0_0001,236130313,9B_snr_sig_0.5_snr_0dB,9B_snr,PSF Fitting,PSF Fitting,0.5,0.0,149.9250187468754,10.0,uniform,1195.0093278287816,552.6535075644529,0.009327828781579228,0.6535075644528661,,,,,,,,,,,,False,PSF fit non-convergence: Optimal parameters not found: The maximum number of function evaluations is exceeded.,353.2719999998335,353.2719999998335,0.05142312885802469,150.0,31,8
9C_sig_0.5_bg_500_0000,974370639,9C_bg_sig_0.5_bg_500,9C_background,Intensity-Weighted Centroid,Intensity-Weighted Centroid,0.5,15.0,26.660857388726804,500.0,uniform,1307.4831071727883,647.8395020997677,0.4831071727883227,0.839502099767742,,,,,,,,,,,,False,Total effective weight is zero or nonfinite,0.15080000002853922,0.15080000002853922,1.0,150.0,31,8
9C_sig_0.5_bg_500_0001,97572570,9C_bg_sig_0.5_bg_500,9C_background,Intensity-Weighted Centroid,Intensity-Weighted Centroid,0.5,15.0,26.660857388726804,500.0,uniform,1205.4976761050966,542.3151207138217,0.4976761050966161,0.3151207138216705,,,,,,,,,,,,False,Total effective weight is zero or nonfinite,0.14719999990120414,0.14719999990120414,1.0,150.0,31,8
9C_sig_1_bg_500_0000,336120654,9C_bg_sig_1_bg_500,9C_background,Intensity-Weighted Centroid,Intensity-Weighted Centroid,1.0,15.0,26.660857388726804,500.0,uniform,564.1428091618827,640.5732406987353,0.14280916188272386,0.573240698735276,,,,,,,,,,,,False,Total effective weight is zero or nonfinite,0.16129999994518585,0.16129999994518585,1.0,150.0,31,8
9C_sig_1_bg_500_0001,807640713,9C_bg_sig_1_bg_500,9C_background,Intensity-Weighted Centroid,Intensity-Weighted Centroid,1.0,15.0,26.660857388726804,500.0,uniform,670.0814816834732,687.2068041197236,0.08148168347315732,0.20680411972364254,,,,,,,,,,,,False,Total effective weight is zero or nonfinite,0.15040000016597332,0.15040000016597332,1.0,150.0,31,8
9C_sig_1.5_bg_500_0000,731036146,9C_bg_sig_1.5_bg_500,9C_background,Intensity-Weighted Centroid,Intensity-Weighted Centroid,1.5,15.0,26.660857388726804,500.0,uniform,1007.517932748555,278.44452279073016,0.5179327485550402,0.44452279073016143,,,,,,,,,,,,False,Total effective weight is zero or nonfinite,0.1498000001447508,0.1498000001447508,1.0,150.0,31,8
9C_sig_1.5_bg_500_0001,979136998,9C_bg_sig_1.5_bg_500,9C_background,Intensity-Weighted Centroid,Intensity-Weighted Centroid,1.5,15.0,26.660857388726804,500.0,uniform,304.61227135026553,658.9745870850738,0.6122713502655301,0.9745870850738356,,,,,,,,,,,,False,Total effective weight is zero or nonfinite,0.16490000007252092,0.16490000007252092,1.0,150.0,31,8
9C_sig_2_bg_500_0000,42651167,9C_bg_sig_2_bg_500,9C_background,Intensity-Weighted Centroid,Intensity-Weighted Centroid,2.0,15.0,26.660857388726804,500.0,uniform,1125.7731569855662,623.1200558778265,0.7731569855661746,0.12005587782653038,,,,,,,,,,,,False,Total effective weight is zero or nonfinite,0.17419999994672253,0.17419999994672253,1.0,150.0,31,8
9C_sig_2_bg_500_0001,383624147,9C_bg_sig_2_bg_500,9C_background,Intensity-Weighted Centroid,Intensity-Weighted Centroid,2.0,15.0,26.660857388726804,500.0,uniform,847.1746329872324,661.1576403428762,0.1746329872323713,0.15764034287622053,,,,,,,,,,,,False,Total effective weight is zero or nonfinite,0.2591999996184313,0.2591999996184313,1.0,150.0,31,8
9C_sig_2.5_bg_500_0000,610317113,9C_bg_sig_2.5_bg_500,9C_background,Intensity-Weighted Centroid,Intensity-Weighted Centroid,2.5,15.0,26.660857388726804,500.0,uniform,1310.9558268138937,457.9863011867992,0.9558268138937365,0.98630118679921,,,,,,,,,,,,False,Total effective weight is zero or nonfinite,0.19100000008620555,0.19100000008620555,1.0,150.0,31,8
9C_sig_2.5_bg_500_0001,105693607,9C_bg_sig_2.5_bg_500,9C_background,Intensity-Weighted Centroid,Intensity-Weighted Centroid,2.5,15.0,26.660857388726804,500.0,uniform,441.81159706889844,696.3837678812571,0.8115970688984362,0.3837678812570857,,,,,,,,,,,,False,Total effective weight is zero or nonfinite,0.22750000016458216,0.22750000016458216,1.0,150.0,31,8
9C_sig_3_bg_500_0000,967198330,9C_bg_sig_3_bg_500,9C_background,Intensity-Weighted Centroid,Intensity-Weighted Centroid,3.0,15.0,26.660857388726804,500.0,uniform,1410.1601189153068,847.794653852971,0.16011891530683897,0.7946538529710097,,,,,,,,,,,,False,Total effective weight is zero or nonfinite,0.15489999987039482,0.15489999987039482,1.0,150.0,31,8
9C_sig_3_bg_500_0001,975357263,9C_bg_sig_3_bg_500,9C_background,Intensity-Weighted Centroid,Intensity-Weighted Centroid,3.0,15.0,26.660857388726804,500.0,uniform,733.6322272148692,850.0391868113812,0.6322272148692036,0.039186811381227926,,,,,,,,,,,,False,Total effective weight is zero or nonfinite,0.17630000002100132,0.17630000002100132,1.0,150.0,31,8
9C_sig_4_bg_500_0000,255872283,9C_bg_sig_4_bg_500,9C_background,Intensity-Weighted Centroid,Intensity-Weighted Centroid,4.0,15.0,26.660857388726804,500.0,uniform,1029.566953139057,710.462320435385,0.5669531390569773,0.46232043538498147,,,,,,,,,,,,False,Total effective weight is zero or nonfinite,0.16219999997701962,0.16219999997701962,1.0,150.0,31,8
9C_sig_4_bg_500_0001,374042306,9C_bg_sig_4_bg_500,9C_background,Intensity-Weighted Centroid,Intensity-Weighted Centroid,4.0,15.0,26.660857388726804,500.0,uniform,1447.2966327366867,365.45547340586825,0.2966327366866608,0.455473405868247,,,,,,,,,,,,False,Total effective weight is zero or nonfinite,0.15170000006037299,0.15170000006037299,1.0,150.0,31,8
