experiment_id,trial_id,position_name,method,seed,x_true,y_true,x_est,y_est,error_x,error_y,radial_error,theta_x_true,theta_y_true,theta_x_est,theta_y_est,angular_error,snr_db,background_level,sigma_x,sigma_y,range_km,runtime_ms,fps,detected,false_alarm
exp00,1,center,Intensity-Weighted Centroid,43,960.0,540.0,960.0010618529334,539.9997345367667,0.0010618529333896731,-0.00026546323329057486,0.0010945329507956075,0.0,0.0,5.309264666947867e-07,-1.3273161664528668e-07,5.472664753977552e-07,60.0,10.0,2.0,2.0,5.0,0.8428000146523118,1186.521099447939,1,0
exp00,2,center,2D Gaussian Fitting,44,960.0,540.0,960.0014861698241,540.0004399174196,0.0014861698241475096,0.00043991741961235675,0.0015499122821260028,0.0,0.0,7.43084912073618e-07,2.1995870980617483e-07,7.749561410628693e-07,60.0,10.0,2.0,2.0,5.0,5.003599915653467,199.85610697441237,1,0
exp00,3,top-left,Intensity-Weighted Centroid,45,100.0,100.0,99.99522166179985,100.00345102203345,-0.004778338200154053,0.0034510220334453834,0.005894240326825585,-0.40609805831761564,-0.21655030497608926,-0.406100074662479,-0.21654865912370325,2.6027824889014526e-06,60.0,10.0,2.0,2.0,5.0,0.3533000126481056,2830.455602038207,1,0
exp00,4,top-left,2D Gaussian Fitting,46,100.0,100.0,100.00072369363964,100.0009581983332,0.0007236936396424198,0.0009581983331941046,0.0012007816328520574,-0.40609805831761564,-0.21655030497608926,-0.40609775293583883,-0.21654984799477037,5.496271057989095e-07,60.0,10.0,2.0,2.0,5.0,5.836099968291819,171.3473047811229,1,0
exp00,5,top-right,Intensity-Weighted Centroid,47,1820.0,100.0,1820.004656084656,100.00613756613757,0.004656084656062376,0.006137566137567774,0.007703819988644471,0.40609805831761564,-0.21655030497608926,0.40610002307444,-0.21654737786330316,3.5253735463584556e-06,60.0,10.0,2.0,2.0,5.0,0.3521000035107136,2840.1022153627223,1,0
exp00,6,top-right,2D Gaussian Fitting,48,1820.0,100.0,1819.999330298072,99.9993637230158,-0.0006697019280181848,-0.0006362769841956606,0.0009237689500131507,0.40609805831761564,-0.21655030497608926,0.4060977757190802,-0.2165506084275113,4.146621489677489e-07,60.0,10.0,2.0,2.0,5.0,3.858699928969145,259.1546423427517,1,0
exp00,7,bottom-left,Intensity-Weighted Centroid,49,100.0,980.0,99.99946893255444,980.0034519383962,-0.0005310674455643039,0.0034519383962106076,0.0034925508332694683,-0.40609805831761564,0.21655030497608926,-0.40609828241559626,0.21655195126431226,1.661470679274461e-06,60.0,10.0,2.0,2.0,5.0,0.367600005120039,2720.34816668039,1,0
exp00,8,bottom-left,2D Gaussian Fitting,50,100.0,980.0,100.00066245510443,979.9995313729039,0.0006624551044325244,-0.00046862709609740705,0.0008114543243987275,-0.40609805831761564,0.21655030497608926,-0.40609777877707043,0.2165500814797524,3.579015632886112e-07,60.0,10.0,2.0,2.0,5.0,3.9106999756768346,255.70869824319047,1,0
exp00,9,bottom-right,Intensity-Weighted Centroid,51,1820.0,980.0,1819.9978723404256,980.0007978723404,-0.0021276595743984217,0.0007978723403994081,0.0022723414215526025,0.40609805831761564,0.21655030497608926,0.40609716049484756,0.2165506854951057,9.751309885055158e-07,60.0,10.0,2.0,2.0,5.0,0.45659998431801796,2190.1008198535296,1,0
exp00,10,bottom-right,2D Gaussian Fitting,52,1820.0,980.0,1820.0002148861258,980.0000760149666,0.0002148861258319812,7.601496656661766e-05,0.000227934907851347,0.40609805831761564,0.21655030497608926,0.4060981489945156,0.21655034122893455,9.765535813499838e-08,60.0,10.0,2.0,2.0,5.0,3.4562000073492527,289.335107306754,1,0
exp00,11,subpixel_1,Intensity-Weighted Centroid,53,923.37,511.82,923.3713450292398,511.81951089845825,0.0013450292398147212,-0.0004891015417456401,0.0014311966930141116,-0.018312952555591476,-0.014089067690741568,-0.018312280266475432,-0.014089312192971036,7.153698314618515e-07,60.0,10.0,2.0,2.0,5.0,0.45029993634670973,2220.742041655647,1,0
exp00,12,subpixel_1,2D Gaussian Fitting,54,923.37,511.82,923.3693481777386,511.8215525504995,-0.0006518222613749458,0.0015525504995252959,0.0016838305478878194,-0.018312952555591476,-0.014089067690741568,-0.018313278357433502,-0.014088291569565179,8.417309075395138e-07,60.0,10.0,2.0,2.0,5.0,3.610100015066564,277.0006359454176,1,0
exp00,13,subpixel_2,Intensity-Weighted Centroid,55,100.13,100.72,100.13145290047898,100.73124002128792,0.0014529004789807232,0.011240021287918012,0.011333534239356782,-0.40604320007369404,-0.21620689865824394,-0.4060425869546952,-0.21620153728299701,5.396319064427342e-06,60.0,10.0,2.0,2.0,5.0,0.45409996528178453,2202.158283318665,1,0
exp00,14,subpixel_2,2D Gaussian Fitting,56,100.13,100.72,100.13065550015355,100.72167808816404,0.0006555001535559768,0.001678088164041469,0.0018015716298854113,-0.40604320007369404,-0.21620689865824394,-0.40604292345492654,-0.21620609822814676,8.468803238941037e-07,60.0,10.0,2.0,2.0,5.0,4.674299969337881,213.93577788326047,1,0
exp00,15,subpixel_3,Intensity-Weighted Centroid,57,250.47,400.21,250.37650793650795,400.1695238095238,-0.09349206349205019,-0.040476190476169904,0.10187780882736305,-0.34091348524732606,-0.06978151286201802,-0.3409550049901718,-0.06980165254017323,4.614645904259929e-05,60.0,10.0,2.0,2.0,5.0,0.35340001340955496,2829.654674747001,1,0
exp00,16,subpixel_3,2D Gaussian Fitting,58,250.47,400.21,250.4694095876179,400.2088881995981,-0.0005904123821096618,-0.0011118004018726424,0.001258843482944792,-0.34091348524732606,-0.06978151286201802,-0.34091374745278163,-0.06978206605965494,6.121922299619503e-07,60.0,10.0,2.0,2.0,5.0,3.0831999611109495,324.3383538574243,1,0
exp00,17,subpixel_4,Intensity-Weighted Centroid,59,500.91,321.37,500.92478813559325,321.28898305084743,0.014788135593221341,-0.08101694915256985,0.08235554021626953,-0.2256362052608661,-0.10888266589373632,-0.2256291812810172,-0.10892269584238258,4.064151918346427e-05,60.0,10.0,2.0,2.0,5.0,0.355200027115643,2815.3151003967364,1,0
exp00,18,subpixel_4,2D Gaussian Fitting,60,500.91,321.37,500.9112742288144,321.3713690807092,0.0012742288143954283,0.0013690807091961688,0.0018703050712995095,-0.2256362052608661,-0.10888266589373632,-0.22563560003620667,-0.10888198943683497,9.076843216618487e-07,60.0,10.0,2.0,2.0,5.0,3.213200019672513,311.2162311333234,1,0
exp00,19,subpixel_5,Intensity-Weighted Centroid,61,1432.85,789.14,1432.8861616589081,789.1093948370715,0.03616165890821321,-0.030605162928509344,0.047374482296638966,0.23216195405823398,0.12393158754867623,0.23217907766026102,0.1239165187710317,2.2809774354009592e-05,60.0,10.0,2.0,2.0,5.0,0.49430003855377436,2023.0627594644848,1,0
exp00,20,subpixel_5,2D Gaussian Fitting,62,1432.85,789.14,1432.8501958367365,789.1424087011051,0.00019583673656597966,0.0024087011050824003,0.002416649134858842,0.23216195405823398,0.12393158754867623,0.2321620467930239,0.12393277349589558,1.189567378658912e-06,60.0,10.0,2.0,2.0,5.0,4.5492000645026565,219.81886613494663,1,0
