configured_snr_db,noise_sigma_configured,measured_noise_sigma_raw,measured_snr_raw_db,diff_raw_db,measured_noise_sigma_sensor,measured_snr_sensor_db,diff_sensor_db
0.0,150.0,150.1444318947222,-0.00835943939847163,0.00835943939847163,90.28716958599578,4.409304410481559,4.409304410481559
3.0,106.19186765762069,106.13619203672609,3.004555142739031,0.004555142739031126,65.17891719184783,7.239682354791194,4.239682354791194
5.0,84.35119877855236,84.3410952836572,5.0010404487319455,0.0010404487319455313,52.38618319443399,9.137490034441601,4.137490034441601
7.0,67.00253882264447,66.97916218751412,7.003030964279167,0.0030309642791666036,43.115142732783724,10.82922861767443,3.8292286176744295
10.0,47.434164902525694,47.42918678537089,10.000911613926394,0.0009116139263944945,30.83267084175468,13.741602249609201,3.741602249609201
15.0,26.674191150583844,26.67019244623952,15.001302191621805,0.0013021916218054486,18.883037402510446,18.00038811381032,3.0003881138103203
20.0,15.0,15.021191321744109,19.987737627694216,0.012262372305784197,11.858742567833499,22.04105235299845,2.041052352998449
25.0,8.435119877855236,8.433825391756358,25.00133307248737,0.0013330724873696909,7.621769340407061,25.880709151756164,0.8807091517561645
30.0,4.743416490252569,4.747431144661919,29.9926516895949,0.007348310405099312,4.627561103781939,30.214781940620767,0.2147819406207674
40.0,1.5,1.501728501017979,39.98999671640137,0.010003283598628343,1.4905196356165071,40.05507114792745,0.055071147927449715
50.0,0.4743416490252569,0.4741180161229231,50.004096011283316,0.004096011283316159,0.47688153501751884,49.953615045929745,0.046384954070255446
